time,symbol,signal,action,price,equity,lots,sl_pips,tp_pips,order_result
2025-12-01 00:40:17.398723,USDJPYm,1,BUY,155.723,9999.15,0.01,20,40,"{'retcode': 0, 'comment': 'DRY_RUN'}"
2025-12-01 00:40:47.422293,USDJPYm,1,BUY,155.725,9999.15,0.01,20,40,"{'retcode': 0, 'comment': 'DRY_RUN'}"
2025-12-01 00:41:17.439967,USDJPYm,1,BUY,155.707,9999.15,0.01,20,40,"{'retcode': 0, 'comment': 'DRY_RUN'}"
2025-12-01 00:41:47.459029,USDJPYm,1,BUY,155.699,9999.15,0.01,20,40,"{'retcode': 0, 'comment': 'DRY_RUN'}"
2025-12-01 00:42:17.476103,USDJPYm,1,BUY,155.711,9999.15,0.01,20,40,"{'retcode': 0, 'comment': 'DRY_RUN'}"
2025-12-01 00:42:47.497227,USDJPYm,1,BUY,155.723,9999.15,0.01,20,40,"{'retcode': 0, 'comment': 'DRY_RUN'}"
2025-12-01 00:43:17.517405,USDJPYm,1,BUY,155.731,9999.15,0.01,20,40,"{'retcode': 0, 'comment': 'DRY_RUN'}"
2025-12-01 00:43:47.540449,USDJPYm,1,BUY,155.728,9999.15,0.01,20,40,"{'retcode': 0, 'comment': 'DRY_RUN'}"
2025-12-01 00:44:17.560517,USDJPYm,1,BUY,155.738,9999.15,0.01,20,40,"{'retcode': 0, 'comment': 'DRY_RUN'}"
2025-12-01 00:44:47.578252,USDJPYm,1,BUY,155.729,9999.15,0.01,20,40,"{'retcode': 0, 'comment': 'DRY_RUN'}"
2025-12-01 00:45:17.596677,USDJPYm,1,BUY,155.724,9999.15,0.01,20,40,"{'retcode': 0, 'comment': 'DRY_RUN'}"
2025-12-01 00:45:47.613382,USDJPYm,1,BUY,155.718,9999.15,0.01,20,40,"{'retcode': 0, 'comment': 'DRY_RUN'}"
2025-12-01 00:46:17.632825,USDJPYm,1,BUY,155.718,9999.15,0.01,20,40,"{'retcode': 0, 'comment': 'DRY_RUN'}"
2025-12-01 00:46:47.651434,USDJPYm,1,BUY,155.713,9999.15,0.01,20,40,"{'retcode': 0, 'comment': 'DRY_RUN'}"
2025-12-01 00:47:17.670168,USDJPYm,1,BUY,155.703,9999.15,0.01,20,40,"{'retcode': 0, 'comment': 'DRY_RUN'}"
2025-12-01 00:47:47.688706,USDJPYm,1,BUY,155.698,9999.15,0.01,20,40,"{'retcode': 0, 'comment': 'DRY_RUN'}"
2025-12-01 00:48:17.707201,USDJPYm,1,BUY,155.704,9999.15,0.01,20,40,"{'retcode': 0, 'comment': 'DRY_RUN'}"
2025-12-01 00:48:47.724028,USDJPYm,1,BUY,155.697,9999.15,0.01,20,40,"{'retcode': 0, 'comment': 'DRY_RUN'}"
2025-12-01 00:49:17.741538,USDJPYm,1,BUY,155.706,9999.15,0.01,20,40,"{'retcode': 0, 'comment': 'DRY_RUN'}"
2025-12-01 00:49:47.761447,USDJPYm,1,BUY,155.714,9999.15,0.01,20,40,"{'retcode': 0, 'comment': 'DRY_RUN'}"
2025-12-01 00:50:17.779520,USDJPYm,1,BUY,155.721,9999.15,0.01,20,40,"{'retcode': 0, 'comment': 'DRY_RUN'}"
2025-12-01 00:50:47.794594,USDJPYm,1,BUY,155.722,9999.15,0.01,20,40,"{'retcode': 0, 'comment': 'DRY_RUN'}"
2025-12-01 00:51:17.811895,USDJPYm,1,BUY,155.694,9999.15,0.01,20,40,"{'retcode': 0, 'comment': 'DRY_RUN'}"
2025-12-01 00:51:47.827930,USDJPYm,1,BUY,155.717,9999.15,0.01,20,40,"{'retcode': 0, 'comment': 'DRY_RUN'}"
2025-12-01 00:52:17.846664,USDJPYm,1,BUY,155.741,9999.15,0.01,20,40,"{'retcode': 0, 'comment': 'DRY_RUN'}"
2025-12-01 00:52:47.868077,USDJPYm,1,BUY,155.766,9999.15,0.01,20,40,"{'retcode': 0, 'comment': 'DRY_RUN'}"
2025-12-01 00:53:17.885032,USDJPYm,1,BUY,155.782,9999.15,0.01,20,40,"{'retcode': 0, 'comment': 'DRY_RUN'}"
2025-12-01 00:53:47.901344,USDJPYm,1,BUY,155.779,9999.15,0.01,20,40,"{'retcode': 0, 'comment': 'DRY_RUN'}"
2025-12-01 00:54:17.921760,USDJPYm,1,BUY,155.802,9999.15,0.01,20,40,"{'retcode': 0, 'comment': 'DRY_RUN'}"
2025-12-01 00:54:47.940618,USDJPYm,1,BUY,155.8,9999.15,0.01,20,40,"{'retcode': 0, 'comment': 'DRY_RUN'}"
2025-12-01 00:55:17.961420,USDJPYm,-1,SELL,155.805,9999.15,0.01,20,40,"{'retcode': 0, 'comment': 'DRY_RUN'}"
2025-12-01 00:55:47.979421,USDJPYm,-1,SELL,155.79,9999.15,0.01,20,40,"{'retcode': 0, 'comment': 'DRY_RUN'}"
2025-12-01 00:56:17.997507,USDJPYm,-1,SELL,155.785,9999.15,0.01,20,40,"{'retcode': 0, 'comment': 'DRY_RUN'}"
2025-12-01 00:56:48.014942,USDJPYm,-1,SELL,155.783,9999.15,0.01,20,40,"{'retcode': 0, 'comment': 'DRY_RUN'}"
2025-12-01 00:57:18.032739,USDJPYm,-1,SELL,155.78,9999.15,0.01,20,40,"{'retcode': 0, 'comment': 'DRY_RUN'}"
2025-12-01 00:57:48.050888,USDJPYm,-1,SELL,155.846,9999.15,0.01,20,40,"{'retcode': 0, 'comment': 'DRY_RUN'}"
2025-12-01 00:58:18.071161,USDJPYm,-1,SELL,155.832,9999.15,0.01,20,40,"{'retcode': 0, 'comment': 'DRY_RUN'}"
2025-12-01 00:58:48.094603,USDJPYm,-1,SELL,155.837,9999.15,0.01,20,40,"{'retcode': 0, 'comment': 'DRY_RUN'}"
2025-12-01 00:59:18.120113,USDJPYm,-1,SELL,155.844,9999.15,0.01,20,40,"{'retcode': 0, 'comment': 'DRY_RUN'}"
2025-12-01 00:59:48.139269,USDJPYm,-1,SELL,155.819,9999.15,0.01,20,40,"{'retcode': 0, 'comment': 'DRY_RUN'}"
2025-12-01 01:00:18.160240,USDJPYm,-1,SELL,155.825,9999.15,0.01,20,40,"{'retcode': 0, 'comment': 'DRY_RUN'}"
2025-12-01 01:00:48.180955,USDJPYm,-1,SELL,155.848,9999.15,0.01,20,40,"{'retcode': 0, 'comment': 'DRY_RUN'}"
2025-12-01 01:01:18.202292,USDJPYm,-1,SELL,155.84,9999.15,0.01,20,40,"{'retcode': 0, 'comment': 'DRY_RUN'}"
2025-12-01 01:01:48.230579,USDJPYm,-1,SELL,155.815,9999.15,0.01,20,40,"{'retcode': 0, 'comment': 'DRY_RUN'}"
2025-12-01 01:02:18.253575,USDJPYm,-1,SELL,155.821,9999.15,0.01,20,40,"{'retcode': 0, 'comment': 'DRY_RUN'}"
2025-12-01 01:02:48.271610,USDJPYm,-1,SELL,155.809,9999.15,0.01,20,40,"{'retcode': 0, 'comment': 'DRY_RUN'}"
2025-12-01 01:03:18.290641,USDJPYm,-1,SELL,155.821,9999.15,0.01,20,40,"{'retcode': 0, 'comment': 'DRY_RUN'}"
2025-12-01 01:03:48.308225,USDJPYm,-1,SELL,155.844,9999.15,0.01,20,40,"{'retcode': 0, 'comment': 'DRY_RUN'}"
2025-12-01 01:04:18.329607,USDJPYm,-1,SELL,155.831,9999.15,0.01,20,40,"{'retcode': 0, 'comment': 'DRY_RUN'}"
2025-12-01 01:04:48.348979,USDJPYm,-1,SELL,155.812,9999.15,0.01,20,40,"{'retcode': 0, 'comment': 'DRY_RUN'}"
2025-12-01 01:05:18.368273,USDJPYm,-1,SELL,155.768,9999.15,0.01,20,40,"{'retcode': 0, 'comment': 'DRY_RUN'}"
2025-12-01 01:05:48.391198,USDJPYm,-1,SELL,155.902,9999.15,0.01,20,40,"{'retcode': 0, 'comment': 'DRY_RUN'}"
2025-12-01 01:06:18.410363,USDJPYm,-1,SELL,155.911,9999.15,0.01,20,40,"{'retcode': 0, 'comment': 'DRY_RUN'}"
2025-12-01 01:06:48.429556,USDJPYm,-1,SELL,155.779,9999.15,0.01,20,40,"{'retcode': 0, 'comment': 'DRY_RUN'}"
2025-12-01 01:07:18.450496,USDJPYm,-1,SELL,155.741,9999.15,0.01,20,40,"{'retcode': 0, 'comment': 'DRY_RUN'}"
2025-12-01 01:07:48.473361,USDJPYm,-1,SELL,155.735,9999.15,0.01,20,40,"{'retcode': 0, 'comment': 'DRY_RUN'}"
2025-12-01 01:08:18.491946,USDJPYm,1,BUY,155.647,9999.15,0.01,20,40,"{'retcode': 0, 'comment': 'DRY_RUN'}"
2025-12-01 01:08:48.512705,USDJPYm,1,BUY,155.6,9999.15,0.01,20,40,"{'retcode': 0, 'comment': 'DRY_RUN'}"
2025-12-01 01:09:18.535189,USDJPYm,1,BUY,155.579,9999.15,0.01,20,40,"{'retcode': 0, 'comment': 'DRY_RUN'}"
2025-12-01 01:09:48.559056,USDJPYm,1,BUY,155.533,9999.15,0.01,20,40,"{'retcode': 0, 'comment': 'DRY_RUN'}"
2025-12-01 01:10:18.578409,USDJPYm,1,BUY,155.512,9999.15,0.01,20,40,"{'retcode': 0, 'comment': 'DRY_RUN'}"
2025-12-01 01:10:48.595698,USDJPYm,-1,SELL,155.545,9999.15,0.01,20,40,"{'retcode': 0, 'comment': 'DRY_RUN'}"
2025-12-01 01:11:18.612503,USDJPYm,-1,SELL,155.6,9999.15,0.01,20,40,"{'retcode': 0, 'comment': 'DRY_RUN'}"
2025-12-01 01:11:48.635464,USDJPYm,-1,SELL,155.635,9999.15,0.01,20,40,"{'retcode': 0, 'comment': 'DRY_RUN'}"
2025-12-01 01:12:18.664552,USDJPYm,-1,SELL,155.62,9999.15,0.01,20,40,"{'retcode': 0, 'comment': 'DRY_RUN'}"
2025-12-01 01:12:48.690723,USDJPYm,-1,SELL,155.556,9999.15,0.01,20,40,"{'retcode': 0, 'comment': 'DRY_RUN'}"
2025-12-01 01:13:18.715898,USDJPYm,1,BUY,155.527,9999.15,0.01,20,40,"{'retcode': 0, 'comment': 'DRY_RUN'}"
2025-12-01 01:13:48.732295,USDJPYm,-1,SELL,155.568,9999.15,0.01,20,40,"{'retcode': 0, 'comment': 'DRY_RUN'}"
2025-12-01 01:14:18.749369,USDJPYm,-1,SELL,155.616,9999.15,0.01,20,40,"{'retcode': 0, 'comment': 'DRY_RUN'}"
2025-12-01 01:14:48.765900,USDJPYm,-1,SELL,155.614,9999.15,0.01,20,40,"{'retcode': 0, 'comment': 'DRY_RUN'}"
2025-12-01 01:15:18.783386,USDJPYm,-1,SELL,155.667,9999.15,0.01,20,40,"{'retcode': 0, 'comment': 'DRY_RUN'}"
2025-12-01 01:15:48.800850,USDJPYm,-1,SELL,155.578,9999.15,0.01,20,40,"{'retcode': 0, 'comment': 'DRY_RUN'}"
2025-12-01 01:16:18.817477,USDJPYm,-1,SELL,155.6,9999.15,0.01,20,40,"{'retcode': 0, 'comment': 'DRY_RUN'}"
2025-12-01 01:16:48.834793,USDJPYm,-1,SELL,155.649,9999.15,0.01,20,40,"{'retcode': 0, 'comment': 'DRY_RUN'}"
2025-12-01 01:17:18.854869,USDJPYm,-1,SELL,155.639,9999.15,0.01,20,40,"{'retcode': 0, 'comment': 'DRY_RUN'}"
2025-12-01 01:17:48.873738,USDJPYm,-1,SELL,155.6,9999.15,0.01,20,40,"{'retcode': 0, 'comment': 'DRY_RUN'}"
2025-12-01 01:18:18.888488,USDJPYm,-1,SELL,155.648,9999.15,0.01,20,40,"{'retcode': 0, 'comment': 'DRY_RUN'}"
2025-12-01 01:18:48.904206,USDJPYm,-1,SELL,155.634,9999.15,0.01,20,40,"{'retcode': 0, 'comment': 'DRY_RUN'}"
2025-12-01 01:19:18.924502,USDJPYm,-1,SELL,155.629,9999.15,0.01,20,40,"{'retcode': 0, 'comment': 'DRY_RUN'}"
2025-12-01 01:19:48.944792,USDJPYm,-1,SELL,155.624,9999.15,0.01,20,40,"{'retcode': 0, 'comment': 'DRY_RUN'}"
2025-12-01 01:20:18.963687,USDJPYm,-1,SELL,155.605,9999.15,0.01,20,40,"{'retcode': 0, 'comment': 'DRY_RUN'}"
2025-12-01 01:20:48.982489,USDJPYm,-1,SELL,155.625,9999.15,0.01,20,40,"{'retcode': 0, 'comment': 'DRY_RUN'}"
2025-12-01 01:21:19.002593,USDJPYm,-1,SELL,155.604,9999.15,0.01,20,40,"{'retcode': 0, 'comment': 'DRY_RUN'}"
2025-12-01 10:46:33.085405,USDJPYm,-1,SELL,155.774,9999.15,0.01,20,40,"{'retcode': 0, 'comment': 'DRY_RUN'}"
2025-12-01 10:47:03.125249,USDJPYm,-1,SELL,155.286,9999.15,0.01,20,40,"{'retcode': 0, 'comment': 'DRY_RUN'}"
2025-12-01 10:47:33.144360,USDJPYm,-1,SELL,155.287,9999.15,0.01,20,40,"{'retcode': 0, 'comment': 'DRY_RUN'}"
2025-12-01 10:48:03.167488,USDJPYm,-1,SELL,155.299,9999.15,0.01,20,40,"{'retcode': 0, 'comment': 'DRY_RUN'}"
2025-12-01 10:48:33.189555,USDJPYm,-1,SELL,155.288,9999.15,0.01,20,40,"{'retcode': 0, 'comment': 'DRY_RUN'}"
2025-12-01 10:49:03.208909,USDJPYm,-1,SELL,155.267,9999.15,0.01,20,40,"{'retcode': 0, 'comment': 'DRY_RUN'}"
2025-12-01 10:49:33.230600,USDJPYm,-1,SELL,155.24,9999.15,0.01,20,40,"{'retcode': 0, 'comment': 'DRY_RUN'}"
2025-12-01 10:50:03.255643,USDJPYm,-1,SELL,155.247,9999.15,0.01,20,40,"{'retcode': 0, 'comment': 'DRY_RUN'}"
2025-12-01 10:50:33.274356,USDJPYm,-1,SELL,155.22,9999.15,0.01,20,40,"{'retcode': 0, 'comment': 'DRY_RUN'}"
2025-12-01 10:51:03.293016,USDJPYm,-1,SELL,155.207,9999.15,0.01,20,40,"{'retcode': 0, 'comment': 'DRY_RUN'}"
2025-12-01 10:51:33.323472,USDJPYm,-1,SELL,155.218,9999.15,0.01,20,40,"{'retcode': 0, 'comment': 'DRY_RUN'}"
2025-12-01 10:52:03.340473,USDJPYm,-1,SELL,155.209,9999.15,0.01,20,40,"{'retcode': 0, 'comment': 'DRY_RUN'}"
2025-12-01 10:52:33.355696,USDJPYm,-1,SELL,155.216,9999.15,0.01,20,40,"{'retcode': 0, 'comment': 'DRY_RUN'}"
2025-12-01 10:53:03.371755,USDJPYm,-1,SELL,155.224,9999.15,0.01,20,40,"{'retcode': 0, 'comment': 'DRY_RUN'}"
2025-12-01 10:53:33.387298,USDJPYm,-1,SELL,155.217,9999.15,0.01,20,40,"{'retcode': 0, 'comment': 'DRY_RUN'}"
2025-12-01 10:54:16.200352,USDJPYm,-1,SELL,155.218,9999.15,0.01,20,40,"{'retcode': 0, 'comment': 'DRY_RUN'}"
2025-12-01 10:54:46.242197,USDJPYm,-1,SELL,155.204,9999.15,0.01,20,40,"{'retcode': 0, 'comment': 'DRY_RUN'}"
2025-12-01 10:55:16.267752,USDJPYm,-1,SELL,155.226,9999.15,0.01,20,40,"{'retcode': 0, 'comment': 'DRY_RUN'}"
2025-12-01 10:55:46.296221,USDJPYm,-1,SELL,155.237,9999.15,0.01,20,40,"{'retcode': 0, 'comment': 'DRY_RUN'}"
2025-12-01 10:56:16.318906,USDJPYm,-1,SELL,155.24,9999.15,0.01,20,40,"{'retcode': 0, 'comment': 'DRY_RUN'}"
2025-12-01 10:56:46.337160,USDJPYm,-1,SELL,155.24,9999.15,0.01,20,40,"{'retcode': 0, 'comment': 'DRY_RUN'}"
2025-12-01 10:57:16.360503,USDJPYm,-1,SELL,155.242,9999.15,0.01,20,40,"{'retcode': 0, 'comment': 'DRY_RUN'}"
2025-12-01 10:57:46.382725,USDJPYm,-1,SELL,155.239,9999.15,0.01,20,40,"{'retcode': 0, 'comment': 'DRY_RUN'}"
2025-12-01 10:58:05.151494,USDJPYm,-1,SELL,155.24,9999.15,0.01,20,40,"OrderSendResult(retcode=10009, deal=1575094396, order=2014029404, volume=0.01, price=155.24, bid=155.24, ask=155.25, comment='Phase4_Bot', request_id=3468251314, retcode_external=0, request=TradeRequest(action=1, magic=234000, order=0, symbol='USDJPYm', volume=0.01, price=155.24, stoplimit=0.0, sl=155.44, tp=154.84, deviation=20, type=1, type_filling=0, type_time=0, expiration=0, comment='Phase4_Bot', position=0, position_by=0))"
2025-12-01 10:58:16.406227,USDJPYm,-1,SELL,155.242,9999.06,0.01,20,40,"{'retcode': 0, 'comment': 'DRY_RUN'}"
2025-12-01 10:58:35.384839,USDJPYm,-1,SELL,155.25,9999.02,0.01,20,40,"OrderSendResult(retcode=10009, deal=1575095976, order=2014031237, volume=0.01, price=155.25, bid=155.25, ask=155.26, comment='Phase4_Bot', request_id=3468251315, retcode_external=0, request=TradeRequest(action=1, magic=234000, order=0, symbol='USDJPYm', volume=0.01, price=155.25, stoplimit=0.0, sl=155.45, tp=154.85, deviation=20, type=1, type_filling=0, type_time=0, expiration=0, comment='Phase4_Bot', position=0, position_by=0))"
2025-12-01 10:58:46.426862,USDJPYm,-1,SELL,155.26,9998.83,0.01,20,40,"{'retcode': 0, 'comment': 'DRY_RUN'}"
2025-12-01 10:59:05.629557,USDJPYm,-1,SELL,155.264,9998.78,0.01,20,40,"OrderSendResult(retcode=10009, deal=1575097245, order=2014032632, volume=0.01, price=155.264, bid=155.264, ask=155.274, comment='Phase4_Bot', request_id=3468251316, retcode_external=0, request=TradeRequest(action=1, magic=234000, order=0, symbol='USDJPYm', volume=0.01, price=155.264, stoplimit=0.0, sl=155.464, tp=154.864, deviation=20, type=1, type_filling=0, type_time=0, expiration=0, comment='Phase4_Bot', position=0, position_by=0))"
2025-12-01 10:59:16.443210,USDJPYm,-1,SELL,155.242,9999.14,0.01,20,40,"{'retcode': 0, 'comment': 'DRY_RUN'}"
2025-12-01 10:59:35.840077,USDJPYm,-1,SELL,155.252,9998.94,0.01,20,40,"OrderSendResult(retcode=10009, deal=1575098466, order=2014034090, volume=0.01, price=155.252, bid=155.252, ask=155.262, comment='Phase4_Bot', request_id=3468251317, retcode_external=0, request=TradeRequest(action=1, magic=234000, order=0, symbol='USDJPYm', volume=0.01, price=155.252, stoplimit=0.0, sl=155.452, tp=154.852, deviation=20, type=1, type_filling=0, type_time=0, expiration=0, comment='Phase4_Bot', position=0, position_by=0))"
2025-12-01 10:59:46.459642,USDJPYm,-1,SELL,155.26,9998.67,0.01,20,40,"{'retcode': 0, 'comment': 'DRY_RUN'}"
2025-12-01 11:00:06.078105,USDJPYm,-1,SELL,155.242,9999.14,0.01,20,40,"OrderSendResult(retcode=10009, deal=1575101132, order=2014036888, volume=0.01, price=155.242, bid=155.242, ask=155.25199999999998, comment='Phase4_Bot', request_id=3468251318, retcode_external=0, request=TradeRequest(action=1, magic=234000, order=0, symbol='USDJPYm', volume=0.01, price=155.242, stoplimit=0.0, sl=155.44199999999998, tp=154.84199999999998, deviation=20, type=1, type_filling=0, type_time=0, expiration=0, comment='Phase4_Bot', position=0, position_by=0))"
2025-12-01 11:00:16.478164,USDJPYm,-1,SELL,155.24,9999.14,0.01,20,40,"{'retcode': 0, 'comment': 'DRY_RUN'}"
2025-12-01 11:00:36.331392,USDJPYm,-1,SELL,155.252,9998.75,0.01,20,40,"OrderSendResult(retcode=10009, deal=1575104318, order=2014040370, volume=0.01, price=155.252, bid=155.252, ask=155.262, comment='Phase4_Bot', request_id=3468251319, retcode_external=0, request=TradeRequest(action=1, magic=234000, order=0, symbol='USDJPYm', volume=0.01, price=155.252, stoplimit=0.0, sl=155.452, tp=154.852, deviation=20, type=1, type_filling=0, type_time=0, expiration=0, comment='Phase4_Bot', position=0, position_by=0))"
2025-12-01 11:00:46.495602,USDJPYm,-1,SELL,155.254,9998.61,0.01,20,40,"{'retcode': 0, 'comment': 'DRY_RUN'}"
2025-12-01 11:01:06.656662,USDJPYm,-1,SELL,155.251,9998.72,0.01,20,40,"OrderSendResult(retcode=10009, deal=1575105957, order=2014042290, volume=0.01, price=155.251, bid=155.251, ask=155.261, comment='Phase4_Bot', request_id=3468251320, retcode_external=0, request=TradeRequest(action=1, magic=234000, order=0, symbol='USDJPYm', volume=0.01, price=155.251, stoplimit=0.0, sl=155.451, tp=154.851, deviation=20, type=1, type_filling=0, type_time=0, expiration=0, comment='Phase4_Bot', position=0, position_by=0))"
2025-12-01 11:01:16.511047,USDJPYm,-1,SELL,155.258,9998.34,0.01,20,40,"{'retcode': 0, 'comment': 'DRY_RUN'}"
2025-12-01 11:01:36.876648,USDJPYm,-1,SELL,155.252,9998.62,0.01,20,40,"OrderSendResult(retcode=10009, deal=1575107762, order=2014044328, volume=0.01, price=155.252, bid=155.252, ask=155.262, comment='Phase4_Bot', request_id=3468251321, retcode_external=0, request=TradeRequest(action=1, magic=234000, order=0, symbol='USDJPYm', volume=0.01, price=155.252, stoplimit=0.0, sl=155.452, tp=154.852, deviation=20, type=1, type_filling=0, type_time=0, expiration=0, comment='Phase4_Bot', position=0, position_by=0))"
2025-12-01 11:01:46.528138,USDJPYm,-1,SELL,155.257,9998.29,0.01,20,40,"{'retcode': 0, 'comment': 'DRY_RUN'}"
2025-12-01 11:02:07.084855,USDJPYm,-1,SELL,155.256,9998.35,0.01,20,40,"OrderSendResult(retcode=10009, deal=1575108895, order=2014045720, volume=0.01, price=155.256, bid=155.256, ask=155.266, comment='Phase4_Bot', request_id=3468251322, retcode_external=0, request=TradeRequest(action=1, magic=234000, order=0, symbol='USDJPYm', volume=0.01, price=155.256, stoplimit=0.0, sl=155.456, tp=154.856, deviation=20, type=1, type_filling=0, type_time=0, expiration=0, comment='Phase4_Bot', position=0, position_by=0))"
2025-12-01 11:02:16.545292,USDJPYm,-1,SELL,155.264,9997.82,0.01,20,40,"{'retcode': 0, 'comment': 'DRY_RUN'}"
2025-12-01 11:02:37.341174,USDJPYm,-1,SELL,155.253,9998.45,0.01,20,40,"OrderSendResult(retcode=10009, deal=1575110546, order=2014047528, volume=0.01, price=155.25300000000001, bid=155.25300000000001, ask=155.263, comment='Phase4_Bot', request_id=3468251323, retcode_external=0, request=TradeRequest(action=1, magic=234000, order=0, symbol='USDJPYm', volume=0.01, price=155.253, stoplimit=0.0, sl=155.45299999999997, tp=154.85299999999998, deviation=20, type=1, type_filling=0, type_time=0, expiration=0, comment='Phase4_Bot', position=0, position_by=0))"
2025-12-01 11:02:46.562108,USDJPYm,-1,SELL,155.265,9997.62,0.01,20,40,"{'retcode': 0, 'comment': 'DRY_RUN'}"
2025-12-01 11:03:07.567359,USDJPYm,-1,SELL,155.261,9997.86,0.01,20,40,"OrderSendResult(retcode=10009, deal=1575111973, order=2014049221, volume=0.01, price=155.261, bid=155.261, ask=155.271, comment='Phase4_Bot', request_id=3468251324, retcode_external=0, request=TradeRequest(action=1, magic=234000, order=0, symbol='USDJPYm', volume=0.01, price=155.261, stoplimit=0.0, sl=155.46099999999998, tp=154.861, deviation=20, type=1, type_filling=0, type_time=0, expiration=0, comment='Phase4_Bot', position=0, position_by=0))"
2025-12-01 11:03:16.581676,USDJPYm,-1,SELL,155.263,9997.65,0.01,20,40,"{'retcode': 0, 'comment': 'DRY_RUN'}"
2025-12-01 11:03:37.799952,USDJPYm,-1,SELL,155.263,9997.65,0.01,20,40,"OrderSendResult(retcode=10009, deal=1575114233, order=2014051671, volume=0.01, price=155.263, bid=155.263, ask=155.273, comment='Phase4_Bot', request_id=3468251325, retcode_external=0, request=TradeRequest(action=1, magic=234000, order=0, symbol='USDJPYm', volume=0.01, price=155.263, stoplimit=0.0, sl=155.463, tp=154.863, deviation=20, type=1, type_filling=0, type_time=0, expiration=0, comment='Phase4_Bot', position=0, position_by=0))"
2025-12-01 11:03:46.597274,USDJPYm,-1,SELL,155.273,9996.84,0.01,20,40,"{'retcode': 0, 'comment': 'DRY_RUN'}"
2025-12-01 11:04:08.051916,USDJPYm,-1,SELL,155.261,9997.75,0.01,20,40,"OrderSendResult(retcode=10009, deal=1575116267, order=2014053890, volume=0.01, price=155.261, bid=155.261, ask=155.271, comment='Phase4_Bot', request_id=3468251326, retcode_external=0, request=TradeRequest(action=1, magic=234000, order=0, symbol='USDJPYm', volume=0.01, price=155.261, stoplimit=0.0, sl=155.46099999999998, tp=154.861, deviation=20, type=1, type_filling=0, type_time=0, expiration=0, comment='Phase4_Bot', position=0, position_by=0))"
2025-12-01 11:04:16.612619,USDJPYm,-1,SELL,155.261,9997.69,0.01,20,40,"{'retcode': 0, 'comment': 'DRY_RUN'}"
2025-12-01 11:04:38.330325,USDJPYm,-1,SELL,155.259,9997.87,0.01,20,40,"OrderSendResult(retcode=10009, deal=1575118778, order=2014056621, volume=0.01, price=155.25900000000001, bid=155.25900000000001, ask=155.269, comment='Phase4_Bot', request_id=3468251327, retcode_external=0, request=TradeRequest(action=1, magic=234000, order=0, symbol='USDJPYm', volume=0.01, price=155.259, stoplimit=0.0, sl=155.45899999999997, tp=154.85899999999998, deviation=20, type=1, type_filling=0, type_time=0, expiration=0, comment='Phase4_Bot', position=0, position_by=0))"
2025-12-01 11:04:46.628724,USDJPYm,-1,SELL,155.255,9998.15,0.01,20,40,"{'retcode': 0, 'comment': 'DRY_RUN'}"
2025-12-01 11:05:08.577791,USDJPYm,-1,SELL,155.263,9997.42,0.01,20,40,"OrderSendResult(retcode=10009, deal=1575120302, order=2014058304, volume=0.01, price=155.263, bid=155.263, ask=155.273, comment='Phase4_Bot', request_id=3468251328, retcode_external=0, request=TradeRequest(action=1, magic=234000, order=0, symbol='USDJPYm', volume=0.01, price=155.263, stoplimit=0.0, sl=155.463, tp=154.863, deviation=20, type=1, type_filling=0, type_time=0, expiration=0, comment='Phase4_Bot', position=0, position_by=0))"
2025-12-01 11:05:16.648924,USDJPYm,-1,SELL,155.265,9997.18,0.01,20,40,"{'retcode': 0, 'comment': 'DRY_RUN'}"
2025-12-01 11:05:38.792355,USDJPYm,-1,SELL,155.266,9997.09,0.01,20,40,"OrderSendResult(retcode=10009, deal=1575121996, order=2014060129, volume=0.01, price=155.266, bid=155.266, ask=155.27599999999998, comment='Phase4_Bot', request_id=3468251329, retcode_external=0, request=TradeRequest(action=1, magic=234000, order=0, symbol='USDJPYm', volume=0.01, price=155.266, stoplimit=0.0, sl=155.46599999999998, tp=154.86599999999999, deviation=20, type=1, type_filling=0, type_time=0, expiration=0, comment='Phase4_Bot', position=0, position_by=0))"
2025-12-01 11:05:46.669811,USDJPYm,-1,SELL,155.263,9997.31,0.01,20,40,"{'retcode': 0, 'comment': 'DRY_RUN'}"
2025-12-01 11:06:09.049450,USDJPYm,-1,SELL,155.263,9997.31,0.01,20,40,"OrderSendResult(retcode=10009, deal=1575123466, order=2014061702, volume=0.01, price=155.263, bid=155.263, ask=155.273, comment='Phase4_Bot', request_id=3468251330, retcode_external=0, request=TradeRequest(action=1, magic=234000, order=0, symbol='USDJPYm', volume=0.01, price=155.263, stoplimit=0.0, sl=155.463, tp=154.863, deviation=20, type=1, type_filling=0, type_time=0, expiration=0, comment='Phase4_Bot', position=0, position_by=0))"
2025-12-01 11:06:16.686903,USDJPYm,-1,SELL,155.262,9997.37,0.01,20,40,"{'retcode': 0, 'comment': 'DRY_RUN'}"
2025-12-01 11:06:39.275393,USDJPYm,-1,SELL,155.255,9998.14,0.01,20,40,"OrderSendResult(retcode=10009, deal=1575125117, order=2014063619, volume=0.01, price=155.255, bid=155.255, ask=155.265, comment='Phase4_Bot', request_id=3468251331, retcode_external=0, request=TradeRequest(action=1, magic=234000, order=0, symbol='USDJPYm', volume=0.01, price=155.255, stoplimit=0.0, sl=155.45499999999998, tp=154.855, deviation=20, type=1, type_filling=0, type_time=0, expiration=0, comment='Phase4_Bot', position=0, position_by=0))"
2025-12-01 11:06:46.705268,USDJPYm,-1,SELL,155.258,9997.72,0.01,20,40,"{'retcode': 0, 'comment': 'DRY_RUN'}"
2025-12-01 11:07:09.515473,USDJPYm,-1,SELL,155.251,9998.53,0.01,20,40,"OrderSendResult(retcode=10009, deal=1575129062, order=2014067622, volume=0.01, price=155.251, bid=155.251, ask=155.261, comment='Phase4_Bot', request_id=3468251332, retcode_external=0, request=TradeRequest(action=1, magic=234000, order=0, symbol='USDJPYm', volume=0.01, price=155.251, stoplimit=0.0, sl=155.451, tp=154.851, deviation=20, type=1, type_filling=0, type_time=0, expiration=0, comment='Phase4_Bot', position=0, position_by=0))"
2025-12-01 11:07:16.721455,USDJPYm,-1,SELL,155.25,9998.6,0.01,20,40,"{'retcode': 0, 'comment': 'DRY_RUN'}"
2025-12-01 11:07:39.738939,USDJPYm,-1,SELL,155.25,9998.6,0.01,20,40,"OrderSendResult(retcode=10009, deal=1575131090, order=2014069878, volume=0.01, price=155.25, bid=155.25, ask=155.26, comment='Phase4_Bot', request_id=3468251333, retcode_external=0, request=TradeRequest(action=1, magic=234000, order=0, symbol='USDJPYm', volume=0.01, price=155.25, stoplimit=0.0, sl=155.45, tp=154.85, deviation=20, type=1, type_filling=0, type_time=0, expiration=0, comment='Phase4_Bot', position=0, position_by=0))"
2025-12-01 11:08:43.085816,USDJPYm,-1,SELL,155.25,9998.78,0.01,20,40,"{'retcode': 0, 'comment': 'DRY_RUN'}"
2025-12-01 11:08:43.085816,USDJPYm,-1,SELL,155.25,9998.78,0.01,20,40,"OrderSendResult(retcode=10031, deal=0, order=0, volume=0.0, price=0.0, bid=0.0, ask=0.0, comment='Request rejected due to absence of network connection', request_id=3468251334, retcode_external=0, request=TradeRequest(action=1, magic=234000, order=0, symbol='USDJPYm', volume=0.01, price=155.248, stoplimit=0.0, sl=155.44799999999998, tp=154.84799999999998, deviation=20, type=1, type_filling=0, type_time=0, expiration=0, comment='Phase4_Bot', position=0, position_by=0))"
2025-12-01 11:09:13.122274,USDJPYm,-1,SELL,155.27,9995.97,0.01,20,40,"{'retcode': 0, 'comment': 'DRY_RUN'}"
2025-12-01 11:09:32.386279,USDJPYm,-1,SELL,155.286,9993.89,0.01,20,40,"OrderSendResult(retcode=10009, deal=1575143135, order=2014082192, volume=0.01, price=155.286, bid=155.286, ask=155.296, comment='Phase4_Bot', request_id=3468251335, retcode_external=0, request=TradeRequest(action=1, magic=234000, order=0, symbol='USDJPYm', volume=0.01, price=155.286, stoplimit=0.0, sl=155.486, tp=154.886, deviation=20, type=1, type_filling=0, type_time=0, expiration=0, comment='Phase4_Bot', position=0, position_by=0))"
2025-12-01 11:09:43.144805,USDJPYm,-1,SELL,155.277,9995.03,0.01,20,40,"{'retcode': 0, 'comment': 'DRY_RUN'}"
2025-12-01 11:10:02.661303,USDJPYm,-1,SELL,155.285,9993.95,0.01,20,40,"OrderSendResult(retcode=10009, deal=1575144773, order=2014084038, volume=0.01, price=155.285, bid=155.285, ask=155.295, comment='Phase4_Bot', request_id=3468251336, retcode_external=0, request=TradeRequest(action=1, magic=234000, order=0, symbol='USDJPYm', volume=0.01, price=155.285, stoplimit=0.0, sl=155.48499999999999, tp=154.885, deviation=20, type=1, type_filling=0, type_time=0, expiration=0, comment='Phase4_Bot', position=0, position_by=0))"
2025-12-01 11:10:13.164232,USDJPYm,-1,SELL,155.286,9993.76,0.01,20,40,"{'retcode': 0, 'comment': 'DRY_RUN'}"
2025-12-01 11:10:32.973095,USDJPYm,-1,SELL,155.287,9993.63,0.01,20,40,"OrderSendResult(retcode=10009, deal=1575147148, order=2014086706, volume=0.01, price=155.287, bid=155.287, ask=155.297, comment='Phase4_Bot', request_id=3468251337, retcode_external=0, request=TradeRequest(action=1, magic=234000, order=0, symbol='USDJPYm', volume=0.01, price=155.287, stoplimit=0.0, sl=155.487, tp=154.887, deviation=20, type=1, type_filling=0, type_time=0, expiration=0, comment='Phase4_Bot', position=0, position_by=0))"
2025-12-01 11:10:43.186863,USDJPYm,-1,SELL,155.285,9993.84,0.01,20,40,"{'retcode': 0, 'comment': 'DRY_RUN'}"
2025-12-01 11:11:03.189233,USDJPYm,-1,SELL,155.287,9993.57,0.01,20,40,"OrderSendResult(retcode=10009, deal=1575148796, order=2014088552, volume=0.01, price=155.287, bid=155.287, ask=155.297, comment='Phase4_Bot', request_id=3468251338, retcode_external=0, request=TradeRequest(action=1, magic=234000, order=0, symbol='USDJPYm', volume=0.01, price=155.287, stoplimit=0.0, sl=155.487, tp=154.887, deviation=20, type=1, type_filling=0, type_time=0, expiration=0, comment='Phase4_Bot', position=0, position_by=0))"
2025-12-01 11:11:13.204027,USDJPYm,-1,SELL,155.287,9993.51,0.01,20,40,"{'retcode': 0, 'comment': 'DRY_RUN'}"
2025-12-01 11:11:33.422375,USDJPYm,-1,SELL,155.29,9993.03,0.01,20,40,"OrderSendResult(retcode=10009, deal=1575150783, order=2014090688, volume=0.01, price=155.29, bid=155.29, ask=155.29999999999998, comment='Phase4_Bot', request_id=3468251339, retcode_external=0, request=TradeRequest(action=1, magic=234000, order=0, symbol='USDJPYm', volume=0.01, price=155.29, stoplimit=0.0, sl=155.48999999999998, tp=154.89, deviation=20, type=1, type_filling=0, type_time=0, expiration=0, comment='Phase4_Bot', position=0, position_by=0))"
2025-12-01 11:11:43.224189,USDJPYm,-1,SELL,155.285,9993.76,0.01,20,40,"{'retcode': 0, 'comment': 'DRY_RUN'}"
2025-12-01 11:12:03.626876,USDJPYm,-1,SELL,155.273,9995.72,0.01,20,40,"OrderSendResult(retcode=10009, deal=1575152629, order=2014092740, volume=0.01, price=155.27700000000002, bid=155.27700000000002, ask=155.287, comment='Phase4_Bot', request_id=3468251340, retcode_external=0, request=TradeRequest(action=1, magic=234000, order=0, symbol='USDJPYm', volume=0.01, price=155.273, stoplimit=0.0, sl=155.47299999999998, tp=154.873, deviation=20, type=1, type_filling=0, type_time=0, expiration=0, comment='Phase4_Bot', position=0, position_by=0))"
2025-12-01 11:12:13.238724,USDJPYm,-1,SELL,155.287,9993.33,0.01,20,40,"{'retcode': 0, 'comment': 'DRY_RUN'}"
2025-12-01 11:12:33.849771,USDJPYm,-1,SELL,155.308,9989.82,0.01,20,40,"OrderSendResult(retcode=10009, deal=1575154068, order=2014094484, volume=0.01, price=155.308, bid=155.308, ask=155.31799999999998, comment='Phase4_Bot', request_id=3468251341, retcode_external=0, request=TradeRequest(action=1, magic=234000, order=0, symbol='USDJPYm', volume=0.01, price=155.308, stoplimit=0.0, sl=155.50799999999998, tp=154.908, deviation=20, type=1, type_filling=0, type_time=0, expiration=0, comment='Phase4_Bot', position=0, position_by=0))"
2025-12-01 11:12:43.254518,USDJPYm,-1,SELL,155.311,9989.23,0.01,20,40,"{'retcode': 0, 'comment': 'DRY_RUN'}"
2025-12-01 11:16:29.672042,USDJPYm,-1,SELL,155.308,9989.23,0.01,20,40,"{'retcode': 0, 'comment': 'DRY_RUN'}"
2025-12-01 11:16:29.672042,USDJPYm,-1,SELL,155.308,9989.23,0.01,20,40,"OrderSendResult(retcode=10031, deal=0, order=0, volume=0.0, price=0.0, bid=0.0, ask=0.0, comment='Request rejected due to absence of network connection', request_id=3468251342, retcode_external=0, request=TradeRequest(action=1, magic=234000, order=0, symbol='USDJPYm', volume=0.01, price=155.311, stoplimit=0.0, sl=155.511, tp=154.911, deviation=20, type=1, type_filling=0, type_time=0, expiration=0, comment='Phase4_Bot', position=0, position_by=0))"
2025-12-01 11:16:59.706064,USDJPYm,0,,155.32,9987.65,0,0,0,
2025-12-01 11:17:18.965739,USDJPYm,0,,155.322,9987.3,0,0,0,
2025-12-01 11:17:29.723710,USDJPYm,0,,155.324,9986.95,0,0,0,
2025-12-01 11:17:48.985225,USDJPYm,0,,155.323,9987.13,0,0,0,
2025-12-01 11:17:59.742196,USDJPYm,0,,155.333,9985.36,0,0,0,
2025-12-01 11:18:19.015833,USDJPYm,0,,155.333,9985.36,0,0,0,
2025-12-01 11:23:04.008501,USDJPYm,0,,155.294,9992.19,0,0,0,
2025-12-01 11:23:34.031602,USDJPYm,0,,155.286,9993.56,0,0,0,
2025-12-01 11:24:04.048247,USDJPYm,0,,155.227,10003.82,0,0,0,
2025-12-01 11:24:34.066211,USDJPYm,0,,155.234,10002.61,0,0,0,
2025-12-01 11:25:04.081531,USDJPYm,0,,155.213,10006.25,0,0,0,
2025-12-01 11:25:34.098284,USDJPYm,0,,155.225,10004.17,0,0,0,
2025-12-01 11:26:04.120327,USDJPYm,0,,155.191,10010.09,0,0,0,
2025-12-01 11:26:34.135483,USDJPYm,0,,155.226,10003.98,0,0,0,
2025-12-01 11:27:04.151362,USDJPYm,0,,155.236,10002.26,0,0,0,
2025-12-01 11:27:34.172717,USDJPYm,0,,155.21,10006.79,0,0,0,
2025-12-01 11:28:04.188654,USDJPYm,0,,155.223,10004.51,0,0,0,
2025-12-01 11:28:34.205566,USDJPYm,0,,155.215,10005.87,0,0,0,
2025-12-01 11:29:04.239065,USDJPYm,0,,155.218,10005.38,0,0,0,
2025-12-01 11:29:34.254025,USDJPYm,0,,155.225,10004.17,0,0,0,
2025-12-01 11:30:04.273376,USDJPYm,0,,155.225,10004.17,0,0,0,
2025-12-01 11:30:34.305687,USDJPYm,0,,155.188,10010.62,0,0,0,
2025-12-01 11:31:04.320923,USDJPYm,0,,155.175,10012.87,0,0,0,
2025-12-01 11:35:59.375979,USDJPYm,0,,155.183,10012.35,0,0,0,
2025-12-01 11:36:29.415383,USDJPYm,0,,155.165,10014.62,0,0,0,
2025-12-01 11:36:59.433949,USDJPYm,0,,155.167,10014.24,0,0,0,
2025-12-01 11:40:55.018015,USDJPYm,0,,155.168,10014.08,0,0,0,
2025-12-01 11:41:25.046288,USDJPYm,0,,155.172,10013.39,0,0,0,
2025-12-01 11:41:55.070355,USDJPYm,0,,155.141,10018.79,0,0,0,
2025-12-01 11:42:25.085836,USDJPYm,0,,155.16,10015.48,0,0,0,
2025-12-01 11:58:30.496177,USDJPYm,0,,155.139,10019.11,0,0,0,
2025-12-01 15:13:54.229657,USDJPYm,-1,SELL,155.116,10019.95,0.01,20,40,"OrderSendResult(retcode=10009, deal=1576473987, order=2015508399, volume=0.01, price=155.116, bid=155.116, ask=155.126, comment='Phase4_Bot', request_id=1724878513, retcode_external=0, request=TradeRequest(action=1, magic=234000, order=0, symbol='USDJPYm', volume=0.01, price=155.115, stoplimit=0.0, sl=155.315, tp=154.715, deviation=20, type=1, type_filling=0, type_time=0, expiration=0, comment='Phase4_Bot', position=0, position_by=0))"
2025-12-01 15:14:24.863831,USDJPYm,-1,SELL,155.13,10019.8,0.01,20,40,"OrderSendResult(retcode=10009, deal=1576477891, order=2015512367, volume=0.01, price=155.13, bid=155.13, ask=155.14, comment='Phase4_Bot', request_id=1724878514, retcode_external=0, request=TradeRequest(action=1, magic=234000, order=0, symbol='USDJPYm', volume=0.01, price=155.13, stoplimit=0.0, sl=155.32999999999998, tp=154.73, deviation=20, type=1, type_filling=0, type_time=0, expiration=0, comment='Phase4_Bot', position=0, position_by=0))"
2025-12-01 15:14:55.281329,USDJPYm,-1,SELL,155.127,10019.76,0.01,20,40,"OrderSendResult(retcode=10009, deal=1576482749, order=2015517134, volume=0.01, price=155.127, bid=155.127, ask=155.137, comment='Phase4_Bot', request_id=1724878515, retcode_external=0, request=TradeRequest(action=1, magic=234000, order=0, symbol='USDJPYm', volume=0.01, price=155.127, stoplimit=0.0, sl=155.327, tp=154.727, deviation=20, type=1, type_filling=0, type_time=0, expiration=0, comment='Phase4_Bot', position=0, position_by=0))"
2025-12-01 15:15:25.933876,USDJPYm,1,BUY,155.104,10020.14,0.01,20,40,"OrderSendResult(retcode=10009, deal=1576487449, order=2015521903, volume=0.01, price=155.126, bid=155.116, ask=155.126, comment='Phase4_Bot', request_id=1724878516, retcode_external=0, request=TradeRequest(action=1, magic=234000, order=0, symbol='USDJPYm', volume=0.01, price=155.114, stoplimit=0.0, sl=154.91400000000002, tp=155.514, deviation=20, type=0, type_filling=0, type_time=0, expiration=0, comment='Phase4_Bot', position=0, position_by=0))"
2025-12-01 15:15:56.659609,USDJPYm,1,BUY,155.115,10019.86,0.01,20,40,"OrderSendResult(retcode=10009, deal=1576493774, order=2015527912, volume=0.01, price=155.124, bid=155.114, ask=155.124, comment='Phase4_Bot', request_id=1724878517, retcode_external=0, request=TradeRequest(action=1, magic=234000, order=0, symbol='USDJPYm', volume=0.01, price=155.125, stoplimit=0.0, sl=154.925, tp=155.525, deviation=20, type=0, type_filling=0, type_time=0, expiration=0, comment='Phase4_Bot', position=0, position_by=0))"
2025-12-01 15:16:27.090489,USDJPYm,1,BUY,155.092,10019.95,0.01,20,40,"OrderSendResult(retcode=10009, deal=1576499444, order=2015533704, volume=0.01, price=155.102, bid=155.092, ask=155.102, comment='Phase4_Bot', request_id=1724878518, retcode_external=0, request=TradeRequest(action=1, magic=234000, order=0, symbol='USDJPYm', volume=0.01, price=155.102, stoplimit=0.0, sl=154.90200000000002, tp=155.502, deviation=20, type=0, type_filling=0, type_time=0, expiration=0, comment='Phase4_Bot', position=0, position_by=0))"
2025-12-01 15:16:57.595657,USDJPYm,1,BUY,155.09,10019.88,0.01,20,40,"OrderSendResult(retcode=10031, deal=0, order=0, volume=0.0, price=0.0, bid=0.0, ask=0.0, comment='Request rejected due to absence of network connection', request_id=1724878519, retcode_external=0, request=TradeRequest(action=1, magic=234000, order=0, symbol='USDJPYm', volume=0.01, price=155.1, stoplimit=0.0, sl=154.9, tp=155.5, deviation=20, type=0, type_filling=0, type_time=0, expiration=0, comment='Phase4_Bot', position=0, position_by=0))"
2025-12-01 15:17:55.768203,USDJPYm,1,BUY,155.09,10019.88,0.01,20,40,"OrderSendResult(retcode=10031, deal=0, order=0, volume=0.0, price=0.0, bid=0.0, ask=0.0, comment='Request rejected due to absence of network connection', request_id=0, retcode_external=0, request=TradeRequest(action=1, magic=234000, order=0, symbol='USDJPYm', volume=0.01, price=155.1, stoplimit=0.0, sl=154.9, tp=155.5, deviation=20, type=0, type_filling=0, type_time=0, expiration=0, comment='Phase4_Bot', position=0, position_by=0))"
2025-12-01 15:23:20.112458,USDJPYm,1,BUY,155.09,10019.88,0.01,20,40,"OrderSendResult(retcode=10031, deal=0, order=0, volume=0.0, price=0.0, bid=0.0, ask=0.0, comment='Request rejected due to absence of network connection', request_id=0, retcode_external=0, request=TradeRequest(action=1, magic=234000, order=0, symbol='USDJPYm', volume=0.01, price=155.1, stoplimit=0.0, sl=154.9, tp=155.5, deviation=20, type=0, type_filling=0, type_time=0, expiration=0, comment='Phase4_Bot', position=0, position_by=0))"
2025-12-01 17:48:32.477741,USDJPYm,1,BUY,155.048,10019.57,0.01,20,40,"OrderSendResult(retcode=10031, deal=0, order=0, volume=0.0, price=0.0, bid=0.0, ask=0.0, comment='Request rejected due to absence of network connection', request_id=0, retcode_external=0, request=TradeRequest(action=1, magic=234000, order=0, symbol='USDJPYm', volume=0.01, price=155.058, stoplimit=0.0, sl=154.858, tp=155.458, deviation=20, type=0, type_filling=0, type_time=0, expiration=0, comment='Phase4_Bot', position=0, position_by=0))"
2025-12-01 17:49:02.522005,USDJPYm,1,BUY,155.048,10019.57,0.01,20,40,"OrderSendResult(retcode=10031, deal=0, order=0, volume=0.0, price=0.0, bid=0.0, ask=0.0, comment='Request rejected due to absence of network connection', request_id=0, retcode_external=0, request=TradeRequest(action=1, magic=234000, order=0, symbol='USDJPYm', volume=0.01, price=155.058, stoplimit=0.0, sl=154.858, tp=155.458, deviation=20, type=0, type_filling=0, type_time=0, expiration=0, comment='Phase4_Bot', position=0, position_by=0))"
2025-12-01 17:49:32.548304,USDJPYm,1,BUY,155.048,10019.57,0.01,20,40,"OrderSendResult(retcode=10031, deal=0, order=0, volume=0.0, price=0.0, bid=0.0, ask=0.0, comment='Request rejected due to absence of network connection', request_id=0, retcode_external=0, request=TradeRequest(action=1, magic=234000, order=0, symbol='USDJPYm', volume=0.01, price=155.058, stoplimit=0.0, sl=154.858, tp=155.458, deviation=20, type=0, type_filling=0, type_time=0, expiration=0, comment='Phase4_Bot', position=0, position_by=0))"
2025-12-01 17:55:01.478052,USDJPYm,1,BUY,155.048,10021.45,0.01,40,20,"OrderSendResult(retcode=10009, deal=1577348096, order=2016429875, volume=0.01, price=155.381, bid=155.371, ask=155.381, comment='Phase4_Bot', request_id=534388090, retcode_external=0, request=TradeRequest(action=1, magic=234000, order=0, symbol='USDJPYm', volume=0.01, price=155.376, stoplimit=0.0, sl=154.976, tp=155.576, deviation=20, type=0, type_filling=0, type_time=0, expiration=0, comment='Phase4_Bot', position=0, position_by=0))"
2025-12-01 17:55:33.715964,USDJPYm,1,BUY,155.378,10021.43,0.01,40,20,"OrderSendResult(retcode=10009, deal=1577349739, order=2016431694, volume=0.01, price=155.388, bid=155.37800000000001, ask=155.388, comment='Phase4_Bot', request_id=534388091, retcode_external=0, request=TradeRequest(action=1, magic=234000, order=0, symbol='USDJPYm', volume=0.01, price=155.388, stoplimit=0.0, sl=154.988, tp=155.588, deviation=20, type=0, type_filling=0, type_time=0, expiration=0, comment='Phase4_Bot', position=0, position_by=0))"
2025-12-01 17:56:04.763113,USDJPYm,1,BUY,155.375,10021.33,0.01,40,20,"OrderSendResult(retcode=10009, deal=1577351300, order=2016433380, volume=0.01, price=155.386, bid=155.376, ask=155.386, comment='Phase4_Bot', request_id=534388092, retcode_external=0, request=TradeRequest(action=1, magic=234000, order=0, symbol='USDJPYm', volume=0.01, price=155.385, stoplimit=0.0, sl=154.98499999999999, tp=155.58499999999998, deviation=20, type=0, type_filling=0, type_time=0, expiration=0, comment='Phase4_Bot', position=0, position_by=0))"
2025-12-01 17:56:36.805154,USDJPYm,1,BUY,155.366,10021.08,0.01,40,20,"OrderSendResult(retcode=10009, deal=1577352876, order=2016435123, volume=0.01, price=155.376, bid=155.366, ask=155.376, comment='Phase4_Bot', request_id=534388093, retcode_external=0, request=TradeRequest(action=1, magic=234000, order=0, symbol='USDJPYm', volume=0.01, price=155.376, stoplimit=0.0, sl=154.976, tp=155.576, deviation=20, type=0, type_filling=0, type_time=0, expiration=0, comment='Phase4_Bot', position=0, position_by=0))"
2025-12-01 17:57:13.451537,USDJPYm,1,BUY,155.362,10020.92,0.01,40,20,"OrderSendResult(retcode=10009, deal=1577355311, order=2016437614, volume=0.01, price=155.373, bid=155.363, ask=155.373, comment='Phase4_Bot', request_id=534388094, retcode_external=0, request=TradeRequest(action=1, magic=234000, order=0, symbol='USDJPYm', volume=0.01, price=155.372, stoplimit=0.0, sl=154.972, tp=155.572, deviation=20, type=0, type_filling=0, type_time=0, expiration=0, comment='Phase4_Bot', position=0, position_by=0))"
2025-12-01 17:57:44.760230,USDJPYm,1,BUY,155.343,10020.24,0.01,40,20,"OrderSendResult(retcode=10009, deal=1577356727, order=2016439171, volume=0.01, price=155.35299999999998, bid=155.343, ask=155.35299999999998, comment='Phase4_Bot', request_id=534388095, retcode_external=0, request=TradeRequest(action=1, magic=234000, order=0, symbol='USDJPYm', volume=0.01, price=155.353, stoplimit=0.0, sl=154.953, tp=155.553, deviation=20, type=0, type_filling=0, type_time=0, expiration=0, comment='Phase4_Bot', position=0, position_by=0))"
2025-12-01 17:58:15.853892,USDJPYm,1,BUY,155.363,10020.91,0.01,40,20,"OrderSendResult(retcode=10009, deal=1577359076, order=2016441691, volume=0.01, price=155.37199999999999, bid=155.362, ask=155.37199999999999, comment='Phase4_Bot', request_id=534388096, retcode_external=0, request=TradeRequest(action=1, magic=234000, order=0, symbol='USDJPYm', volume=0.01, price=155.372, stoplimit=0.0, sl=154.972, tp=155.572, deviation=20, type=0, type_filling=0, type_time=0, expiration=0, comment='Phase4_Bot', position=0, position_by=0))"
2025-12-01 17:58:49.908271,USDJPYm,1,BUY,155.357,10020.62,0.01,40,20,"OrderSendResult(retcode=10009, deal=1577360570, order=2016443411, volume=0.01, price=155.367, bid=155.357, ask=155.367, comment='Phase4_Bot', request_id=534388097, retcode_external=0, request=TradeRequest(action=1, magic=234000, order=0, symbol='USDJPYm', volume=0.01, price=155.367, stoplimit=0.0, sl=154.96699999999998, tp=155.56699999999998, deviation=20, type=0, type_filling=0, type_time=0, expiration=0, comment='Phase4_Bot', position=0, position_by=0))"
2025-12-01 17:59:21.803384,USDJPYm,1,BUY,155.345,10019.94,0.01,40,20,"OrderSendResult(retcode=10009, deal=1577361945, order=2016444959, volume=0.01, price=155.355, bid=155.345, ask=155.355, comment='Phase4_Bot', request_id=534388098, retcode_external=0, request=TradeRequest(action=1, magic=234000, order=0, symbol='USDJPYm', volume=0.01, price=155.355, stoplimit=0.0, sl=154.95499999999998, tp=155.55499999999998, deviation=20, type=0, type_filling=0, type_time=0, expiration=0, comment='Phase4_Bot', position=0, position_by=0))"
2025-12-01 17:59:57.064817,USDJPYm,1,BUY,155.348,10020.05,0.01,40,20,"OrderSendResult(retcode=10009, deal=1577363717, order=2016446902, volume=0.01, price=155.358, bid=155.348, ask=155.358, comment='Phase4_Bot', request_id=534388099, retcode_external=0, request=TradeRequest(action=1, magic=234000, order=0, symbol='USDJPYm', volume=0.01, price=155.358, stoplimit=0.0, sl=154.958, tp=155.558, deviation=20, type=0, type_filling=0, type_time=0, expiration=0, comment='Phase4_Bot', position=0, position_by=0))"
2025-12-01 18:00:33.580390,USDJPYm,1,BUY,155.361,10020.81,0.01,40,20,"OrderSendResult(retcode=10009, deal=1577365848, order=2016449311, volume=0.01, price=155.37099999999998, bid=155.361, ask=155.37099999999998, comment='Phase4_Bot', request_id=534388100, retcode_external=0, request=TradeRequest(action=1, magic=234000, order=0, symbol='USDJPYm', volume=0.01, price=155.371, stoplimit=0.0, sl=154.971, tp=155.571, deviation=20, type=0, type_filling=0, type_time=0, expiration=0, comment='Phase4_Bot', position=0, position_by=0))"
2025-12-01 18:01:04.605690,USDJPYm,1,BUY,155.35,10019.97,0.01,40,20,"OrderSendResult(retcode=10009, deal=1577367583, order=2016451221, volume=0.01, price=155.35899999999998, bid=155.349, ask=155.35899999999998, comment='Phase4_Bot', request_id=534388101, retcode_external=0, request=TradeRequest(action=1, magic=234000, order=0, symbol='USDJPYm', volume=0.01, price=155.36, stoplimit=0.0, sl=154.96, tp=155.56, deviation=20, type=0, type_filling=0, type_time=0, expiration=0, comment='Phase4_Bot', position=0, position_by=0))"
2025-12-01 18:01:35.335552,USDJPYm,1,BUY,155.351,10019.98,0.01,40,20,"OrderSendResult(retcode=10009, deal=1577369298, order=2016453143, volume=0.01, price=155.361, bid=155.351, ask=155.361, comment='Phase4_Bot', request_id=534388102, retcode_external=0, request=TradeRequest(action=1, magic=234000, order=0, symbol='USDJPYm', volume=0.01, price=155.361, stoplimit=0.0, sl=154.96099999999998, tp=155.56099999999998, deviation=20, type=0, type_filling=0, type_time=0, expiration=0, comment='Phase4_Bot', position=0, position_by=0))"
2025-12-01 18:02:05.835667,USDJPYm,1,BUY,155.355,10020.24,0.01,40,20,"OrderSendResult(retcode=10009, deal=1577371197, order=2016455186, volume=0.01, price=155.36499999999998, bid=155.355, ask=155.36499999999998, comment='Phase4_Bot', request_id=534388103, retcode_external=0, request=TradeRequest(action=1, magic=234000, order=0, symbol='USDJPYm', volume=0.01, price=155.365, stoplimit=0.0, sl=154.965, tp=155.565, deviation=20, type=0, type_filling=0, type_time=0, expiration=0, comment='Phase4_Bot', position=0, position_by=0))"
2025-12-01 18:02:37.777147,USDJPYm,1,BUY,155.366,10021.18,0.01,40,20,"OrderSendResult(retcode=10009, deal=1577372763, order=2016456934, volume=0.01, price=155.374, bid=155.364, ask=155.374, comment='Phase4_Bot', request_id=534388104, retcode_external=0, request=TradeRequest(action=1, magic=234000, order=0, symbol='USDJPYm', volume=0.01, price=155.376, stoplimit=0.0, sl=154.976, tp=155.576, deviation=20, type=0, type_filling=0, type_time=0, expiration=0, comment='Phase4_Bot', position=0, position_by=0))"
2025-12-01 18:03:08.855478,USDJPYm,1,BUY,155.351,10019.68,0.01,40,20,"OrderSendResult(retcode=10009, deal=1577374406, order=2016458825, volume=0.01, price=155.362, bid=155.352, ask=155.362, comment='Phase4_Bot', request_id=534388105, retcode_external=0, request=TradeRequest(action=1, magic=234000, order=0, symbol='USDJPYm', volume=0.01, price=155.361, stoplimit=0.0, sl=154.96099999999998, tp=155.56099999999998, deviation=20, type=0, type_filling=0, type_time=0, expiration=0, comment='Phase4_Bot', position=0, position_by=0))"
2025-12-01 18:03:41.546180,USDJPYm,1,BUY,155.347,10019.2,0.01,40,20,"OrderSendResult(retcode=10009, deal=1577376408, order=2016460995, volume=0.01, price=155.357, bid=155.347, ask=155.357, comment='Phase4_Bot', request_id=534388106, retcode_external=0, request=TradeRequest(action=1, magic=234000, order=0, symbol='USDJPYm', volume=0.01, price=155.357, stoplimit=0.0, sl=154.957, tp=155.557, deviation=20, type=0, type_filling=0, type_time=0, expiration=0, comment='Phase4_Bot', position=0, position_by=0))"
2025-12-01 18:04:14.899407,USDJPYm,1,BUY,155.357,10020.24,0.01,40,20,"OrderSendResult(retcode=10009, deal=1577380021, order=2016464824, volume=0.01, price=155.367, bid=155.357, ask=155.367, comment='Phase4_Bot', request_id=534388107, retcode_external=0, request=TradeRequest(action=1, magic=234000, order=0, symbol='USDJPYm', volume=0.01, price=155.367, stoplimit=0.0, sl=154.96699999999998, tp=155.56699999999998, deviation=20, type=0, type_filling=0, type_time=0, expiration=0, comment='Phase4_Bot', position=0, position_by=0))"
2025-12-01 18:04:45.913903,USDJPYm,1,BUY,155.356,10020.05,0.01,40,20,"OrderSendResult(retcode=10009, deal=1577382371, order=2016467304, volume=0.01, price=155.36599999999999, bid=155.356, ask=155.36599999999999, comment='Phase4_Bot', request_id=534388108, retcode_external=0, request=TradeRequest(action=1, magic=234000, order=0, symbol='USDJPYm', volume=0.01, price=155.366, stoplimit=0.0, sl=154.966, tp=155.566, deviation=20, type=0, type_filling=0, type_time=0, expiration=0, comment='Phase4_Bot', position=0, position_by=0))"
2025-12-01 18:05:16.948077,USDJPYm,1,BUY,155.357,10020.12,0.01,40,20,"OrderSendResult(retcode=10009, deal=1577385106, order=2016470117, volume=0.01, price=155.36599999999999, bid=155.356, ask=155.36599999999999, comment='Phase4_Bot', request_id=534388109, retcode_external=0, request=TradeRequest(action=1, magic=234000, order=0, symbol='USDJPYm', volume=0.01, price=155.367, stoplimit=0.0, sl=154.96699999999998, tp=155.56699999999998, deviation=20, type=0, type_filling=0, type_time=0, expiration=0, comment='Phase4_Bot', position=0, position_by=0))"
2025-12-01 18:05:48.079091,USDJPYm,1,BUY,155.365,10021.08,0.01,40,20,"OrderSendResult(retcode=10009, deal=1577387558, order=2016472670, volume=0.01, price=155.374, bid=155.364, ask=155.374, comment='Phase4_Bot', request_id=534388110, retcode_external=0, request=TradeRequest(action=1, magic=234000, order=0, symbol='USDJPYm', volume=0.01, price=155.375, stoplimit=0.0, sl=154.975, tp=155.575, deviation=20, type=0, type_filling=0, type_time=0, expiration=0, comment='Phase4_Bot', position=0, position_by=0))"
2025-12-01 18:06:18.775249,USDJPYm,1,BUY,155.356,10019.81,0.01,40,20,"OrderSendResult(retcode=10009, deal=1577389452, order=2016474722, volume=0.01, price=155.36599999999999, bid=155.356, ask=155.36599999999999, comment='Phase4_Bot', request_id=534388111, retcode_external=0, request=TradeRequest(action=1, magic=234000, order=0, symbol='USDJPYm', volume=0.01, price=155.366, stoplimit=0.0, sl=154.966, tp=155.566, deviation=20, type=0, type_filling=0, type_time=0, expiration=0, comment='Phase4_Bot', position=0, position_by=0))"
2025-12-01 18:06:49.530230,USDJPYm,1,BUY,155.357,10019.89,0.01,40,20,"OrderSendResult(retcode=10009, deal=1577391565, order=2016476924, volume=0.01, price=155.367, bid=155.357, ask=155.367, comment='Phase4_Bot', request_id=534388112, retcode_external=0, request=TradeRequest(action=1, magic=234000, order=0, symbol='USDJPYm', volume=0.01, price=155.367, stoplimit=0.0, sl=154.96699999999998, tp=155.56699999999998, deviation=20, type=0, type_filling=0, type_time=0, expiration=0, comment='Phase4_Bot', position=0, position_by=0))"
2025-12-01 18:07:20.071274,USDJPYm,1,BUY,155.371,10021.9,0.01,40,20,"OrderSendResult(retcode=10009, deal=1577393436, order=2016478911, volume=0.01, price=155.381, bid=155.371, ask=155.381, comment='Phase4_Bot', request_id=534388113, retcode_external=0, request=TradeRequest(action=1, magic=234000, order=0, symbol='USDJPYm', volume=0.01, price=155.381, stoplimit=0.0, sl=154.981, tp=155.581, deviation=20, type=0, type_filling=0, type_time=0, expiration=0, comment='Phase4_Bot', position=0, position_by=0))"
2025-12-01 18:07:50.943913,USDJPYm,1,BUY,155.37,10021.68,0.01,40,20,"OrderSendResult(retcode=10009, deal=1577394555, order=2016480108, volume=0.01, price=155.38, bid=155.37, ask=155.38, comment='Phase4_Bot', request_id=534388114, retcode_external=0, request=TradeRequest(action=1, magic=234000, order=0, symbol='USDJPYm', volume=0.01, price=155.38, stoplimit=0.0, sl=154.98, tp=155.57999999999998, deviation=20, type=0, type_filling=0, type_time=0, expiration=0, comment='Phase4_Bot', position=0, position_by=0))"
2025-12-01 18:08:23.132806,USDJPYm,1,BUY,155.379,10023.06,0.01,40,20,"OrderSendResult(retcode=10009, deal=1577396361, order=2016481994, volume=0.01, price=155.38899999999998, bid=155.379, ask=155.38899999999998, comment='Phase4_Bot', request_id=534388115, retcode_external=0, request=TradeRequest(action=1, magic=234000, order=0, symbol='USDJPYm', volume=0.01, price=155.389, stoplimit=0.0, sl=154.989, tp=155.589, deviation=20, type=0, type_filling=0, type_time=0, expiration=0, comment='Phase4_Bot', position=0, position_by=0))"
2025-12-01 18:08:53.624093,USDJPYm,1,BUY,155.376,10022.5,0.01,40,20,"OrderSendResult(retcode=10009, deal=1577397503, order=2016483217, volume=0.01, price=155.386, bid=155.376, ask=155.386, comment='Phase4_Bot', request_id=534388116, retcode_external=0, request=TradeRequest(action=1, magic=234000, order=0, symbol='USDJPYm', volume=0.01, price=155.386, stoplimit=0.0, sl=154.986, tp=155.58599999999998, deviation=20, type=0, type_filling=0, type_time=0, expiration=0, comment='Phase4_Bot', position=0, position_by=0))"
2025-12-01 18:09:24.075785,USDJPYm,1,BUY,155.37,10021.4,0.01,40,20,"OrderSendResult(retcode=10009, deal=1577399016, order=2016484709, volume=0.01, price=155.38, bid=155.37, ask=155.38, comment='Phase4_Bot', request_id=534388117, retcode_external=0, request=TradeRequest(action=1, magic=234000, order=0, symbol='USDJPYm', volume=0.01, price=155.38, stoplimit=0.0, sl=154.98, tp=155.57999999999998, deviation=20, type=0, type_filling=0, type_time=0, expiration=0, comment='Phase4_Bot', position=0, position_by=0))"
2025-12-01 18:09:54.569648,USDJPYm,1,BUY,155.375,10022.23,0.01,40,20,"OrderSendResult(retcode=10009, deal=1577400106, order=2016485799, volume=0.01, price=155.38899999999998, bid=155.379, ask=155.38899999999998, comment='Phase4_Bot', request_id=534388118, retcode_external=0, request=TradeRequest(action=1, magic=234000, order=0, symbol='USDJPYm', volume=0.01, price=155.385, stoplimit=0.0, sl=154.98499999999999, tp=155.58499999999998, deviation=20, type=0, type_filling=0, type_time=0, expiration=0, comment='Phase4_Bot', position=0, position_by=0))"
2025-12-01 18:10:25.434910,USDJPYm,1,BUY,155.379,10022.88,0.01,40,20,"OrderSendResult(retcode=10009, deal=1577402560, order=2016488322, volume=0.01, price=155.38899999999998, bid=155.379, ask=155.38899999999998, comment='Phase4_Bot', request_id=534388119, retcode_external=0, request=TradeRequest(action=1, magic=234000, order=0, symbol='USDJPYm', volume=0.01, price=155.389, stoplimit=0.0, sl=154.989, tp=155.589, deviation=20, type=0, type_filling=0, type_time=0, expiration=0, comment='Phase4_Bot', position=0, position_by=0))"
2025-12-01 18:10:57.592908,USDJPYm,1,BUY,155.382,10023.37,0.01,40,20,"OrderSendResult(retcode=10009, deal=1577405351, order=2016491123, volume=0.01, price=155.392, bid=155.382, ask=155.392, comment='Phase4_Bot', request_id=534388120, retcode_external=0, request=TradeRequest(action=1, magic=234000, order=0, symbol='USDJPYm', volume=0.01, price=155.392, stoplimit=0.0, sl=154.992, tp=155.59199999999998, deviation=20, type=0, type_filling=0, type_time=0, expiration=0, comment='Phase4_Bot', position=0, position_by=0))"
2025-12-01 18:11:29.940125,USDJPYm,-1,SELL,155.391,10025.09,0.01,40,20,"OrderSendResult(retcode=10009, deal=1577407369, order=2016493183, volume=0.01, price=155.392, bid=155.392, ask=155.402, comment='Phase4_Bot', request_id=534388121, retcode_external=0, request=TradeRequest(action=1, magic=234000, order=0, symbol='USDJPYm', volume=0.01, price=155.391, stoplimit=0.0, sl=155.791, tp=155.191, deviation=20, type=1, type_filling=0, type_time=0, expiration=0, comment='Phase4_Bot', position=0, position_by=0))"
2025-12-01 18:12:00.320,USDJPYm,-1,SELL,155.386,10024.09,0.01,40,20,"OrderSendResult(retcode=10009, deal=1577409588, order=2016495493, volume=0.01, price=155.386, bid=155.386, ask=155.396, comment='Phase4_Bot', request_id=534388122, retcode_external=0, request=TradeRequest(action=1, magic=234000, order=0, symbol='USDJPYm', volume=0.01, price=155.386, stoplimit=0.0, sl=155.786, tp=155.186, deviation=20, type=1, type_filling=0, type_time=0, expiration=0, comment='Phase4_Bot', position=0, position_by=0))"
2025-12-01 18:12:30.717276,USDJPYm,-1,SELL,155.391,10024.93,0.01,40,20,"OrderSendResult(retcode=10009, deal=1577411435, order=2016497316, volume=0.01, price=155.391, bid=155.391, ask=155.40099999999998, comment='Phase4_Bot', request_id=534388123, retcode_external=0, request=TradeRequest(action=1, magic=234000, order=0, symbol='USDJPYm', volume=0.01, price=155.391, stoplimit=0.0, sl=155.791, tp=155.191, deviation=20, type=1, type_filling=0, type_time=0, expiration=0, comment='Phase4_Bot', position=0, position_by=0))"
2025-12-01 18:13:01.137148,USDJPYm,-1,SELL,155.391,10024.87,0.01,40,20,"OrderSendResult(retcode=10009, deal=1577413713, order=2016499411, volume=0.01, price=155.391, bid=155.391, ask=155.40099999999998, comment='Phase4_Bot', request_id=534388124, retcode_external=0, request=TradeRequest(action=1, magic=234000, order=0, symbol='USDJPYm', volume=0.01, price=155.391, stoplimit=0.0, sl=155.791, tp=155.191, deviation=20, type=1, type_filling=0, type_time=0, expiration=0, comment='Phase4_Bot', position=0, position_by=0))"
2025-12-01 18:13:31.504027,USDJPYm,-1,SELL,155.392,10025.05,0.01,40,20,"OrderSendResult(retcode=10009, deal=1577415287, order=2016500950, volume=0.01, price=155.391, bid=155.391, ask=155.40099999999998, comment='Phase4_Bot', request_id=534388125, retcode_external=0, request=TradeRequest(action=1, magic=234000, order=0, symbol='USDJPYm', volume=0.01, price=155.392, stoplimit=0.0, sl=155.792, tp=155.192, deviation=20, type=1, type_filling=0, type_time=0, expiration=0, comment='Phase4_Bot', position=0, position_by=0))"
2025-12-01 18:14:01.755450,USDJPYm,1,BUY,155.382,10023.24,0.01,40,20,"OrderSendResult(retcode=10009, deal=1577416359, order=2016502054, volume=0.01, price=155.392, bid=155.382, ask=155.392, comment='Phase4_Bot', request_id=534388126, retcode_external=0, request=TradeRequest(action=1, magic=234000, order=0, symbol='USDJPYm', volume=0.01, price=155.392, stoplimit=0.0, sl=154.992, tp=155.59199999999998, deviation=20, type=0, type_filling=0, type_time=0, expiration=0, comment='Phase4_Bot', position=0, position_by=0))"
2025-12-01 18:14:32.720932,USDJPYm,-1,SELL,155.385,10023.69,0.01,40,20,"OrderSendResult(retcode=10009, deal=1577417498, order=2016503182, volume=0.01, price=155.385, bid=155.385, ask=155.39499999999998, comment='Phase4_Bot', request_id=534388127, retcode_external=0, request=TradeRequest(action=1, magic=234000, order=0, symbol='USDJPYm', volume=0.01, price=155.385, stoplimit=0.0, sl=155.785, tp=155.185, deviation=20, type=1, type_filling=0, type_time=0, expiration=0, comment='Phase4_Bot', position=0, position_by=0))"
2025-12-01 18:15:04.354496,USDJPYm,1,BUY,155.379,10022.66,0.01,40,20,"OrderSendResult(retcode=10009, deal=1577419075, order=2016504778, volume=0.01, price=155.38299999999998, bid=155.373, ask=155.38299999999998, comment='Phase4_Bot', request_id=534388128, retcode_external=0, request=TradeRequest(action=1, magic=234000, order=0, symbol='USDJPYm', volume=0.01, price=155.389, stoplimit=0.0, sl=154.989, tp=155.589, deviation=20, type=0, type_filling=0, type_time=0, expiration=0, comment='Phase4_Bot', position=0, position_by=0))"
2025-12-01 18:15:34.610617,USDJPYm,1,BUY,155.374,10021.76,0.01,40,20,"OrderSendResult(retcode=10009, deal=1577420745, order=2016506457, volume=0.01, price=155.384, bid=155.374, ask=155.384, comment='Phase4_Bot', request_id=534388129, retcode_external=0, request=TradeRequest(action=1, magic=234000, order=0, symbol='USDJPYm', volume=0.01, price=155.384, stoplimit=0.0, sl=154.98399999999998, tp=155.58399999999997, deviation=20, type=0, type_filling=0, type_time=0, expiration=0, comment='Phase4_Bot', position=0, position_by=0))"
2025-12-01 18:16:05.020333,USDJPYm,1,BUY,155.382,10023.11,0.01,40,20,"OrderSendResult(retcode=10009, deal=1577422471, order=2016508181, volume=0.01, price=155.392, bid=155.382, ask=155.392, comment='Phase4_Bot', request_id=534388130, retcode_external=0, request=TradeRequest(action=1, magic=234000, order=0, symbol='USDJPYm', volume=0.01, price=155.392, stoplimit=0.0, sl=154.992, tp=155.59199999999998, deviation=20, type=0, type_filling=0, type_time=0, expiration=0, comment='Phase4_Bot', position=0, position_by=0))"
2025-12-01 18:16:35.281899,USDJPYm,1,BUY,155.373,10022.92,0.01,40,20,"OrderSendResult(retcode=10009, deal=1577424744, order=2016510469, volume=0.01, price=155.381, bid=155.371, ask=155.381, comment='Phase4_Bot', request_id=534388131, retcode_external=0, request=TradeRequest(action=1, magic=234000, order=0, symbol='USDJPYm', volume=0.01, price=155.383, stoplimit=0.0, sl=154.983, tp=155.583, deviation=20, type=0, type_filling=0, type_time=0, expiration=0, comment='Phase4_Bot', position=0, position_by=0))"
2025-12-01 18:55:01.003908,USDJPYm,1,BUY,155.375,10022.97,0.01,40,5,"OrderSendResult(retcode=10009, deal=1577573087, order=2016657747, volume=0.01, price=155.48499999999999, bid=155.475, ask=155.48499999999999, comment='Phase4_Bot', request_id=2165430507, retcode_external=0, request=TradeRequest(action=1, magic=234000, order=0, symbol='USDJPYm', volume=0.01, price=155.485, stoplimit=0.0, sl=155.085, tp=155.53500000000003, deviation=20, type=0, type_filling=0, type_time=0, expiration=0, comment='Phase4_Bot', position=0, position_by=0))"
2025-12-01 18:55:31.518758,USDJPYm,-1,SELL,155.483,10022.96,0.01,40,5,"OrderSendResult(retcode=10009, deal=1577574735, order=2016659397, volume=0.01, price=155.483, bid=155.483, ask=155.493, comment='Phase4_Bot', request_id=2165430508, retcode_external=0, request=TradeRequest(action=1, magic=234000, order=0, symbol='USDJPYm', volume=0.01, price=155.483, stoplimit=0.0, sl=155.883, tp=155.433, deviation=20, type=1, type_filling=0, type_time=0, expiration=0, comment='Phase4_Bot', position=0, position_by=0))"
2025-12-01 18:56:02.571332,USDJPYm,-1,SELL,155.488,10022.89,0.01,40,5,"OrderSendResult(retcode=10009, deal=1577576240, order=2016660929, volume=0.01, price=155.488, bid=155.488, ask=155.498, comment='Phase4_Bot', request_id=2165430509, retcode_external=0, request=TradeRequest(action=1, magic=234000, order=0, symbol='USDJPYm', volume=0.01, price=155.488, stoplimit=0.0, sl=155.888, tp=155.438, deviation=20, type=1, type_filling=0, type_time=0, expiration=0, comment='Phase4_Bot', position=0, position_by=0))"
2025-12-01 18:56:34.010004,USDJPYm,-1,SELL,155.478,10022.89,0.01,40,5,"OrderSendResult(retcode=10009, deal=1577577835, order=2016662543, volume=0.01, price=155.479, bid=155.479, ask=155.489, comment='Phase4_Bot', request_id=2165430510, retcode_external=0, request=TradeRequest(action=1, magic=234000, order=0, symbol='USDJPYm', volume=0.01, price=155.478, stoplimit=0.0, sl=155.87800000000001, tp=155.428, deviation=20, type=1, type_filling=0, type_time=0, expiration=0, comment='Phase4_Bot', position=0, position_by=0))"
2025-12-01 18:57:06.305128,USDJPYm,-1,SELL,155.478,10022.83,0.01,40,5,"OrderSendResult(retcode=10009, deal=1577579467, order=2016664135, volume=0.01, price=155.478, bid=155.478, ask=155.488, comment='Phase4_Bot', request_id=2165430511, retcode_external=0, request=TradeRequest(action=1, magic=234000, order=0, symbol='USDJPYm', volume=0.01, price=155.478, stoplimit=0.0, sl=155.87800000000001, tp=155.428, deviation=20, type=1, type_filling=0, type_time=0, expiration=0, comment='Phase4_Bot', position=0, position_by=0))"
2025-12-01 18:57:38.320958,USDJPYm,-1,SELL,155.486,10022.62,0.01,40,5,"OrderSendResult(retcode=10009, deal=1577581465, order=2016666083, volume=0.01, price=155.479, bid=155.479, ask=155.489, comment='Phase4_Bot', request_id=2165430512, retcode_external=0, request=TradeRequest(action=1, magic=234000, order=0, symbol='USDJPYm', volume=0.01, price=155.486, stoplimit=0.0, sl=155.886, tp=155.43599999999998, deviation=20, type=1, type_filling=0, type_time=0, expiration=0, comment='Phase4_Bot', position=0, position_by=0))"
2025-12-01 18:58:12.005674,USDJPYm,-1,SELL,155.478,10022.71,0.01,40,5,"OrderSendResult(retcode=10009, deal=1577583179, order=2016667781, volume=0.01, price=155.481, bid=155.481, ask=155.49099999999999, comment='Phase4_Bot', request_id=2165430513, retcode_external=0, request=TradeRequest(action=1, magic=234000, order=0, symbol='USDJPYm', volume=0.01, price=155.478, stoplimit=0.0, sl=155.87800000000001, tp=155.428, deviation=20, type=1, type_filling=0, type_time=0, expiration=0, comment='Phase4_Bot', position=0, position_by=0))"
2025-12-01 18:58:45.723091,USDJPYm,-1,SELL,155.488,10022.35,0.01,40,5,"OrderSendResult(retcode=10009, deal=1577584283, order=2016668906, volume=0.01, price=155.488, bid=155.488, ask=155.498, comment='Phase4_Bot', request_id=2165430514, retcode_external=0, request=TradeRequest(action=1, magic=234000, order=0, symbol='USDJPYm', volume=0.01, price=155.488, stoplimit=0.0, sl=155.888, tp=155.438, deviation=20, type=1, type_filling=0, type_time=0, expiration=0, comment='Phase4_Bot', position=0, position_by=0))"
2025-12-01 18:59:16.721885,USDJPYm,-1,SELL,155.492,10022.13,0.01,40,5,"OrderSendResult(retcode=10031, deal=0, order=0, volume=0.0, price=0.0, bid=0.0, ask=0.0, comment='Request rejected due to absence of network connection', request_id=2165430515, retcode_external=0, request=TradeRequest(action=1, magic=234000, order=0, symbol='USDJPYm', volume=0.01, price=155.492, stoplimit=0.0, sl=155.892, tp=155.44199999999998, deviation=20, type=1, type_filling=0, type_time=0, expiration=0, comment='Phase4_Bot', position=0, position_by=0))"
2025-12-01 19:00:22.417502,USDJPYm,-1,SELL,155.492,10022.13,0.01,40,5,"OrderSendResult(retcode=10031, deal=0, order=0, volume=0.0, price=0.0, bid=0.0, ask=0.0, comment='Request rejected due to absence of network connection', request_id=0, retcode_external=0, request=TradeRequest(action=1, magic=234000, order=0, symbol='USDJPYm', volume=0.01, price=155.492, stoplimit=0.0, sl=155.892, tp=155.44199999999998, deviation=20, type=1, type_filling=0, type_time=0, expiration=0, comment='Phase4_Bot', position=0, position_by=0))"
2025-12-01 19:00:52.449596,USDJPYm,-1,SELL,155.492,10022.13,0.01,40,5,"OrderSendResult(retcode=10031, deal=0, order=0, volume=0.0, price=0.0, bid=0.0, ask=0.0, comment='Request rejected due to absence of network connection', request_id=0, retcode_external=0, request=TradeRequest(action=1, magic=234000, order=0, symbol='USDJPYm', volume=0.01, price=155.492, stoplimit=0.0, sl=155.892, tp=155.44199999999998, deviation=20, type=1, type_filling=0, type_time=0, expiration=0, comment='Phase4_Bot', position=0, position_by=0))"
2025-12-01 19:01:22.477450,USDJPYm,-1,SELL,155.492,10022.13,0.01,40,5,"OrderSendResult(retcode=10031, deal=0, order=0, volume=0.0, price=0.0, bid=0.0, ask=0.0, comment='Request rejected due to absence of network connection', request_id=0, retcode_external=0, request=TradeRequest(action=1, magic=234000, order=0, symbol='USDJPYm', volume=0.01, price=155.492, stoplimit=0.0, sl=155.892, tp=155.44199999999998, deviation=20, type=1, type_filling=0, type_time=0, expiration=0, comment='Phase4_Bot', position=0, position_by=0))"
2025-12-01 19:01:52.508727,USDJPYm,-1,SELL,155.492,10022.13,0.01,40,5,"OrderSendResult(retcode=10031, deal=0, order=0, volume=0.0, price=0.0, bid=0.0, ask=0.0, comment='Request rejected due to absence of network connection', request_id=0, retcode_external=0, request=TradeRequest(action=1, magic=234000, order=0, symbol='USDJPYm', volume=0.01, price=155.492, stoplimit=0.0, sl=155.892, tp=155.44199999999998, deviation=20, type=1, type_filling=0, type_time=0, expiration=0, comment='Phase4_Bot', position=0, position_by=0))"
2025-12-01 19:02:22.562759,USDJPYm,-1,SELL,155.492,10022.13,0.01,40,5,"OrderSendResult(retcode=10031, deal=0, order=0, volume=0.0, price=0.0, bid=0.0, ask=0.0, comment='Request rejected due to absence of network connection', request_id=0, retcode_external=0, request=TradeRequest(action=1, magic=234000, order=0, symbol='USDJPYm', volume=0.01, price=155.492, stoplimit=0.0, sl=155.892, tp=155.44199999999998, deviation=20, type=1, type_filling=0, type_time=0, expiration=0, comment='Phase4_Bot', position=0, position_by=0))"
2025-12-01 19:02:52.605090,USDJPYm,-1,SELL,155.492,10022.13,0.01,40,5,"OrderSendResult(retcode=10031, deal=0, order=0, volume=0.0, price=0.0, bid=0.0, ask=0.0, comment='Request rejected due to absence of network connection', request_id=0, retcode_external=0, request=TradeRequest(action=1, magic=234000, order=0, symbol='USDJPYm', volume=0.01, price=155.492, stoplimit=0.0, sl=155.892, tp=155.44199999999998, deviation=20, type=1, type_filling=0, type_time=0, expiration=0, comment='Phase4_Bot', position=0, position_by=0))"
2025-12-01 19:03:22.649440,USDJPYm,-1,SELL,155.491,10022.17,0.01,40,5,"OrderSendResult(retcode=10009, deal=1577600202, order=2016684866, volume=0.01, price=155.49, bid=155.49, ask=155.5, comment='Phase4_Bot', request_id=2165430516, retcode_external=0, request=TradeRequest(action=1, magic=234000, order=0, symbol='USDJPYm', volume=0.01, price=155.491, stoplimit=0.0, sl=155.89100000000002, tp=155.441, deviation=20, type=1, type_filling=0, type_time=0, expiration=0, comment='Phase4_Bot', position=0, position_by=0))"
2025-12-01 19:03:52.876192,USDJPYm,-1,SELL,155.5,10021.69,0.01,40,5,"OrderSendResult(retcode=10031, deal=0, order=0, volume=0.0, price=0.0, bid=0.0, ask=0.0, comment='Request rejected due to absence of network connection', request_id=2165430517, retcode_external=0, request=TradeRequest(action=1, magic=234000, order=0, symbol='USDJPYm', volume=0.01, price=155.5, stoplimit=0.0, sl=155.9, tp=155.45, deviation=20, type=1, type_filling=0, type_time=0, expiration=0, comment='Phase4_Bot', position=0, position_by=0))"
2025-12-01 19:04:28.703150,USDJPYm,-1,SELL,155.481,10022.54,0.01,40,5,"OrderSendResult(retcode=10009, deal=1577605829, order=2016690489, volume=0.01, price=155.481, bid=155.481, ask=155.49099999999999, comment='Phase4_Bot', request_id=2165430518, retcode_external=0, request=TradeRequest(action=1, magic=234000, order=0, symbol='USDJPYm', volume=0.01, price=155.481, stoplimit=0.0, sl=155.881, tp=155.43099999999998, deviation=20, type=1, type_filling=0, type_time=0, expiration=0, comment='Phase4_Bot', position=0, position_by=0))"
2025-12-01 19:05:01.241174,USDJPYm,-1,SELL,155.481,10022.48,0.01,40,5,"OrderSendResult(retcode=10031, deal=0, order=0, volume=0.0, price=0.0, bid=0.0, ask=0.0, comment='Request rejected due to absence of network connection', request_id=2165430519, retcode_external=0, request=TradeRequest(action=1, magic=234000, order=0, symbol='USDJPYm', volume=0.01, price=155.481, stoplimit=0.0, sl=155.881, tp=155.43099999999998, deviation=20, type=1, type_filling=0, type_time=0, expiration=0, comment='Phase4_Bot', position=0, position_by=0))"
2025-12-01 19:06:11.957401,USDJPYm,-1,SELL,155.489,10022.06,0.01,40,5,"OrderSendResult(retcode=10009, deal=1577611865, order=2016696556, volume=0.01, price=155.489, bid=155.489, ask=155.499, comment='Phase4_Bot', request_id=2165430520, retcode_external=0, request=TradeRequest(action=1, magic=234000, order=0, symbol='USDJPYm', volume=0.01, price=155.489, stoplimit=0.0, sl=155.889, tp=155.439, deviation=20, type=1, type_filling=0, type_time=0, expiration=0, comment='Phase4_Bot', position=0, position_by=0))"
2025-12-01 19:06:50.779790,USDJPYm,-1,SELL,155.507,10020.97,0.01,40,5,"OrderSendResult(retcode=10009, deal=1577615560, order=2016700231, volume=0.01, price=155.512, bid=155.512, ask=155.522, comment='Phase4_Bot', request_id=2165430521, retcode_external=0, request=TradeRequest(action=1, magic=234000, order=0, symbol='USDJPYm', volume=0.01, price=155.507, stoplimit=0.0, sl=155.907, tp=155.457, deviation=20, type=1, type_filling=0, type_time=0, expiration=0, comment='Phase4_Bot', position=0, position_by=0))"
2025-12-01 19:07:25.447264,USDJPYm,-1,SELL,155.511,10020.67,0.01,40,5,"OrderSendResult(retcode=10009, deal=1577617822, order=2016702505, volume=0.01, price=155.512, bid=155.512, ask=155.522, comment='Phase4_Bot', request_id=2165430522, retcode_external=0, request=TradeRequest(action=1, magic=234000, order=0, symbol='USDJPYm', volume=0.01, price=155.511, stoplimit=0.0, sl=155.911, tp=155.46099999999998, deviation=20, type=1, type_filling=0, type_time=0, expiration=0, comment='Phase4_Bot', position=0, position_by=0))"
2025-12-01 19:08:19.961141,USDJPYm,-1,SELL,155.516,10020.27,0.01,40,5,"OrderSendResult(retcode=10009, deal=1577621781, order=2016706414, volume=0.01, price=155.516, bid=155.516, ask=155.52599999999998, comment='Phase4_Bot', request_id=2165430523, retcode_external=0, request=TradeRequest(action=1, magic=234000, order=0, symbol='USDJPYm', volume=0.01, price=155.516, stoplimit=0.0, sl=155.916, tp=155.46599999999998, deviation=20, type=1, type_filling=0, type_time=0, expiration=0, comment='Phase4_Bot', position=0, position_by=0))"
2025-12-01 19:08:53.242502,USDJPYm,-1,SELL,155.512,10020.51,0.01,40,5,"OrderSendResult(retcode=10009, deal=1577623871, order=2016708498, volume=0.01, price=155.51500000000001, bid=155.51500000000001, ask=155.525, comment='Phase4_Bot', request_id=2165430524, retcode_external=0, request=TradeRequest(action=1, magic=234000, order=0, symbol='USDJPYm', volume=0.01, price=155.512, stoplimit=0.0, sl=155.912, tp=155.462, deviation=20, type=1, type_filling=0, type_time=0, expiration=0, comment='Phase4_Bot', position=0, position_by=0))"
2025-12-01 19:09:24.203805,USDJPYm,-1,SELL,155.513,10020.37,0.01,40,5,"OrderSendResult(retcode=10009, deal=1577625581, order=2016710217, volume=0.01, price=155.514, bid=155.514, ask=155.524, comment='Phase4_Bot', request_id=2165430525, retcode_external=0, request=TradeRequest(action=1, magic=234000, order=0, symbol='USDJPYm', volume=0.01, price=155.513, stoplimit=0.0, sl=155.913, tp=155.463, deviation=20, type=1, type_filling=0, type_time=0, expiration=0, comment='Phase4_Bot', position=0, position_by=0))"
2025-12-01 19:09:58.969480,USDJPYm,-1,SELL,155.516,10020.06,0.01,40,5,"OrderSendResult(retcode=10031, deal=0, order=0, volume=0.0, price=0.0, bid=0.0, ask=0.0, comment='Request rejected due to absence of network connection', request_id=2165430526, retcode_external=0, request=TradeRequest(action=1, magic=234000, order=0, symbol='USDJPYm', volume=0.01, price=155.516, stoplimit=0.0, sl=155.916, tp=155.46599999999998, deviation=20, type=1, type_filling=0, type_time=0, expiration=0, comment='Phase4_Bot', position=0, position_by=0))"
2025-12-01 19:10:51.897850,USDJPYm,-1,SELL,155.516,10020.06,0.01,40,5,"OrderSendResult(retcode=10031, deal=0, order=0, volume=0.0, price=0.0, bid=0.0, ask=0.0, comment='Request rejected due to absence of network connection', request_id=0, retcode_external=0, request=TradeRequest(action=1, magic=234000, order=0, symbol='USDJPYm', volume=0.01, price=155.516, stoplimit=0.0, sl=155.916, tp=155.46599999999998, deviation=20, type=1, type_filling=0, type_time=0, expiration=0, comment='Phase4_Bot', position=0, position_by=0))"
2025-12-01 19:11:21.941058,USDJPYm,-1,SELL,155.516,10020.06,0.01,40,5,"OrderSendResult(retcode=10031, deal=0, order=0, volume=0.0, price=0.0, bid=0.0, ask=0.0, comment='Request rejected due to absence of network connection', request_id=0, retcode_external=0, request=TradeRequest(action=1, magic=234000, order=0, symbol='USDJPYm', volume=0.01, price=155.516, stoplimit=0.0, sl=155.916, tp=155.46599999999998, deviation=20, type=1, type_filling=0, type_time=0, expiration=0, comment='Phase4_Bot', position=0, position_by=0))"
2025-12-01 19:11:51.968522,USDJPYm,-1,SELL,155.516,10020.06,0.01,40,5,"OrderSendResult(retcode=10031, deal=0, order=0, volume=0.0, price=0.0, bid=0.0, ask=0.0, comment='Request rejected due to absence of network connection', request_id=0, retcode_external=0, request=TradeRequest(action=1, magic=234000, order=0, symbol='USDJPYm', volume=0.01, price=155.516, stoplimit=0.0, sl=155.916, tp=155.46599999999998, deviation=20, type=1, type_filling=0, type_time=0, expiration=0, comment='Phase4_Bot', position=0, position_by=0))"
2025-12-01 19:12:21.997317,USDJPYm,-1,SELL,155.516,10020.06,0.01,40,5,"OrderSendResult(retcode=10031, deal=0, order=0, volume=0.0, price=0.0, bid=0.0, ask=0.0, comment='Request rejected due to absence of network connection', request_id=0, retcode_external=0, request=TradeRequest(action=1, magic=234000, order=0, symbol='USDJPYm', volume=0.01, price=155.516, stoplimit=0.0, sl=155.916, tp=155.46599999999998, deviation=20, type=1, type_filling=0, type_time=0, expiration=0, comment='Phase4_Bot', position=0, position_by=0))"
2025-12-01 19:17:49.756257,USDJPYm,-1,SELL,155.516,10020.06,0.01,40,5,"OrderSendResult(retcode=10031, deal=0, order=0, volume=0.0, price=0.0, bid=0.0, ask=0.0, comment='Request rejected due to absence of network connection', request_id=0, retcode_external=0, request=TradeRequest(action=1, magic=234000, order=0, symbol='USDJPYm', volume=0.01, price=155.516, stoplimit=0.0, sl=155.916, tp=155.46599999999998, deviation=20, type=1, type_filling=0, type_time=0, expiration=0, comment='Phase4_Bot', position=0, position_by=0))"
2025-12-01 19:18:19.796602,USDJPYm,-1,SELL,155.516,10020.06,0.01,40,5,"OrderSendResult(retcode=10031, deal=0, order=0, volume=0.0, price=0.0, bid=0.0, ask=0.0, comment='Request rejected due to absence of network connection', request_id=0, retcode_external=0, request=TradeRequest(action=1, magic=234000, order=0, symbol='USDJPYm', volume=0.01, price=155.516, stoplimit=0.0, sl=155.916, tp=155.46599999999998, deviation=20, type=1, type_filling=0, type_time=0, expiration=0, comment='Phase4_Bot', position=0, position_by=0))"
2025-12-01 19:18:49.831041,USDJPYm,-1,SELL,155.516,10020.06,0.01,40,5,"OrderSendResult(retcode=10031, deal=0, order=0, volume=0.0, price=0.0, bid=0.0, ask=0.0, comment='Request rejected due to absence of network connection', request_id=0, retcode_external=0, request=TradeRequest(action=1, magic=234000, order=0, symbol='USDJPYm', volume=0.01, price=155.516, stoplimit=0.0, sl=155.916, tp=155.46599999999998, deviation=20, type=1, type_filling=0, type_time=0, expiration=0, comment='Phase4_Bot', position=0, position_by=0))"
2025-12-01 19:19:19.872328,USDJPYm,-1,SELL,155.516,10020.06,0.01,40,5,"OrderSendResult(retcode=10031, deal=0, order=0, volume=0.0, price=0.0, bid=0.0, ask=0.0, comment='Request rejected due to absence of network connection', request_id=0, retcode_external=0, request=TradeRequest(action=1, magic=234000, order=0, symbol='USDJPYm', volume=0.01, price=155.516, stoplimit=0.0, sl=155.916, tp=155.46599999999998, deviation=20, type=1, type_filling=0, type_time=0, expiration=0, comment='Phase4_Bot', position=0, position_by=0))"
2025-12-01 19:19:49.910095,USDJPYm,-1,SELL,155.516,10020.06,0.01,40,5,"OrderSendResult(retcode=10031, deal=0, order=0, volume=0.0, price=0.0, bid=0.0, ask=0.0, comment='Request rejected due to absence of network connection', request_id=0, retcode_external=0, request=TradeRequest(action=1, magic=234000, order=0, symbol='USDJPYm', volume=0.01, price=155.516, stoplimit=0.0, sl=155.916, tp=155.46599999999998, deviation=20, type=1, type_filling=0, type_time=0, expiration=0, comment='Phase4_Bot', position=0, position_by=0))"
2025-12-01 19:20:19.941699,USDJPYm,-1,SELL,155.516,10020.06,0.01,40,5,"OrderSendResult(retcode=10031, deal=0, order=0, volume=0.0, price=0.0, bid=0.0, ask=0.0, comment='Request rejected due to absence of network connection', request_id=0, retcode_external=0, request=TradeRequest(action=1, magic=234000, order=0, symbol='USDJPYm', volume=0.01, price=155.516, stoplimit=0.0, sl=155.916, tp=155.46599999999998, deviation=20, type=1, type_filling=0, type_time=0, expiration=0, comment='Phase4_Bot', position=0, position_by=0))"
2025-12-01 19:55:46.141830,USDJPYm,-1,SELL,155.516,10020.06,0.01,40,5,"OrderSendResult(retcode=10031, deal=0, order=0, volume=0.0, price=0.0, bid=0.0, ask=0.0, comment='Request rejected due to absence of network connection', request_id=0, retcode_external=0, request=TradeRequest(action=1, magic=234000, order=0, symbol='USDJPYm', volume=0.01, price=155.516, stoplimit=0.0, sl=155.916, tp=155.46599999999998, deviation=20, type=1, type_filling=0, type_time=0, expiration=0, comment='Phase4_Bot', position=0, position_by=0))"
2025-12-01 20:46:16.524786,USDJPYm,-1,SELL,155.516,10020.06,0.01,40,5,"OrderSendResult(retcode=10031, deal=0, order=0, volume=0.0, price=0.0, bid=0.0, ask=0.0, comment='Request rejected due to absence of network connection', request_id=0, retcode_external=0, request=TradeRequest(action=1, magic=234000, order=0, symbol='USDJPYm', volume=0.01, price=155.516, stoplimit=0.0, sl=155.916, tp=155.46599999999998, deviation=20, type=1, type_filling=0, type_time=0, expiration=0, comment='Phase4_Bot', position=0, position_by=0))"
2025-12-01 20:46:46.589488,USDJPYm,-1,SELL,155.516,10020.06,0.01,40,5,"OrderSendResult(retcode=10031, deal=0, order=0, volume=0.0, price=0.0, bid=0.0, ask=0.0, comment='Request rejected due to absence of network connection', request_id=0, retcode_external=0, request=TradeRequest(action=1, magic=234000, order=0, symbol='USDJPYm', volume=0.01, price=155.516, stoplimit=0.0, sl=155.916, tp=155.46599999999998, deviation=20, type=1, type_filling=0, type_time=0, expiration=0, comment='Phase4_Bot', position=0, position_by=0))"
2025-12-01 20:47:16.622562,USDJPYm,-1,SELL,155.516,10020.06,0.01,40,5,"OrderSendResult(retcode=10031, deal=0, order=0, volume=0.0, price=0.0, bid=0.0, ask=0.0, comment='Request rejected due to absence of network connection', request_id=0, retcode_external=0, request=TradeRequest(action=1, magic=234000, order=0, symbol='USDJPYm', volume=0.01, price=155.516, stoplimit=0.0, sl=155.916, tp=155.46599999999998, deviation=20, type=1, type_filling=0, type_time=0, expiration=0, comment='Phase4_Bot', position=0, position_by=0))"
2025-12-01 20:47:46.654014,USDJPYm,-1,SELL,155.516,10020.06,0.01,40,5,"OrderSendResult(retcode=10031, deal=0, order=0, volume=0.0, price=0.0, bid=0.0, ask=0.0, comment='Request rejected due to absence of network connection', request_id=0, retcode_external=0, request=TradeRequest(action=1, magic=234000, order=0, symbol='USDJPYm', volume=0.01, price=155.516, stoplimit=0.0, sl=155.916, tp=155.46599999999998, deviation=20, type=1, type_filling=0, type_time=0, expiration=0, comment='Phase4_Bot', position=0, position_by=0))"
2025-12-01 20:52:54.378338,USDJPYm,-1,SELL,155.516,10020.06,0.01,40,5,"OrderSendResult(retcode=10031, deal=0, order=0, volume=0.0, price=0.0, bid=0.0, ask=0.0, comment='Request rejected due to absence of network connection', request_id=0, retcode_external=0, request=TradeRequest(action=1, magic=234000, order=0, symbol='USDJPYm', volume=0.01, price=155.516, stoplimit=0.0, sl=155.916, tp=155.46599999999998, deviation=20, type=1, type_filling=0, type_time=0, expiration=0, comment='Phase4_Bot', position=0, position_by=0))"
2025-12-01 20:53:24.413426,USDJPYm,-1,SELL,155.516,10020.06,0.01,40,5,"OrderSendResult(retcode=10031, deal=0, order=0, volume=0.0, price=0.0, bid=0.0, ask=0.0, comment='Request rejected due to absence of network connection', request_id=0, retcode_external=0, request=TradeRequest(action=1, magic=234000, order=0, symbol='USDJPYm', volume=0.01, price=155.516, stoplimit=0.0, sl=155.916, tp=155.46599999999998, deviation=20, type=1, type_filling=0, type_time=0, expiration=0, comment='Phase4_Bot', position=0, position_by=0))"
2025-12-01 20:53:54.442540,USDJPYm,-1,SELL,155.516,10020.06,0.01,40,5,"OrderSendResult(retcode=10031, deal=0, order=0, volume=0.0, price=0.0, bid=0.0, ask=0.0, comment='Request rejected due to absence of network connection', request_id=0, retcode_external=0, request=TradeRequest(action=1, magic=234000, order=0, symbol='USDJPYm', volume=0.01, price=155.516, stoplimit=0.0, sl=155.916, tp=155.46599999999998, deviation=20, type=1, type_filling=0, type_time=0, expiration=0, comment='Phase4_Bot', position=0, position_by=0))"
2025-12-01 20:54:24.482898,USDJPYm,-1,SELL,155.516,10020.06,0.01,40,5,"OrderSendResult(retcode=10031, deal=0, order=0, volume=0.0, price=0.0, bid=0.0, ask=0.0, comment='Request rejected due to absence of network connection', request_id=0, retcode_external=0, request=TradeRequest(action=1, magic=234000, order=0, symbol='USDJPYm', volume=0.01, price=155.516, stoplimit=0.0, sl=155.916, tp=155.46599999999998, deviation=20, type=1, type_filling=0, type_time=0, expiration=0, comment='Phase4_Bot', position=0, position_by=0))"
2025-12-01 20:54:54.552976,USDJPYm,-1,SELL,155.516,10020.06,0.01,40,5,"OrderSendResult(retcode=10031, deal=0, order=0, volume=0.0, price=0.0, bid=0.0, ask=0.0, comment='Request rejected due to absence of network connection', request_id=0, retcode_external=0, request=TradeRequest(action=1, magic=234000, order=0, symbol='USDJPYm', volume=0.01, price=155.516, stoplimit=0.0, sl=155.916, tp=155.46599999999998, deviation=20, type=1, type_filling=0, type_time=0, expiration=0, comment='Phase4_Bot', position=0, position_by=0))"
2025-12-01 21:01:04.979260,USDJPYm,1,BUY,155.443,10024.37,0.01,40,2,"OrderSendResult(retcode=10009, deal=1577969672, order=2017070511, volume=0.01, price=155.451, bid=155.441, ask=155.451, comment='Phase4_Bot', request_id=4171122788, retcode_external=0, request=TradeRequest(action=1, magic=234000, order=0, symbol='USDJPYm', volume=0.01, price=155.451, stoplimit=0.0, sl=155.051, tp=155.471, deviation=20, type=0, type_filling=0, type_time=0, expiration=0, comment='Phase4_Bot', position=0, position_by=0))"
2025-12-01 21:01:35.584886,USDJPYm,1,BUY,155.44,10024.3,0.01,40,2,"OrderSendResult(retcode=10009, deal=1577971782, order=2017072805, volume=0.01, price=155.451, bid=155.441, ask=155.451, comment='Phase4_Bot', request_id=4171122789, retcode_external=0, request=TradeRequest(action=1, magic=234000, order=0, symbol='USDJPYm', volume=0.01, price=155.45, stoplimit=0.0, sl=155.04999999999998, tp=155.47, deviation=20, type=0, type_filling=0, type_time=0, expiration=0, comment='Phase4_Bot', position=0, position_by=0))"
2025-12-01 21:02:08.536888,USDJPYm,1,BUY,155.438,10024.21,0.01,40,2,"OrderSendResult(retcode=10009, deal=1577973445, order=2017074746, volume=0.01, price=155.45600000000002, bid=155.43800000000002, ask=155.45600000000002, comment='Phase4_Bot', request_id=4171122790, retcode_external=0, request=TradeRequest(action=1, magic=234000, order=0, symbol='USDJPYm', volume=0.01, price=155.456, stoplimit=0.0, sl=155.05599999999998, tp=155.476, deviation=20, type=0, type_filling=0, type_time=0, expiration=0, comment='Phase4_Bot', position=0, position_by=0))"
2025-12-01 21:02:39.609459,USDJPYm,1,BUY,155.442,10024.16,0.01,40,2,"OrderSendResult(retcode=10009, deal=1577974850, order=2017076374, volume=0.01, price=155.452, bid=155.442, ask=155.452, comment='Phase4_Bot', request_id=4171122791, retcode_external=0, request=TradeRequest(action=1, magic=234000, order=0, symbol='USDJPYm', volume=0.01, price=155.452, stoplimit=0.0, sl=155.052, tp=155.472, deviation=20, type=0, type_filling=0, type_time=0, expiration=0, comment='Phase4_Bot', position=0, position_by=0))"
2025-12-01 21:03:10.158715,USDJPYm,1,BUY,155.437,10023.97,0.01,40,2,"OrderSendResult(retcode=10009, deal=1577976314, order=2017078001, volume=0.01, price=155.447, bid=155.437, ask=155.447, comment='Phase4_Bot', request_id=4171122792, retcode_external=0, request=TradeRequest(action=1, magic=234000, order=0, symbol='USDJPYm', volume=0.01, price=155.447, stoplimit=0.0, sl=155.047, tp=155.467, deviation=20, type=0, type_filling=0, type_time=0, expiration=0, comment='Phase4_Bot', position=0, position_by=0))"
2025-12-01 21:03:40.750786,USDJPYm,1,BUY,155.44,10024.0,0.01,40,2,"OrderSendResult(retcode=10009, deal=1577976896, order=2017078751, volume=0.01, price=155.453, bid=155.435, ask=155.453, comment='Phase4_Bot', request_id=4171122793, retcode_external=0, request=TradeRequest(action=1, magic=234000, order=0, symbol='USDJPYm', volume=0.01, price=155.45, stoplimit=0.0, sl=155.04999999999998, tp=155.47, deviation=20, type=0, type_filling=0, type_time=0, expiration=0, comment='Phase4_Bot', position=0, position_by=0))"
2025-12-01 21:04:11.622081,USDJPYm,1,BUY,155.433,10023.64,0.01,40,2,"OrderSendResult(retcode=10009, deal=1577977792, order=2017079789, volume=0.01, price=155.451, bid=155.433, ask=155.451, comment='Phase4_Bot', request_id=4171122794, retcode_external=0, request=TradeRequest(action=1, magic=234000, order=0, symbol='USDJPYm', volume=0.01, price=155.451, stoplimit=0.0, sl=155.051, tp=155.471, deviation=20, type=0, type_filling=0, type_time=0, expiration=0, comment='Phase4_Bot', position=0, position_by=0))"
2025-12-01 21:04:42.534344,USDJPYm,1,BUY,155.439,10023.8,0.01,40,2,"OrderSendResult(retcode=10009, deal=1577978963, order=2017081029, volume=0.01, price=155.44899999999998, bid=155.439, ask=155.44899999999998, comment='Phase4_Bot', request_id=4171122795, retcode_external=0, request=TradeRequest(action=1, magic=234000, order=0, symbol='USDJPYm', volume=0.01, price=155.449, stoplimit=0.0, sl=155.049, tp=155.46900000000002, deviation=20, type=0, type_filling=0, type_time=0, expiration=0, comment='Phase4_Bot', position=0, position_by=0))"
2025-12-01 21:05:13.470051,USDJPYm,0,,155.431,10023.32,0,0,0,
2025-12-01 21:05:43.501411,USDJPYm,0,,155.439,10023.74,0,0,0,
2025-12-01 21:06:13.526803,USDJPYm,0,,155.445,10024.04,0,0,0,
2025-12-01 21:06:43.556305,USDJPYm,0,,155.448,10024.2,0,0,0,
2025-12-01 21:07:13.584848,USDJPYm,0,,155.442,10023.89,0,0,0,
2025-12-01 21:07:43.630733,USDJPYm,0,,155.438,10023.69,0,0,0,
2025-12-01 21:08:13.673084,USDJPYm,0,,155.433,10023.42,0,0,0,
2025-12-01 21:08:43.710100,USDJPYm,0,,155.437,10023.64,0,0,0,
2025-12-01 21:09:13.736839,USDJPYm,0,,155.437,10023.64,0,0,0,
2025-12-01 21:09:43.772011,USDJPYm,0,,155.437,10023.64,0,0,0,
2025-12-01 21:10:13.805338,USDJPYm,0,,155.438,10023.69,0,0,0,
2025-12-01 21:10:43.861652,USDJPYm,0,,155.438,10023.69,0,0,0,
2025-12-01 21:11:13.886655,USDJPYm,0,,155.438,10023.69,0,0,0,
2025-12-01 21:11:43.916346,USDJPYm,0,,155.438,10023.69,0,0,0,
2025-12-01 21:12:13.955687,USDJPYm,0,,155.438,10023.69,0,0,0,
2025-12-01 21:12:43.994342,USDJPYm,0,,155.438,10023.69,0,0,0,
2025-12-01 21:13:14.029670,USDJPYm,0,,155.438,10023.69,0,0,0,
2025-12-01 21:13:44.055774,USDJPYm,0,,155.438,10023.69,0,0,0,
2025-12-01 21:14:14.091361,USDJPYm,0,,155.438,10023.69,0,0,0,
2025-12-01 21:14:44.136945,USDJPYm,0,,155.438,10023.69,0,0,0,
2025-12-01 21:15:14.205206,USDJPYm,0,,155.438,10023.69,0,0,0,
2025-12-01 21:15:44.241478,USDJPYm,0,,155.438,10023.69,0,0,0,
2025-12-01 21:16:14.266524,USDJPYm,0,,155.438,10023.69,0,0,0,
2025-12-01 21:16:44.296358,USDJPYm,0,,155.438,10023.69,0,0,0,
2025-12-01 21:17:14.327758,USDJPYm,0,,155.438,10023.69,0,0,0,
2025-12-01 21:17:44.358092,USDJPYm,0,,155.438,10023.69,0,0,0,
2025-12-01 21:20:44.425494,USDJPYm,0,,155.438,10023.69,0,0,0,
2025-12-01 21:21:14.473771,USDJPYm,-1,SELL,155.439,10023.74,0.01,40,2,"OrderSendResult(retcode=10009, deal=1578014310, order=2017117955, volume=0.01, price=155.439, bid=155.439, ask=155.457, comment='Phase4_Bot', request_id=4171122796, retcode_external=0, request=TradeRequest(action=1, magic=234000, order=0, symbol='USDJPYm', volume=0.01, price=155.439, stoplimit=0.0, sl=155.839, tp=155.41899999999998, deviation=20, type=1, type_filling=0, type_time=0, expiration=0, comment='Phase4_Bot', position=0, position_by=0))"
2025-12-01 21:21:44.874115,USDJPYm,-1,SELL,155.433,10023.34,0.01,40,2,"OrderSendResult(retcode=10009, deal=1578015915, order=2017119535, volume=0.01, price=155.433, bid=155.433, ask=155.451, comment='Phase4_Bot', request_id=4171122797, retcode_external=0, request=TradeRequest(action=1, magic=234000, order=0, symbol='USDJPYm', volume=0.01, price=155.433, stoplimit=0.0, sl=155.833, tp=155.41299999999998, deviation=20, type=1, type_filling=0, type_time=0, expiration=0, comment='Phase4_Bot', position=0, position_by=0))"
2025-12-01 21:24:00.516632,USDJPYm,-1,SELL,155.451,10023.94,0.01,40,2,"OrderSendResult(retcode=10009, deal=1578020262, order=2017123930, volume=0.01, price=155.45600000000002, bid=155.45600000000002, ask=155.466, comment='Phase4_Bot', request_id=2527210806, retcode_external=0, request=TradeRequest(action=1, magic=234000, order=0, symbol='USDJPYm', volume=0.01, price=155.451, stoplimit=0.0, sl=155.851, tp=155.43099999999998, deviation=20, type=1, type_filling=0, type_time=0, expiration=0, comment='Phase4_Bot', position=0, position_by=0))"
2025-12-01 21:24:31.004402,USDJPYm,-1,SELL,155.456,10024.18,0.01,40,2,"OrderSendResult(retcode=10009, deal=1578021449, order=2017125116, volume=0.01, price=155.45600000000002, bid=155.45600000000002, ask=155.466, comment='Phase4_Bot', request_id=2527210807, retcode_external=0, request=TradeRequest(action=1, magic=234000, order=0, symbol='USDJPYm', volume=0.01, price=155.456, stoplimit=0.0, sl=155.856, tp=155.43599999999998, deviation=20, type=1, type_filling=0, type_time=0, expiration=0, comment='Phase4_Bot', position=0, position_by=0))"
2025-12-01 21:25:01.225205,USDJPYm,-1,SELL,155.436,10023.16,0.01,40,2,"OrderSendResult(retcode=10009, deal=1578022138, order=2017125801, volume=0.01, price=155.44400000000002, bid=155.44400000000002, ask=155.46200000000002, comment='Phase4_Bot', request_id=2527210808, retcode_external=0, request=TradeRequest(action=1, magic=234000, order=0, symbol='USDJPYm', volume=0.01, price=155.436, stoplimit=0.0, sl=155.836, tp=155.416, deviation=20, type=1, type_filling=0, type_time=0, expiration=0, comment='Phase4_Bot', position=0, position_by=0))"
2025-12-01 21:25:31.465090,USDJPYm,-1,SELL,155.461,10023.77,0.01,40,2,"OrderSendResult(retcode=10009, deal=1578022947, order=2017126641, volume=0.01, price=155.461, bid=155.461, ask=155.479, comment='Phase4_Bot', request_id=2527210809, retcode_external=0, request=TradeRequest(action=1, magic=234000, order=0, symbol='USDJPYm', volume=0.01, price=155.461, stoplimit=0.0, sl=155.86100000000002, tp=155.441, deviation=20, type=1, type_filling=0, type_time=0, expiration=0, comment='Phase4_Bot', position=0, position_by=0))"
2025-12-01 21:26:02.364573,USDJPYm,-1,SELL,155.462,10023.71,0.01,40,2,"OrderSendResult(retcode=10009, deal=1578023610, order=2017127368, volume=0.01, price=155.461, bid=155.461, ask=155.479, comment='Phase4_Bot', request_id=2527210810, retcode_external=0, request=TradeRequest(action=1, magic=234000, order=0, symbol='USDJPYm', volume=0.01, price=155.462, stoplimit=0.0, sl=155.862, tp=155.44199999999998, deviation=20, type=1, type_filling=0, type_time=0, expiration=0, comment='Phase4_Bot', position=0, position_by=0))"
2025-12-01 21:26:33.421648,USDJPYm,-1,SELL,155.452,10023.5,0.01,40,2,"OrderSendResult(retcode=10009, deal=1578024745, order=2017128498, volume=0.01, price=155.452, bid=155.452, ask=155.47, comment='Phase4_Bot', request_id=2527210811, retcode_external=0, request=TradeRequest(action=1, magic=234000, order=0, symbol='USDJPYm', volume=0.01, price=155.452, stoplimit=0.0, sl=155.852, tp=155.432, deviation=20, type=1, type_filling=0, type_time=0, expiration=0, comment='Phase4_Bot', position=0, position_by=0))"
2025-12-01 21:27:04.563063,USDJPYm,-1,SELL,155.456,10023.83,0.01,40,2,"OrderSendResult(retcode=10009, deal=1578025488, order=2017129277, volume=0.01, price=155.45600000000002, bid=155.45600000000002, ask=155.466, comment='Phase4_Bot', request_id=2527210812, retcode_external=0, request=TradeRequest(action=1, magic=234000, order=0, symbol='USDJPYm', volume=0.01, price=155.456, stoplimit=0.0, sl=155.856, tp=155.43599999999998, deviation=20, type=1, type_filling=0, type_time=0, expiration=0, comment='Phase4_Bot', position=0, position_by=0))"
2025-12-01 21:27:39.615436,USDJPYm,-1,SELL,155.457,10023.73,0.01,40,2,"OrderSendResult(retcode=10009, deal=1578026574, order=2017130310, volume=0.01, price=155.457, bid=155.457, ask=155.46699999999998, comment='Phase4_Bot', request_id=2527210813, retcode_external=0, request=TradeRequest(action=1, magic=234000, order=0, symbol='USDJPYm', volume=0.01, price=155.457, stoplimit=0.0, sl=155.857, tp=155.43699999999998, deviation=20, type=1, type_filling=0, type_time=0, expiration=0, comment='Phase4_Bot', position=0, position_by=0))"
2025-12-01 21:28:11.306972,USDJPYm,-1,SELL,155.456,10023.71,0.01,40,2,"OrderSendResult(retcode=10009, deal=1578027662, order=2017131407, volume=0.01, price=155.45600000000002, bid=155.45600000000002, ask=155.466, comment='Phase4_Bot', request_id=2527210814, retcode_external=0, request=TradeRequest(action=1, magic=234000, order=0, symbol='USDJPYm', volume=0.01, price=155.456, stoplimit=0.0, sl=155.856, tp=155.43599999999998, deviation=20, type=1, type_filling=0, type_time=0, expiration=0, comment='Phase4_Bot', position=0, position_by=0))"
2025-12-01 21:34:08.933725,USDJPYm,-1,SELL,155.456,10023.14,0.01,40,2,"OrderSendResult(retcode=10031, deal=0, order=0, volume=0.0, price=0.0, bid=0.0, ask=0.0, comment='Request rejected due to absence of network connection', request_id=0, retcode_external=0, request=TradeRequest(action=1, magic=234000, order=0, symbol='USDJPYm', volume=0.01, price=155.45, stoplimit=0.0, sl=155.85, tp=155.42999999999998, deviation=20, type=1, type_filling=0, type_time=0, expiration=0, comment='Phase4_Bot', position=0, position_by=0))"
2025-12-01 21:34:38.979091,USDJPYm,-1,SELL,155.456,10023.65,0.01,40,2,"OrderSendResult(retcode=10009, deal=1578035462, order=2017140077, volume=0.01, price=155.45600000000002, bid=155.45600000000002, ask=155.466, comment='Phase4_Bot', request_id=2527210815, retcode_external=0, request=TradeRequest(action=1, magic=234000, order=0, symbol='USDJPYm', volume=0.01, price=155.456, stoplimit=0.0, sl=155.856, tp=155.43599999999998, deviation=20, type=1, type_filling=0, type_time=0, expiration=0, comment='Phase4_Bot', position=0, position_by=0))"
2025-12-01 21:35:09.226356,USDJPYm,-1,SELL,155.457,10023.53,0.01,40,2,"OrderSendResult(retcode=10009, deal=1578037076, order=2017141650, volume=0.01, price=155.457, bid=155.457, ask=155.46699999999998, comment='Phase4_Bot', request_id=2527210816, retcode_external=0, request=TradeRequest(action=1, magic=234000, order=0, symbol='USDJPYm', volume=0.01, price=155.457, stoplimit=0.0, sl=155.857, tp=155.43699999999998, deviation=20, type=1, type_filling=0, type_time=0, expiration=0, comment='Phase4_Bot', position=0, position_by=0))"
2025-12-01 21:35:39.431398,USDJPYm,-1,SELL,155.456,10023.53,0.01,40,2,"OrderSendResult(retcode=10009, deal=1578038171, order=2017142800, volume=0.01, price=155.45600000000002, bid=155.45600000000002, ask=155.466, comment='Phase4_Bot', request_id=2527210817, retcode_external=0, request=TradeRequest(action=1, magic=234000, order=0, symbol='USDJPYm', volume=0.01, price=155.456, stoplimit=0.0, sl=155.856, tp=155.43599999999998, deviation=20, type=1, type_filling=0, type_time=0, expiration=0, comment='Phase4_Bot', position=0, position_by=0))"
2025-12-01 21:36:09.857713,USDJPYm,-1,SELL,155.462,10022.51,0.01,40,2,"OrderSendResult(retcode=10009, deal=1578038954, order=2017143612, volume=0.01, price=155.461, bid=155.461, ask=155.479, comment='Phase4_Bot', request_id=2527210818, retcode_external=0, request=TradeRequest(action=1, magic=234000, order=0, symbol='USDJPYm', volume=0.01, price=155.462, stoplimit=0.0, sl=155.862, tp=155.44199999999998, deviation=20, type=1, type_filling=0, type_time=0, expiration=0, comment='Phase4_Bot', position=0, position_by=0))"
2025-12-01 21:36:42.452010,USDJPYm,-1,SELL,155.463,10022.32,0.01,40,2,"OrderSendResult(retcode=10009, deal=1578040449, order=2017145040, volume=0.01, price=155.463, bid=155.463, ask=155.481, comment='Phase4_Bot', request_id=2527210819, retcode_external=0, request=TradeRequest(action=1, magic=234000, order=0, symbol='USDJPYm', volume=0.01, price=155.463, stoplimit=0.0, sl=155.863, tp=155.44299999999998, deviation=20, type=1, type_filling=0, type_time=0, expiration=0, comment='Phase4_Bot', position=0, position_by=0))"
2025-12-01 21:37:16.622445,USDJPYm,-1,SELL,155.475,10021.33,0.01,40,2,"OrderSendResult(retcode=10009, deal=1578041457, order=2017146135, volume=0.01, price=155.475, bid=155.475, ask=155.493, comment='Phase4_Bot', request_id=2527210820, retcode_external=0, request=TradeRequest(action=1, magic=234000, order=0, symbol='USDJPYm', volume=0.01, price=155.475, stoplimit=0.0, sl=155.875, tp=155.45499999999998, deviation=20, type=1, type_filling=0, type_time=0, expiration=0, comment='Phase4_Bot', position=0, position_by=0))"
2025-12-01 21:38:14.119627,USDJPYm,-1,SELL,155.476,10022.03,0.01,40,2,"OrderSendResult(retcode=10009, deal=1578042935, order=2017147782, volume=0.01, price=155.476, bid=155.476, ask=155.486, comment='Phase4_Bot', request_id=2527210821, retcode_external=0, request=TradeRequest(action=1, magic=234000, order=0, symbol='USDJPYm', volume=0.01, price=155.476, stoplimit=0.0, sl=155.876, tp=155.456, deviation=20, type=1, type_filling=0, type_time=0, expiration=0, comment='Phase4_Bot', position=0, position_by=0))"
2025-12-01 21:39:01.681022,USDJPYm,-1,SELL,155.476,10021.97,0.01,40,2,"OrderSendResult(retcode=10009, deal=1578043761, order=2017148696, volume=0.01, price=155.476, bid=155.476, ask=155.486, comment='Phase4_Bot', request_id=2527210822, retcode_external=0, request=TradeRequest(action=1, magic=234000, order=0, symbol='USDJPYm', volume=0.01, price=155.476, stoplimit=0.0, sl=155.876, tp=155.456, deviation=20, type=1, type_filling=0, type_time=0, expiration=0, comment='Phase4_Bot', position=0, position_by=0))"
2025-12-01 21:39:53.274824,USDJPYm,-1,SELL,155.476,10021.91,0.01,40,2,"OrderSendResult(retcode=10009, deal=1578045046, order=2017150066, volume=0.01, price=155.476, bid=155.476, ask=155.486, comment='Phase4_Bot', request_id=2527210823, retcode_external=0, request=TradeRequest(action=1, magic=234000, order=0, symbol='USDJPYm', volume=0.01, price=155.476, stoplimit=0.0, sl=155.876, tp=155.456, deviation=20, type=1, type_filling=0, type_time=0, expiration=0, comment='Phase4_Bot', position=0, position_by=0))"
2025-12-01 21:40:23.662145,USDJPYm,-1,SELL,155.462,10022.62,0.01,40,2,"OrderSendResult(retcode=10009, deal=1578045859, order=2017150957, volume=0.01, price=155.462, bid=155.462, ask=155.48, comment='Phase4_Bot', request_id=2527210824, retcode_external=0, request=TradeRequest(action=1, magic=234000, order=0, symbol='USDJPYm', volume=0.01, price=155.462, stoplimit=0.0, sl=155.862, tp=155.44199999999998, deviation=20, type=1, type_filling=0, type_time=0, expiration=0, comment='Phase4_Bot', position=0, position_by=0))"
2025-12-01 21:40:53.867133,USDJPYm,-1,SELL,155.47,10022.5,0.01,40,2,"OrderSendResult(retcode=10009, deal=1578046519, order=2017151634, volume=0.01, price=155.47, bid=155.47, ask=155.48, comment='Phase4_Bot', request_id=2527210825, retcode_external=0, request=TradeRequest(action=1, magic=234000, order=0, symbol='USDJPYm', volume=0.01, price=155.47, stoplimit=0.0, sl=155.87, tp=155.45, deviation=20, type=1, type_filling=0, type_time=0, expiration=0, comment='Phase4_Bot', position=0, position_by=0))"
2025-12-01 21:41:26.329625,USDJPYm,-1,SELL,155.472,10022.09,0.01,40,2,"OrderSendResult(retcode=10009, deal=1578047608, order=2017152797, volume=0.01, price=155.472, bid=155.472, ask=155.482, comment='Phase4_Bot', request_id=2527210826, retcode_external=0, request=TradeRequest(action=1, magic=234000, order=0, symbol='USDJPYm', volume=0.01, price=155.472, stoplimit=0.0, sl=155.872, tp=155.452, deviation=20, type=1, type_filling=0, type_time=0, expiration=0, comment='Phase4_Bot', position=0, position_by=0))"
2025-12-01 21:41:56.566430,USDJPYm,-1,SELL,155.462,10022.39,0.01,40,2,"OrderSendResult(retcode=10009, deal=1578048929, order=2017154126, volume=0.01, price=155.461, bid=155.461, ask=155.479, comment='Phase4_Bot', request_id=2527210827, retcode_external=0, request=TradeRequest(action=1, magic=234000, order=0, symbol='USDJPYm', volume=0.01, price=155.462, stoplimit=0.0, sl=155.862, tp=155.44199999999998, deviation=20, type=1, type_filling=0, type_time=0, expiration=0, comment='Phase4_Bot', position=0, position_by=0))"
2025-12-01 21:47:18.747370,USDJPYm,-1,SELL,155.466,10021.47,0.01,40,2,"OrderSendResult(retcode=10031, deal=0, order=0, volume=0.0, price=0.0, bid=0.0, ask=0.0, comment='Request rejected due to absence of network connection', request_id=2527210828, retcode_external=0, request=TradeRequest(action=1, magic=234000, order=0, symbol='USDJPYm', volume=0.01, price=155.467, stoplimit=0.0, sl=155.86700000000002, tp=155.447, deviation=20, type=1, type_filling=0, type_time=0, expiration=0, comment='Phase4_Bot', position=0, position_by=0))"
2025-12-01 21:48:29.688560,USDJPYm,-1,SELL,155.467,10021.47,0.01,40,2,"OrderSendResult(retcode=10031, deal=0, order=0, volume=0.0, price=0.0, bid=0.0, ask=0.0, comment='Request rejected due to absence of network connection', request_id=0, retcode_external=0, request=TradeRequest(action=1, magic=234000, order=0, symbol='USDJPYm', volume=0.01, price=155.467, stoplimit=0.0, sl=155.86700000000002, tp=155.447, deviation=20, type=1, type_filling=0, type_time=0, expiration=0, comment='Phase4_Bot', position=0, position_by=0))"
2025-12-01 21:48:59.716392,USDJPYm,-1,SELL,155.467,10021.47,0.01,40,2,"OrderSendResult(retcode=10031, deal=0, order=0, volume=0.0, price=0.0, bid=0.0, ask=0.0, comment='Request rejected due to absence of network connection', request_id=0, retcode_external=0, request=TradeRequest(action=1, magic=234000, order=0, symbol='USDJPYm', volume=0.01, price=155.467, stoplimit=0.0, sl=155.86700000000002, tp=155.447, deviation=20, type=1, type_filling=0, type_time=0, expiration=0, comment='Phase4_Bot', position=0, position_by=0))"
2025-12-01 21:49:29.750154,USDJPYm,-1,SELL,155.467,10018.03,0.01,40,2,"OrderSendResult(retcode=10009, deal=1578056924, order=2017163116, volume=0.01, price=155.496, bid=155.496, ask=155.514, comment='Phase4_Bot', request_id=2527210829, retcode_external=0, request=TradeRequest(action=1, magic=234000, order=0, symbol='USDJPYm', volume=0.01, price=155.491, stoplimit=0.0, sl=155.89100000000002, tp=155.471, deviation=20, type=1, type_filling=0, type_time=0, expiration=0, comment='Phase4_Bot', position=0, position_by=0))"
2025-12-01 21:50:42.566957,USDJPYm,0,,155.498,10016.54,0,0,0,
2025-12-01 21:51:12.595452,USDJPYm,0,,155.485,10018.66,0,0,0,
2025-12-01 21:51:42.650624,USDJPYm,0,,155.491,10017.69,0,0,0,
2025-12-01 21:52:12.681867,USDJPYm,0,,155.485,10018.66,0,0,0,
2025-12-01 21:52:42.713927,USDJPYm,0,,155.483,10018.95,0,0,0,
2025-12-01 21:53:12.749959,USDJPYm,0,,155.488,10019.44,0,0,0,
2025-12-01 21:53:42.790512,USDJPYm,0,,155.488,10019.44,0,0,0,
2025-12-01 21:54:12.822652,USDJPYm,0,,155.489,10019.29,0,0,0,
2025-12-01 21:54:42.858162,USDJPYm,0,,155.475,10020.21,0,0,0,
2025-12-01 21:55:12.902169,USDJPYm,0,,155.473,10020.55,0,0,0,
2025-12-01 21:55:42.931504,USDJPYm,0,,155.478,10021.04,0,0,0,
2025-12-01 21:56:12.976957,USDJPYm,0,,155.468,10021.41,0,0,0,
2025-12-01 21:56:43.010392,USDJPYm,0,,155.475,10021.54,0,0,0,
2025-12-01 21:57:13.036224,USDJPYm,0,,155.475,10021.54,0,0,0,
2025-12-01 21:57:43.066037,USDJPYm,0,,155.478,10019.73,0,0,0,
2025-12-01 21:58:13.093823,USDJPYm,0,,155.484,10017.48,0,0,0,
2025-12-01 21:58:43.122052,USDJPYm,0,,155.467,10020.21,0,0,0,
2025-12-01 21:59:13.158077,USDJPYm,0,,155.45,10021.04,0,0,0,
2025-12-01 21:59:43.187109,USDJPYm,0,,155.462,10019.16,0,0,0,
2025-12-01 22:00:13.226192,USDJPYm,0,,155.46,10019.44,0,0,0,
2025-12-01 22:00:43.265178,USDJPYm,0,,155.46,10019.44,0,0,0,
2025-12-01 22:01:13.299074,USDJPYm,0,,155.46,10019.44,0,0,0,
2025-12-01 22:01:43.325474,USDJPYm,0,,155.46,10019.44,0,0,0,
2025-12-01 22:02:13.350875,USDJPYm,0,,155.46,10019.44,0,0,0,
2025-12-01 22:02:43.381497,USDJPYm,0,,155.46,10019.44,0,0,0,
2025-12-01 22:03:13.409727,USDJPYm,0,,155.46,10019.44,0,0,0,
2025-12-01 22:03:43.434801,USDJPYm,0,,155.46,10019.44,0,0,0,
2025-12-01 22:04:13.460660,USDJPYm,0,,155.46,10019.44,0,0,0,
2025-12-01 22:04:43.495901,USDJPYm,0,,155.46,10019.44,0,0,0,
2025-12-01 22:05:13.525540,USDJPYm,0,,155.46,10019.44,0,0,0,
2025-12-01 22:05:43.555409,USDJPYm,-1,SELL,155.395,10011.71,0.01,40,2,"OrderSendResult(retcode=10009, deal=1578075177, order=2017183550, volume=0.01, price=155.431, bid=155.431, ask=155.507, comment='Phase4_Bot', request_id=2527210830, retcode_external=0, request=TradeRequest(action=1, magic=234000, order=0, symbol='USDJPYm', volume=0.01, price=155.395, stoplimit=0.0, sl=155.79500000000002, tp=155.375, deviation=20, type=1, type_filling=0, type_time=0, expiration=0, comment='Phase4_Bot', position=0, position_by=0))"
2025-12-01 22:06:29.153781,USDJPYm,1,BUY,155.453,10020.16,0.01,40,2,"OrderSendResult(retcode=10009, deal=1578075843, order=2017185220, volume=0.01, price=155.491, bid=155.453, ask=155.491, comment='Phase4_Bot', request_id=2527210831, retcode_external=0, request=TradeRequest(action=1, magic=234000, order=0, symbol='USDJPYm', volume=0.01, price=155.491, stoplimit=0.0, sl=155.091, tp=155.51100000000002, deviation=20, type=0, type_filling=0, type_time=0, expiration=0, comment='Phase4_Bot', position=0, position_by=0))"
2025-12-01 22:07:09.464559,USDJPYm,0,,155.438,10018.51,0,0,0,
2025-12-01 22:07:39.497484,USDJPYm,0,,155.431,10018.46,0,0,0,
2025-12-01 22:08:09.525182,USDJPYm,0,,155.429,10018.61,0,0,0,
2025-12-01 22:08:39.556168,USDJPYm,1,BUY,155.454,10019.79,0.01,40,2,"OrderSendResult(retcode=10009, deal=1578076885, order=2017190949, volume=0.01, price=155.49200000000002, bid=155.454, ask=155.49200000000002, comment='Phase4_Bot', request_id=2527210832, retcode_external=0, request=TradeRequest(action=1, magic=234000, order=0, symbol='USDJPYm', volume=0.01, price=155.492, stoplimit=0.0, sl=155.09199999999998, tp=155.512, deviation=20, type=0, type_filling=0, type_time=0, expiration=0, comment='Phase4_Bot', position=0, position_by=0))"
2025-12-01 22:09:14.799339,USDJPYm,1,BUY,155.446,10016.88,0.01,40,2,"OrderSendResult(retcode=10009, deal=1578077159, order=2017192960, volume=0.01, price=155.516, bid=155.44, ask=155.516, comment='Phase4_Bot', request_id=2527210833, retcode_external=0, request=TradeRequest(action=1, magic=234000, order=0, symbol='USDJPYm', volume=0.01, price=155.507, stoplimit=0.0, sl=155.107, tp=155.52700000000002, deviation=20, type=0, type_filling=0, type_time=0, expiration=0, comment='Phase4_Bot', position=0, position_by=0))"
2025-12-01 22:09:47.123338,USDJPYm,1,BUY,155.446,10016.43,0.01,40,2,"OrderSendResult(retcode=10009, deal=1578077331, order=2017194289, volume=0.01, price=155.507, bid=155.446, ask=155.507, comment='Phase4_Bot', request_id=2527210834, retcode_external=0, request=TradeRequest(action=1, magic=234000, order=0, symbol='USDJPYm', volume=0.01, price=155.507, stoplimit=0.0, sl=155.107, tp=155.52700000000002, deviation=20, type=0, type_filling=0, type_time=0, expiration=0, comment='Phase4_Bot', position=0, position_by=0))"
2025-12-01 22:10:27.963984,USDJPYm,1,BUY,155.46,10019.99,0.01,40,2,"OrderSendResult(retcode=10009, deal=1578077556, order=2017196360, volume=0.01, price=155.48600000000002, bid=155.46, ask=155.48600000000002, comment='Phase4_Bot', request_id=2527210835, retcode_external=0, request=TradeRequest(action=1, magic=234000, order=0, symbol='USDJPYm', volume=0.01, price=155.486, stoplimit=0.0, sl=155.08599999999998, tp=155.506, deviation=20, type=0, type_filling=0, type_time=0, expiration=0, comment='Phase4_Bot', position=0, position_by=0))"
2025-12-01 22:11:00.448917,USDJPYm,1,BUY,155.459,10019.92,0.01,40,2,"OrderSendResult(retcode=10009, deal=1578077808, order=2017197936, volume=0.01, price=155.485, bid=155.459, ask=155.485, comment='Phase4_Bot', request_id=2527210836, retcode_external=0, request=TradeRequest(action=1, magic=234000, order=0, symbol='USDJPYm', volume=0.01, price=155.485, stoplimit=0.0, sl=155.085, tp=155.50500000000002, deviation=20, type=0, type_filling=0, type_time=0, expiration=0, comment='Phase4_Bot', position=0, position_by=0))"
2025-12-01 22:11:37.585447,USDJPYm,1,BUY,155.458,10019.88,0.01,40,2,"OrderSendResult(retcode=10009, deal=1578078168, order=2017200965, volume=0.01, price=155.484, bid=155.458, ask=155.484, comment='Phase4_Bot', request_id=2527210837, retcode_external=0, request=TradeRequest(action=1, magic=234000, order=0, symbol='USDJPYm', volume=0.01, price=155.484, stoplimit=0.0, sl=155.084, tp=155.50400000000002, deviation=20, type=0, type_filling=0, type_time=0, expiration=0, comment='Phase4_Bot', position=0, position_by=0))"
2025-12-01 22:12:11.558270,USDJPYm,0,,155.449,10018.79,0,0,0,
2025-12-01 22:12:41.593563,USDJPYm,0,,155.451,10018.59,0,0,0,
2025-12-01 22:13:11.624149,USDJPYm,0,,155.45,10018.67,0,0,0,
2025-12-01 22:13:41.659905,USDJPYm,0,,155.431,10017.17,0,0,0,
2025-12-01 22:15:44.808127,USDJPYm,0,,155.425,10015.72,0,0,0,
2025-12-01 22:16:14.857839,USDJPYm,0,,155.435,10015.01,0,0,0,
2025-12-02 23:24:20.839709,USDJPYm,0,,155.402
2025-12-02 23:24:50.901239,USDJPYm,0,,155.836
2025-12-02 23:25:20.918276,USDJPYm,0,,155.833
2025-12-02 23:25:50.935884,USDJPYm,0,,155.833
2025-12-02 23:26:20.952822,USDJPYm,0,,155.833
2025-12-02 23:26:50.971848,USDJPYm,-1,SELL,155.851,0.01,20,40,"OrderSendResult(retcode=10044, deal=0, order=2022905709, volume=0.01, price=0.0, bid=0.0, ask=0.0, comment='Phase6_Bot', request_id=1207956230, retcode_external=0, request=TradeRequest(action=1, magic=234000, order=0, symbol='USDJPYm', volume=0.01, price=155.851, stoplimit=0.0, sl=156.051, tp=155.451, deviation=20, type=1, type_filling=0, type_time=0, expiration=0, comment='Phase6_Bot', position=0, position_by=0))"
2025-12-02 23:27:21.108161,USDJPYm,0,,155.834
2025-12-02 23:27:51.125424,USDJPYm,0,,155.834
2025-12-02 23:28:21.139927,USDJPYm,0,,155.839
2025-12-02 23:28:51.155078,USDJPYm,-1,SELL,155.844,0.01,20,40,"OrderSendResult(retcode=10044, deal=0, order=2022908724, volume=0.01, price=0.0, bid=0.0, ask=0.0, comment='Phase6_Bot', request_id=1207956231, retcode_external=0, request=TradeRequest(action=1, magic=234000, order=0, symbol='USDJPYm', volume=0.01, price=155.844, stoplimit=0.0, sl=156.04399999999998, tp=155.444, deviation=20, type=1, type_filling=0, type_time=0, expiration=0, comment='Phase6_Bot', position=0, position_by=0))"
2025-12-02 23:40:43.450063,USDJPYm,-1,SELL,155.844,0.01,20,40,"OrderSendResult(retcode=10031, deal=0, order=0, volume=0.0, price=0.0, bid=0.0, ask=0.0, comment='Request rejected due to absence of network connection', request_id=1207956232, retcode_external=0, request=TradeRequest(action=1, magic=234000, order=0, symbol='USDJPYm', volume=0.01, price=155.845, stoplimit=0.0, sl=156.045, tp=155.445, deviation=20, type=1, type_filling=0, type_time=0, expiration=0, comment='Phase6_Bot', position=0, position_by=0))"
2025-12-02 23:41:32.775040,USDJPYm,0,,155.81
2025-12-02 23:42:02.791248,USDJPYm,0,,155.808
2025-12-02 23:42:32.809769,USDJPYm,0,,155.805
2025-12-02 23:43:02.824984,USDJPYm,0,,155.811
2025-12-02 23:43:32.846829,USDJPYm,0,,155.81
2025-12-02 23:44:02.865651,USDJPYm,0,,155.811
2025-12-02 23:44:32.882205,USDJPYm,0,,155.808
2025-12-02 23:45:02.899664,USDJPYm,0,,155.809
2025-12-02 23:45:32.916993,USDJPYm,0,,155.81
2025-12-02 23:46:02.932193,USDJPYm,0,,155.811
2025-12-02 23:46:32.948027,USDJPYm,0,,155.815
2025-12-02 23:47:02.971205,USDJPYm,0,,155.822
2025-12-02 23:47:32.987562,USDJPYm,0,,155.822
2025-12-02 23:48:03.003012,USDJPYm,0,,155.822
2025-12-02 23:48:33.018399,USDJPYm,0,,155.822
2025-12-02 23:49:03.035135,USDJPYm,0,,155.821
2025-12-02 23:49:33.051057,USDJPYm,0,,155.82
2025-12-02 23:50:03.070629,USDJPYm,-1,SELL,155.81,0.01,20,40,"OrderSendResult(retcode=10044, deal=0, order=2022947054, volume=0.01, price=0.0, bid=0.0, ask=0.0, comment='Phase6_Bot', request_id=1207956233, retcode_external=0, request=TradeRequest(action=1, magic=234000, order=0, symbol='USDJPYm', volume=0.01, price=155.81, stoplimit=0.0, sl=156.01, tp=155.41, deviation=20, type=1, type_filling=0, type_time=0, expiration=0, comment='Phase6_Bot', position=0, position_by=0))"
2025-12-02 23:50:33.205208,USDJPYm,-1,SELL,155.812,0.01,20,40,"OrderSendResult(retcode=10044, deal=0, order=2022948420, volume=0.01, price=0.0, bid=0.0, ask=0.0, comment='Phase6_Bot', request_id=1207956234, retcode_external=0, request=TradeRequest(action=1, magic=234000, order=0, symbol='USDJPYm', volume=0.01, price=155.812, stoplimit=0.0, sl=156.012, tp=155.412, deviation=20, type=1, type_filling=0, type_time=0, expiration=0, comment='Phase6_Bot', position=0, position_by=0))"
2025-12-02 23:51:03.334666,USDJPYm,1,BUY,155.792,0.01,20,40,"OrderSendResult(retcode=10044, deal=0, order=2022950188, volume=0.01, price=0.0, bid=0.0, ask=0.0, comment='Phase6_Bot', request_id=1207956235, retcode_external=0, request=TradeRequest(action=1, magic=234000, order=0, symbol='USDJPYm', volume=0.01, price=155.81, stoplimit=0.0, sl=155.61, tp=156.21, deviation=20, type=0, type_filling=0, type_time=0, expiration=0, comment='Phase6_Bot', position=0, position_by=0))"
2025-12-02 23:51:52.143079,USDJPYm,1,BUY,155.796,0.01,20,40,"OrderSendResult(retcode=10031, deal=0, order=0, volume=0.0, price=0.0, bid=0.0, ask=0.0, comment='Request rejected due to absence of network connection', request_id=1207956236, retcode_external=0, request=TradeRequest(action=1, magic=234000, order=0, symbol='USDJPYm', volume=0.01, price=155.8, stoplimit=0.0, sl=155.60000000000002, tp=156.20000000000002, deviation=20, type=0, type_filling=0, type_time=0, expiration=0, comment='Phase6_Bot', position=0, position_by=0))"
2025-12-02 23:52:41.460198,USDJPYm,1,BUY,155.771,0.01,20,40,"OrderSendResult(retcode=10044, deal=0, order=2022953786, volume=0.01, price=0.0, bid=0.0, ask=0.0, comment='Phase6_Bot', request_id=1207956237, retcode_external=0, request=TradeRequest(action=1, magic=234000, order=0, symbol='USDJPYm', volume=0.01, price=155.801, stoplimit=0.0, sl=155.601, tp=156.201, deviation=20, type=0, type_filling=0, type_time=0, expiration=0, comment='Phase6_Bot', position=0, position_by=0))"
2025-12-02 23:53:11.587791,USDJPYm,1,BUY,155.766,0.01,20,40,"OrderSendResult(retcode=10044, deal=0, order=2022954631, volume=0.01, price=0.0, bid=0.0, ask=0.0, comment='Phase6_Bot', request_id=1207956238, retcode_external=0, request=TradeRequest(action=1, magic=234000, order=0, symbol='USDJPYm', volume=0.01, price=155.804, stoplimit=0.0, sl=155.604, tp=156.204, deviation=20, type=0, type_filling=0, type_time=0, expiration=0, comment='Phase6_Bot', position=0, position_by=0))"
2025-12-02 23:53:41.719738,USDJPYm,1,BUY,155.762,0.01,20,40,"OrderSendResult(retcode=10044, deal=0, order=2022955518, volume=0.01, price=0.0, bid=0.0, ask=0.0, comment='Phase6_Bot', request_id=1207956239, retcode_external=0, request=TradeRequest(action=1, magic=234000, order=0, symbol='USDJPYm', volume=0.01, price=155.8, stoplimit=0.0, sl=155.60000000000002, tp=156.20000000000002, deviation=20, type=0, type_filling=0, type_time=0, expiration=0, comment='Phase6_Bot', position=0, position_by=0))"
2025-12-02 23:54:11.852335,USDJPYm,1,BUY,155.772,0.01,20,40,"OrderSendResult(retcode=10044, deal=0, order=2022956661, volume=0.01, price=0.0, bid=0.0, ask=0.0, comment='Phase6_Bot', request_id=1207956240, retcode_external=0, request=TradeRequest(action=1, magic=234000, order=0, symbol='USDJPYm', volume=0.01, price=155.802, stoplimit=0.0, sl=155.602, tp=156.202, deviation=20, type=0, type_filling=0, type_time=0, expiration=0, comment='Phase6_Bot', position=0, position_by=0))"
2025-12-02 23:54:41.997869,USDJPYm,1,BUY,155.779,0.01,20,40,"OrderSendResult(retcode=10044, deal=0, order=2022957286, volume=0.01, price=0.0, bid=0.0, ask=0.0, comment='Phase6_Bot', request_id=1207956241, retcode_external=0, request=TradeRequest(action=1, magic=234000, order=0, symbol='USDJPYm', volume=0.01, price=155.817, stoplimit=0.0, sl=155.61700000000002, tp=156.217, deviation=20, type=0, type_filling=0, type_time=0, expiration=0, comment='Phase6_Bot', position=0, position_by=0))"
