time,symbol,signal,action,price,lots,sl_pips,tp_pips,order_result
2025-12-02 23:55:12.138848,USDJPYm,-1,SELL,155.787,0.01,20,40,"OrderSendResult(retcode=10044, deal=0, order=2022958454, volume=0.01, price=0.0, bid=0.0, ask=0.0, comment='Phase6_Bot', request_id=1207956242, retcode_external=0, request=TradeRequest(action=1, magic=234000, order=0, symbol='USDJPYm', volume=0.01, price=155.787, stoplimit=0.0, sl=155.987, tp=155.387, deviation=20, type=1, type_filling=0, type_time=0, expiration=0, comment='Phase6_Bot', position=0, position_by=0))"
2025-12-02 23:55:42.267102,USDJPYm,-1,SELL,155.804,0.01,20,40,"OrderSendResult(retcode=10044, deal=0, order=2022959369, volume=0.01, price=0.0, bid=0.0, ask=0.0, comment='Phase6_Bot', request_id=1207956243, retcode_external=0, request=TradeRequest(action=1, magic=234000, order=0, symbol='USDJPYm', volume=0.01, price=155.804, stoplimit=0.0, sl=156.004, tp=155.404, deviation=20, type=1, type_filling=0, type_time=0, expiration=0, comment='Phase6_Bot', position=0, position_by=0))"
2025-12-02 23:56:12.399541,USDJPYm,-1,SELL,155.808,0.01,20,40,"OrderSendResult(retcode=10044, deal=0, order=2022960526, volume=0.01, price=0.0, bid=0.0, ask=0.0, comment='Phase6_Bot', request_id=1207956244, retcode_external=0, request=TradeRequest(action=1, magic=234000, order=0, symbol='USDJPYm', volume=0.01, price=155.808, stoplimit=0.0, sl=156.00799999999998, tp=155.408, deviation=20, type=1, type_filling=0, type_time=0, expiration=0, comment='Phase6_Bot', position=0, position_by=0))"
2025-12-02 23:56:42.523590,USDJPYm,-1,SELL,155.811,0.01,20,40,"OrderSendResult(retcode=10044, deal=0, order=2022961123, volume=0.01, price=0.0, bid=0.0, ask=0.0, comment='Phase6_Bot', request_id=1207956245, retcode_external=0, request=TradeRequest(action=1, magic=234000, order=0, symbol='USDJPYm', volume=0.01, price=155.811, stoplimit=0.0, sl=156.011, tp=155.411, deviation=20, type=1, type_filling=0, type_time=0, expiration=0, comment='Phase6_Bot', position=0, position_by=0))"
2025-12-02 23:57:12.670579,USDJPYm,-1,SELL,155.816,0.01,20,40,"OrderSendResult(retcode=10044, deal=0, order=2022961809, volume=0.01, price=0.0, bid=0.0, ask=0.0, comment='Phase6_Bot', request_id=1207956246, retcode_external=0, request=TradeRequest(action=1, magic=234000, order=0, symbol='USDJPYm', volume=0.01, price=155.816, stoplimit=0.0, sl=156.016, tp=155.416, deviation=20, type=1, type_filling=0, type_time=0, expiration=0, comment='Phase6_Bot', position=0, position_by=0))"
2025-12-02 23:57:42.803566,USDJPYm,-1,SELL,155.811,0.01,20,40,"OrderSendResult(retcode=10044, deal=0, order=2022962759, volume=0.01, price=0.0, bid=0.0, ask=0.0, comment='Phase6_Bot', request_id=1207956247, retcode_external=0, request=TradeRequest(action=1, magic=234000, order=0, symbol='USDJPYm', volume=0.01, price=155.811, stoplimit=0.0, sl=156.011, tp=155.411, deviation=20, type=1, type_filling=0, type_time=0, expiration=0, comment='Phase6_Bot', position=0, position_by=0))"
2025-12-02 23:58:12.924656,USDJPYm,-1,SELL,155.791,0.01,20,40,"OrderSendResult(retcode=10044, deal=0, order=2022963897, volume=0.01, price=0.0, bid=0.0, ask=0.0, comment='Phase6_Bot', request_id=1207956248, retcode_external=0, request=TradeRequest(action=1, magic=234000, order=0, symbol='USDJPYm', volume=0.01, price=155.791, stoplimit=0.0, sl=155.99099999999999, tp=155.391, deviation=20, type=1, type_filling=0, type_time=0, expiration=0, comment='Phase6_Bot', position=0, position_by=0))"
2025-12-02 23:58:43.084271,USDJPYm,-1,SELL,155.796,0.01,20,40,"OrderSendResult(retcode=10044, deal=0, order=2022964578, volume=0.01, price=0.0, bid=0.0, ask=0.0, comment='Phase6_Bot', request_id=1207956249, retcode_external=0, request=TradeRequest(action=1, magic=234000, order=0, symbol='USDJPYm', volume=0.01, price=155.796, stoplimit=0.0, sl=155.99599999999998, tp=155.396, deviation=20, type=1, type_filling=0, type_time=0, expiration=0, comment='Phase6_Bot', position=0, position_by=0))"
2025-12-02 23:59:13.225673,USDJPYm,1,BUY,155.781,0.01,20,40,"OrderSendResult(retcode=10044, deal=0, order=2022965542, volume=0.01, price=0.0, bid=0.0, ask=0.0, comment='Phase6_Bot', request_id=1207956250, retcode_external=0, request=TradeRequest(action=1, magic=234000, order=0, symbol='USDJPYm', volume=0.01, price=155.799, stoplimit=0.0, sl=155.59900000000002, tp=156.199, deviation=20, type=0, type_filling=0, type_time=0, expiration=0, comment='Phase6_Bot', position=0, position_by=0))"
2025-12-02 23:59:43.362875,USDJPYm,1,BUY,155.757,0.01,20,40,"OrderSendResult(retcode=10044, deal=0, order=2022966304, volume=0.01, price=0.0, bid=0.0, ask=0.0, comment='Phase6_Bot', request_id=1207956251, retcode_external=0, request=TradeRequest(action=1, magic=234000, order=0, symbol='USDJPYm', volume=0.01, price=155.783, stoplimit=0.0, sl=155.583, tp=156.183, deviation=20, type=0, type_filling=0, type_time=0, expiration=0, comment='Phase6_Bot', position=0, position_by=0))"
2025-12-03 00:00:13.498303,USDJPYm,1,BUY,155.754,0.01,20,40,"OrderSendResult(retcode=10044, deal=0, order=2022968420, volume=0.01, price=0.0, bid=0.0, ask=0.0, comment='Phase6_Bot', request_id=1207956252, retcode_external=0, request=TradeRequest(action=1, magic=234000, order=0, symbol='USDJPYm', volume=0.01, price=155.764, stoplimit=0.0, sl=155.56400000000002, tp=156.16400000000002, deviation=20, type=0, type_filling=0, type_time=0, expiration=0, comment='Phase6_Bot', position=0, position_by=0))"
2025-12-03 00:00:43.688068,USDJPYm,-1,SELL,155.772,0.01,20,40,"OrderSendResult(retcode=10044, deal=0, order=2022969387, volume=0.01, price=0.0, bid=0.0, ask=0.0, comment='Phase6_Bot', request_id=1207956253, retcode_external=0, request=TradeRequest(action=1, magic=234000, order=0, symbol='USDJPYm', volume=0.01, price=155.772, stoplimit=0.0, sl=155.97199999999998, tp=155.37199999999999, deviation=20, type=1, type_filling=0, type_time=0, expiration=0, comment='Phase6_Bot', position=0, position_by=0))"
2025-12-03 00:01:13.835114,USDJPYm,-1,SELL,155.77,0.01,20,40,"OrderSendResult(retcode=10044, deal=0, order=2022970228, volume=0.01, price=0.0, bid=0.0, ask=0.0, comment='Phase6_Bot', request_id=1207956254, retcode_external=0, request=TradeRequest(action=1, magic=234000, order=0, symbol='USDJPYm', volume=0.01, price=155.77, stoplimit=0.0, sl=155.97, tp=155.37, deviation=20, type=1, type_filling=0, type_time=0, expiration=0, comment='Phase6_Bot', position=0, position_by=0))"
2025-12-03 00:01:43.964177,USDJPYm,1,BUY,155.726,0.01,20,40,"OrderSendResult(retcode=10044, deal=0, order=2022971649, volume=0.01, price=0.0, bid=0.0, ask=0.0, comment='Phase6_Bot', request_id=1207956255, retcode_external=0, request=TradeRequest(action=1, magic=234000, order=0, symbol='USDJPYm', volume=0.01, price=155.736, stoplimit=0.0, sl=155.536, tp=156.136, deviation=20, type=0, type_filling=0, type_time=0, expiration=0, comment='Phase6_Bot', position=0, position_by=0))"
2025-12-03 00:02:14.098815,USDJPYm,1,BUY,155.71,0.01,20,40,"OrderSendResult(retcode=10044, deal=0, order=2022973020, volume=0.01, price=0.0, bid=0.0, ask=0.0, comment='Phase6_Bot', request_id=1207956256, retcode_external=0, request=TradeRequest(action=1, magic=234000, order=0, symbol='USDJPYm', volume=0.01, price=155.72, stoplimit=0.0, sl=155.52, tp=156.12, deviation=20, type=0, type_filling=0, type_time=0, expiration=0, comment='Phase6_Bot', position=0, position_by=0))"
2025-12-03 00:02:44.256877,USDJPYm,1,BUY,155.693,0.01,20,40,"OrderSendResult(retcode=10044, deal=0, order=2022974690, volume=0.01, price=0.0, bid=0.0, ask=0.0, comment='Phase6_Bot', request_id=1207956257, retcode_external=0, request=TradeRequest(action=1, magic=234000, order=0, symbol='USDJPYm', volume=0.01, price=155.703, stoplimit=0.0, sl=155.50300000000001, tp=156.103, deviation=20, type=0, type_filling=0, type_time=0, expiration=0, comment='Phase6_Bot', position=0, position_by=0))"
2025-12-03 00:03:14.385290,USDJPYm,1,BUY,155.716,0.01,20,40,"OrderSendResult(retcode=10044, deal=0, order=2022975679, volume=0.01, price=0.0, bid=0.0, ask=0.0, comment='Phase6_Bot', request_id=1207956258, retcode_external=0, request=TradeRequest(action=1, magic=234000, order=0, symbol='USDJPYm', volume=0.01, price=155.726, stoplimit=0.0, sl=155.526, tp=156.126, deviation=20, type=0, type_filling=0, type_time=0, expiration=0, comment='Phase6_Bot', position=0, position_by=0))"
2025-12-03 00:03:44.512214,USDJPYm,1,BUY,155.713,0.01,20,40,"OrderSendResult(retcode=10044, deal=0, order=2022976885, volume=0.01, price=0.0, bid=0.0, ask=0.0, comment='Phase6_Bot', request_id=1207956259, retcode_external=0, request=TradeRequest(action=1, magic=234000, order=0, symbol='USDJPYm', volume=0.01, price=155.723, stoplimit=0.0, sl=155.52300000000002, tp=156.12300000000002, deviation=20, type=0, type_filling=0, type_time=0, expiration=0, comment='Phase6_Bot', position=0, position_by=0))"
2025-12-03 00:04:14.642008,USDJPYm,1,BUY,155.697,0.01,20,40,"OrderSendResult(retcode=10044, deal=0, order=2022977846, volume=0.01, price=0.0, bid=0.0, ask=0.0, comment='Phase6_Bot', request_id=1207956260, retcode_external=0, request=TradeRequest(action=1, magic=234000, order=0, symbol='USDJPYm', volume=0.01, price=155.707, stoplimit=0.0, sl=155.507, tp=156.107, deviation=20, type=0, type_filling=0, type_time=0, expiration=0, comment='Phase6_Bot', position=0, position_by=0))"
2025-12-03 00:04:44.764542,USDJPYm,1,BUY,155.712,0.01,20,40,"OrderSendResult(retcode=10044, deal=0, order=2022978879, volume=0.01, price=0.0, bid=0.0, ask=0.0, comment='Phase6_Bot', request_id=1207956261, retcode_external=0, request=TradeRequest(action=1, magic=234000, order=0, symbol='USDJPYm', volume=0.01, price=155.722, stoplimit=0.0, sl=155.52200000000002, tp=156.122, deviation=20, type=0, type_filling=0, type_time=0, expiration=0, comment='Phase6_Bot', position=0, position_by=0))"
2025-12-03 00:05:14.884602,USDJPYm,1,BUY,155.672,0.01,20,40,"OrderSendResult(retcode=10044, deal=0, order=2022979879, volume=0.01, price=0.0, bid=0.0, ask=0.0, comment='Phase6_Bot', request_id=1207956262, retcode_external=0, request=TradeRequest(action=1, magic=234000, order=0, symbol='USDJPYm', volume=0.01, price=155.682, stoplimit=0.0, sl=155.482, tp=156.082, deviation=20, type=0, type_filling=0, type_time=0, expiration=0, comment='Phase6_Bot', position=0, position_by=0))"
2025-12-03 00:05:45.003172,USDJPYm,1,BUY,155.678,0.01,20,40,"OrderSendResult(retcode=10044, deal=0, order=2022980683, volume=0.01, price=0.0, bid=0.0, ask=0.0, comment='Phase6_Bot', request_id=1207956263, retcode_external=0, request=TradeRequest(action=1, magic=234000, order=0, symbol='USDJPYm', volume=0.01, price=155.688, stoplimit=0.0, sl=155.488, tp=156.088, deviation=20, type=0, type_filling=0, type_time=0, expiration=0, comment='Phase6_Bot', position=0, position_by=0))"
2025-12-03 00:06:15.125693,USDJPYm,1,BUY,155.69,0.01,20,40,"OrderSendResult(retcode=10044, deal=0, order=2022981412, volume=0.01, price=0.0, bid=0.0, ask=0.0, comment='Phase6_Bot', request_id=1207956264, retcode_external=0, request=TradeRequest(action=1, magic=234000, order=0, symbol='USDJPYm', volume=0.01, price=155.7, stoplimit=0.0, sl=155.5, tp=156.1, deviation=20, type=0, type_filling=0, type_time=0, expiration=0, comment='Phase6_Bot', position=0, position_by=0))"
2025-12-03 00:06:45.288710,USDJPYm,1,BUY,155.694,0.01,20,40,"OrderSendResult(retcode=10044, deal=0, order=2022982250, volume=0.01, price=0.0, bid=0.0, ask=0.0, comment='Phase6_Bot', request_id=1207956265, retcode_external=0, request=TradeRequest(action=1, magic=234000, order=0, symbol='USDJPYm', volume=0.01, price=155.704, stoplimit=0.0, sl=155.50400000000002, tp=156.104, deviation=20, type=0, type_filling=0, type_time=0, expiration=0, comment='Phase6_Bot', position=0, position_by=0))"
2025-12-03 00:07:31.463458,USDJPYm,1,BUY,155.693,0.01,20,40,"OrderSendResult(retcode=10044, deal=0, order=2022983511, volume=0.01, price=0.0, bid=0.0, ask=0.0, comment='Phase6_Bot', request_id=1207956266, retcode_external=0, request=TradeRequest(action=1, magic=234000, order=0, symbol='USDJPYm', volume=0.01, price=155.698, stoplimit=0.0, sl=155.49800000000002, tp=156.098, deviation=20, type=0, type_filling=0, type_time=0, expiration=0, comment='Phase6_Bot', position=0, position_by=0))"
2025-12-03 00:08:02.935737,USDJPYm,1,BUY,155.693,0.01,20,40,"OrderSendResult(retcode=10044, deal=0, order=2022984306, volume=0.01, price=0.0, bid=0.0, ask=0.0, comment='Phase6_Bot', request_id=1207956267, retcode_external=0, request=TradeRequest(action=1, magic=234000, order=0, symbol='USDJPYm', volume=0.01, price=155.703, stoplimit=0.0, sl=155.50300000000001, tp=156.103, deviation=20, type=0, type_filling=0, type_time=0, expiration=0, comment='Phase6_Bot', position=0, position_by=0))"
2025-12-03 00:08:33.114010,USDJPYm,1,BUY,155.707,0.01,20,40,"OrderSendResult(retcode=10044, deal=0, order=2022985515, volume=0.01, price=0.0, bid=0.0, ask=0.0, comment='Phase6_Bot', request_id=1207956268, retcode_external=0, request=TradeRequest(action=1, magic=234000, order=0, symbol='USDJPYm', volume=0.01, price=155.717, stoplimit=0.0, sl=155.51700000000002, tp=156.11700000000002, deviation=20, type=0, type_filling=0, type_time=0, expiration=0, comment='Phase6_Bot', position=0, position_by=0))"
2025-12-03 00:09:03.246316,USDJPYm,1,BUY,155.714,0.01,20,40,"OrderSendResult(retcode=10044, deal=0, order=2022986243, volume=0.01, price=0.0, bid=0.0, ask=0.0, comment='Phase6_Bot', request_id=1207956269, retcode_external=0, request=TradeRequest(action=1, magic=234000, order=0, symbol='USDJPYm', volume=0.01, price=155.724, stoplimit=0.0, sl=155.524, tp=156.124, deviation=20, type=0, type_filling=0, type_time=0, expiration=0, comment='Phase6_Bot', position=0, position_by=0))"
2025-12-03 00:09:33.394697,USDJPYm,1,BUY,155.721,0.01,20,40,"OrderSendResult(retcode=10044, deal=0, order=2022987072, volume=0.01, price=0.0, bid=0.0, ask=0.0, comment='Phase6_Bot', request_id=1207956270, retcode_external=0, request=TradeRequest(action=1, magic=234000, order=0, symbol='USDJPYm', volume=0.01, price=155.731, stoplimit=0.0, sl=155.531, tp=156.131, deviation=20, type=0, type_filling=0, type_time=0, expiration=0, comment='Phase6_Bot', position=0, position_by=0))"
2025-12-03 00:10:03.527401,USDJPYm,1,BUY,155.713,0.01,20,40,"OrderSendResult(retcode=10044, deal=0, order=2022987941, volume=0.01, price=0.0, bid=0.0, ask=0.0, comment='Phase6_Bot', request_id=1207956271, retcode_external=0, request=TradeRequest(action=1, magic=234000, order=0, symbol='USDJPYm', volume=0.01, price=155.723, stoplimit=0.0, sl=155.52300000000002, tp=156.12300000000002, deviation=20, type=0, type_filling=0, type_time=0, expiration=0, comment='Phase6_Bot', position=0, position_by=0))"
2025-12-03 00:10:33.657482,USDJPYm,1,BUY,155.732,0.01,20,40,"OrderSendResult(retcode=10044, deal=0, order=2022988603, volume=0.01, price=0.0, bid=0.0, ask=0.0, comment='Phase6_Bot', request_id=1207956272, retcode_external=0, request=TradeRequest(action=1, magic=234000, order=0, symbol='USDJPYm', volume=0.01, price=155.742, stoplimit=0.0, sl=155.542, tp=156.142, deviation=20, type=0, type_filling=0, type_time=0, expiration=0, comment='Phase6_Bot', position=0, position_by=0))"
2025-12-03 00:11:03.779267,USDJPYm,1,BUY,155.74,0.01,20,40,"OrderSendResult(retcode=10044, deal=0, order=2022989055, volume=0.01, price=0.0, bid=0.0, ask=0.0, comment='Phase6_Bot', request_id=1207956273, retcode_external=0, request=TradeRequest(action=1, magic=234000, order=0, symbol='USDJPYm', volume=0.01, price=155.75, stoplimit=0.0, sl=155.55, tp=156.15, deviation=20, type=0, type_filling=0, type_time=0, expiration=0, comment='Phase6_Bot', position=0, position_by=0))"
2025-12-03 00:11:33.914169,USDJPYm,1,BUY,155.75,0.01,20,40,"OrderSendResult(retcode=10044, deal=0, order=2022990062, volume=0.01, price=0.0, bid=0.0, ask=0.0, comment='Phase6_Bot', request_id=1207956274, retcode_external=0, request=TradeRequest(action=1, magic=234000, order=0, symbol='USDJPYm', volume=0.01, price=155.76, stoplimit=0.0, sl=155.56, tp=156.16, deviation=20, type=0, type_filling=0, type_time=0, expiration=0, comment='Phase6_Bot', position=0, position_by=0))"
2025-12-03 00:12:04.050805,USDJPYm,1,BUY,155.739,0.01,20,40,"OrderSendResult(retcode=10044, deal=0, order=2022990844, volume=0.01, price=0.0, bid=0.0, ask=0.0, comment='Phase6_Bot', request_id=1207956275, retcode_external=0, request=TradeRequest(action=1, magic=234000, order=0, symbol='USDJPYm', volume=0.01, price=155.749, stoplimit=0.0, sl=155.549, tp=156.149, deviation=20, type=0, type_filling=0, type_time=0, expiration=0, comment='Phase6_Bot', position=0, position_by=0))"
2025-12-03 00:12:34.195253,USDJPYm,1,BUY,155.737,0.01,20,40,"OrderSendResult(retcode=10044, deal=0, order=2022991807, volume=0.01, price=0.0, bid=0.0, ask=0.0, comment='Phase6_Bot', request_id=1207956276, retcode_external=0, request=TradeRequest(action=1, magic=234000, order=0, symbol='USDJPYm', volume=0.01, price=155.747, stoplimit=0.0, sl=155.54700000000003, tp=156.14700000000002, deviation=20, type=0, type_filling=0, type_time=0, expiration=0, comment='Phase6_Bot', position=0, position_by=0))"
2025-12-03 00:13:04.330460,USDJPYm,1,BUY,155.734,0.01,20,40,"OrderSendResult(retcode=10044, deal=0, order=2022992513, volume=0.01, price=0.0, bid=0.0, ask=0.0, comment='Phase6_Bot', request_id=1207956277, retcode_external=0, request=TradeRequest(action=1, magic=234000, order=0, symbol='USDJPYm', volume=0.01, price=155.744, stoplimit=0.0, sl=155.544, tp=156.144, deviation=20, type=0, type_filling=0, type_time=0, expiration=0, comment='Phase6_Bot', position=0, position_by=0))"
2025-12-03 00:13:34.465310,USDJPYm,1,BUY,155.738,0.01,20,40,"OrderSendResult(retcode=10044, deal=0, order=2022992996, volume=0.01, price=0.0, bid=0.0, ask=0.0, comment='Phase6_Bot', request_id=1207956278, retcode_external=0, request=TradeRequest(action=1, magic=234000, order=0, symbol='USDJPYm', volume=0.01, price=155.748, stoplimit=0.0, sl=155.548, tp=156.148, deviation=20, type=0, type_filling=0, type_time=0, expiration=0, comment='Phase6_Bot', position=0, position_by=0))"
2025-12-03 00:14:04.599959,USDJPYm,1,BUY,155.74,0.01,20,40,"OrderSendResult(retcode=10044, deal=0, order=2022993800, volume=0.01, price=0.0, bid=0.0, ask=0.0, comment='Phase6_Bot', request_id=1207956279, retcode_external=0, request=TradeRequest(action=1, magic=234000, order=0, symbol='USDJPYm', volume=0.01, price=155.75, stoplimit=0.0, sl=155.55, tp=156.15, deviation=20, type=0, type_filling=0, type_time=0, expiration=0, comment='Phase6_Bot', position=0, position_by=0))"
2025-12-03 00:14:34.734621,USDJPYm,1,BUY,155.723,0.01,20,40,"OrderSendResult(retcode=10044, deal=0, order=2022994794, volume=0.01, price=0.0, bid=0.0, ask=0.0, comment='Phase6_Bot', request_id=1207956280, retcode_external=0, request=TradeRequest(action=1, magic=234000, order=0, symbol='USDJPYm', volume=0.01, price=155.733, stoplimit=0.0, sl=155.53300000000002, tp=156.133, deviation=20, type=0, type_filling=0, type_time=0, expiration=0, comment='Phase6_Bot', position=0, position_by=0))"
2025-12-03 00:15:04.873938,USDJPYm,1,BUY,155.714,0.01,20,40,"OrderSendResult(retcode=10044, deal=0, order=2022995306, volume=0.01, price=0.0, bid=0.0, ask=0.0, comment='Phase6_Bot', request_id=1207956281, retcode_external=0, request=TradeRequest(action=1, magic=234000, order=0, symbol='USDJPYm', volume=0.01, price=155.724, stoplimit=0.0, sl=155.524, tp=156.124, deviation=20, type=0, type_filling=0, type_time=0, expiration=0, comment='Phase6_Bot', position=0, position_by=0))"
2025-12-03 00:15:35.003936,USDJPYm,1,BUY,155.7,0.01,20,40,"OrderSendResult(retcode=10044, deal=0, order=2022996026, volume=0.01, price=0.0, bid=0.0, ask=0.0, comment='Phase6_Bot', request_id=1207956282, retcode_external=0, request=TradeRequest(action=1, magic=234000, order=0, symbol='USDJPYm', volume=0.01, price=155.71, stoplimit=0.0, sl=155.51000000000002, tp=156.11, deviation=20, type=0, type_filling=0, type_time=0, expiration=0, comment='Phase6_Bot', position=0, position_by=0))"
2025-12-03 00:16:05.128037,USDJPYm,1,BUY,155.702,0.01,20,40,"OrderSendResult(retcode=10044, deal=0, order=2022996869, volume=0.01, price=0.0, bid=0.0, ask=0.0, comment='Phase6_Bot', request_id=1207956283, retcode_external=0, request=TradeRequest(action=1, magic=234000, order=0, symbol='USDJPYm', volume=0.01, price=155.712, stoplimit=0.0, sl=155.512, tp=156.112, deviation=20, type=0, type_filling=0, type_time=0, expiration=0, comment='Phase6_Bot', position=0, position_by=0))"
2025-12-03 00:16:35.269407,USDJPYm,1,BUY,155.699,0.01,20,40,"OrderSendResult(retcode=10044, deal=0, order=2022997814, volume=0.01, price=0.0, bid=0.0, ask=0.0, comment='Phase6_Bot', request_id=1207956284, retcode_external=0, request=TradeRequest(action=1, magic=234000, order=0, symbol='USDJPYm', volume=0.01, price=155.709, stoplimit=0.0, sl=155.50900000000001, tp=156.109, deviation=20, type=0, type_filling=0, type_time=0, expiration=0, comment='Phase6_Bot', position=0, position_by=0))"
2025-12-03 00:17:05.395560,USDJPYm,1,BUY,155.718,0.01,20,40,"OrderSendResult(retcode=10044, deal=0, order=2022998513, volume=0.01, price=0.0, bid=0.0, ask=0.0, comment='Phase6_Bot', request_id=1207956285, retcode_external=0, request=TradeRequest(action=1, magic=234000, order=0, symbol='USDJPYm', volume=0.01, price=155.728, stoplimit=0.0, sl=155.52800000000002, tp=156.12800000000001, deviation=20, type=0, type_filling=0, type_time=0, expiration=0, comment='Phase6_Bot', position=0, position_by=0))"
2025-12-03 00:17:35.538125,USDJPYm,1,BUY,155.711,0.01,20,40,"OrderSendResult(retcode=10044, deal=0, order=2022999352, volume=0.01, price=0.0, bid=0.0, ask=0.0, comment='Phase6_Bot', request_id=1207956286, retcode_external=0, request=TradeRequest(action=1, magic=234000, order=0, symbol='USDJPYm', volume=0.01, price=155.721, stoplimit=0.0, sl=155.52100000000002, tp=156.121, deviation=20, type=0, type_filling=0, type_time=0, expiration=0, comment='Phase6_Bot', position=0, position_by=0))"
2025-12-03 00:18:05.669866,USDJPYm,1,BUY,155.703,0.01,20,40,"OrderSendResult(retcode=10044, deal=0, order=2022999852, volume=0.01, price=0.0, bid=0.0, ask=0.0, comment='Phase6_Bot', request_id=1207956287, retcode_external=0, request=TradeRequest(action=1, magic=234000, order=0, symbol='USDJPYm', volume=0.01, price=155.713, stoplimit=0.0, sl=155.513, tp=156.113, deviation=20, type=0, type_filling=0, type_time=0, expiration=0, comment='Phase6_Bot', position=0, position_by=0))"
2025-12-03 00:18:35.827764,USDJPYm,1,BUY,155.702,0.01,20,40,"OrderSendResult(retcode=10044, deal=0, order=2023000473, volume=0.01, price=0.0, bid=0.0, ask=0.0, comment='Phase6_Bot', request_id=1207956288, retcode_external=0, request=TradeRequest(action=1, magic=234000, order=0, symbol='USDJPYm', volume=0.01, price=155.712, stoplimit=0.0, sl=155.512, tp=156.112, deviation=20, type=0, type_filling=0, type_time=0, expiration=0, comment='Phase6_Bot', position=0, position_by=0))"
2025-12-03 00:19:05.963139,USDJPYm,1,BUY,155.714,0.01,20,40,"OrderSendResult(retcode=10044, deal=0, order=2023001154, volume=0.01, price=0.0, bid=0.0, ask=0.0, comment='Phase6_Bot', request_id=1207956289, retcode_external=0, request=TradeRequest(action=1, magic=234000, order=0, symbol='USDJPYm', volume=0.01, price=155.724, stoplimit=0.0, sl=155.524, tp=156.124, deviation=20, type=0, type_filling=0, type_time=0, expiration=0, comment='Phase6_Bot', position=0, position_by=0))"
2025-12-03 00:19:36.111678,USDJPYm,1,BUY,155.714,0.01,20,40,"OrderSendResult(retcode=10044, deal=0, order=2023001536, volume=0.01, price=0.0, bid=0.0, ask=0.0, comment='Phase6_Bot', request_id=1207956290, retcode_external=0, request=TradeRequest(action=1, magic=234000, order=0, symbol='USDJPYm', volume=0.01, price=155.724, stoplimit=0.0, sl=155.524, tp=156.124, deviation=20, type=0, type_filling=0, type_time=0, expiration=0, comment='Phase6_Bot', position=0, position_by=0))"
2025-12-03 00:20:06.239075,USDJPYm,1,BUY,155.713,0.01,20,40,"OrderSendResult(retcode=10044, deal=0, order=2023002021, volume=0.01, price=0.0, bid=0.0, ask=0.0, comment='Phase6_Bot', request_id=1207956291, retcode_external=0, request=TradeRequest(action=1, magic=234000, order=0, symbol='USDJPYm', volume=0.01, price=155.723, stoplimit=0.0, sl=155.52300000000002, tp=156.12300000000002, deviation=20, type=0, type_filling=0, type_time=0, expiration=0, comment='Phase6_Bot', position=0, position_by=0))"
2025-12-03 00:20:36.369885,USDJPYm,1,BUY,155.7,0.01,20,40,"OrderSendResult(retcode=10044, deal=0, order=2023002534, volume=0.01, price=0.0, bid=0.0, ask=0.0, comment='Phase6_Bot', request_id=1207956292, retcode_external=0, request=TradeRequest(action=1, magic=234000, order=0, symbol='USDJPYm', volume=0.01, price=155.71, stoplimit=0.0, sl=155.51000000000002, tp=156.11, deviation=20, type=0, type_filling=0, type_time=0, expiration=0, comment='Phase6_Bot', position=0, position_by=0))"
2025-12-03 00:21:06.505672,USDJPYm,1,BUY,155.706,0.01,20,40,"OrderSendResult(retcode=10044, deal=0, order=2023003759, volume=0.01, price=0.0, bid=0.0, ask=0.0, comment='Phase6_Bot', request_id=1207956293, retcode_external=0, request=TradeRequest(action=1, magic=234000, order=0, symbol='USDJPYm', volume=0.01, price=155.716, stoplimit=0.0, sl=155.51600000000002, tp=156.116, deviation=20, type=0, type_filling=0, type_time=0, expiration=0, comment='Phase6_Bot', position=0, position_by=0))"
2025-12-03 00:21:36.629831,USDJPYm,1,BUY,155.711,0.01,20,40,"OrderSendResult(retcode=10044, deal=0, order=2023004328, volume=0.01, price=0.0, bid=0.0, ask=0.0, comment='Phase6_Bot', request_id=1207956294, retcode_external=0, request=TradeRequest(action=1, magic=234000, order=0, symbol='USDJPYm', volume=0.01, price=155.721, stoplimit=0.0, sl=155.52100000000002, tp=156.121, deviation=20, type=0, type_filling=0, type_time=0, expiration=0, comment='Phase6_Bot', position=0, position_by=0))"
2025-12-03 00:22:06.774770,USDJPYm,1,BUY,155.713,0.01,20,40,"OrderSendResult(retcode=10044, deal=0, order=2023005000, volume=0.01, price=0.0, bid=0.0, ask=0.0, comment='Phase6_Bot', request_id=1207956295, retcode_external=0, request=TradeRequest(action=1, magic=234000, order=0, symbol='USDJPYm', volume=0.01, price=155.723, stoplimit=0.0, sl=155.52300000000002, tp=156.12300000000002, deviation=20, type=0, type_filling=0, type_time=0, expiration=0, comment='Phase6_Bot', position=0, position_by=0))"
2025-12-03 00:22:36.917238,USDJPYm,1,BUY,155.712,0.01,20,40,"OrderSendResult(retcode=10044, deal=0, order=2023005758, volume=0.01, price=0.0, bid=0.0, ask=0.0, comment='Phase6_Bot', request_id=1207956296, retcode_external=0, request=TradeRequest(action=1, magic=234000, order=0, symbol='USDJPYm', volume=0.01, price=155.722, stoplimit=0.0, sl=155.52200000000002, tp=156.122, deviation=20, type=0, type_filling=0, type_time=0, expiration=0, comment='Phase6_Bot', position=0, position_by=0))"
2025-12-03 00:23:07.044877,USDJPYm,1,BUY,155.718,0.01,20,40,"OrderSendResult(retcode=10044, deal=0, order=2023006731, volume=0.01, price=0.0, bid=0.0, ask=0.0, comment='Phase6_Bot', request_id=1207956297, retcode_external=0, request=TradeRequest(action=1, magic=234000, order=0, symbol='USDJPYm', volume=0.01, price=155.728, stoplimit=0.0, sl=155.52800000000002, tp=156.12800000000001, deviation=20, type=0, type_filling=0, type_time=0, expiration=0, comment='Phase6_Bot', position=0, position_by=0))"
2025-12-03 00:23:37.183608,USDJPYm,1,BUY,155.703,0.01,20,40,"OrderSendResult(retcode=10044, deal=0, order=2023007596, volume=0.01, price=0.0, bid=0.0, ask=0.0, comment='Phase6_Bot', request_id=1207956298, retcode_external=0, request=TradeRequest(action=1, magic=234000, order=0, symbol='USDJPYm', volume=0.01, price=155.713, stoplimit=0.0, sl=155.513, tp=156.113, deviation=20, type=0, type_filling=0, type_time=0, expiration=0, comment='Phase6_Bot', position=0, position_by=0))"
2025-12-03 00:24:07.332254,USDJPYm,1,BUY,155.68,0.01,20,40,"OrderSendResult(retcode=10044, deal=0, order=2023008240, volume=0.01, price=0.0, bid=0.0, ask=0.0, comment='Phase6_Bot', request_id=1207956299, retcode_external=0, request=TradeRequest(action=1, magic=234000, order=0, symbol='USDJPYm', volume=0.01, price=155.69, stoplimit=0.0, sl=155.49, tp=156.09, deviation=20, type=0, type_filling=0, type_time=0, expiration=0, comment='Phase6_Bot', position=0, position_by=0))"
2025-12-03 00:24:37.464751,USDJPYm,1,BUY,155.68,0.01,20,40,"OrderSendResult(retcode=10044, deal=0, order=2023008822, volume=0.01, price=0.0, bid=0.0, ask=0.0, comment='Phase6_Bot', request_id=1207956300, retcode_external=0, request=TradeRequest(action=1, magic=234000, order=0, symbol='USDJPYm', volume=0.01, price=155.69, stoplimit=0.0, sl=155.49, tp=156.09, deviation=20, type=0, type_filling=0, type_time=0, expiration=0, comment='Phase6_Bot', position=0, position_by=0))"
2025-12-03 00:25:07.593442,USDJPYm,1,BUY,155.677,0.01,20,40,"OrderSendResult(retcode=10044, deal=0, order=2023009565, volume=0.01, price=0.0, bid=0.0, ask=0.0, comment='Phase6_Bot', request_id=1207956301, retcode_external=0, request=TradeRequest(action=1, magic=234000, order=0, symbol='USDJPYm', volume=0.01, price=155.687, stoplimit=0.0, sl=155.48700000000002, tp=156.08700000000002, deviation=20, type=0, type_filling=0, type_time=0, expiration=0, comment='Phase6_Bot', position=0, position_by=0))"
2025-12-03 00:25:37.719650,USDJPYm,1,BUY,155.678,0.01,20,40,"OrderSendResult(retcode=10044, deal=0, order=2023010709, volume=0.01, price=0.0, bid=0.0, ask=0.0, comment='Phase6_Bot', request_id=1207956302, retcode_external=0, request=TradeRequest(action=1, magic=234000, order=0, symbol='USDJPYm', volume=0.01, price=155.688, stoplimit=0.0, sl=155.488, tp=156.088, deviation=20, type=0, type_filling=0, type_time=0, expiration=0, comment='Phase6_Bot', position=0, position_by=0))"
2025-12-03 00:26:07.850574,USDJPYm,1,BUY,155.675,0.01,20,40,"OrderSendResult(retcode=10044, deal=0, order=2023011829, volume=0.01, price=0.0, bid=0.0, ask=0.0, comment='Phase6_Bot', request_id=1207956303, retcode_external=0, request=TradeRequest(action=1, magic=234000, order=0, symbol='USDJPYm', volume=0.01, price=155.685, stoplimit=0.0, sl=155.485, tp=156.085, deviation=20, type=0, type_filling=0, type_time=0, expiration=0, comment='Phase6_Bot', position=0, position_by=0))"
2025-12-03 00:26:37.985412,USDJPYm,1,BUY,155.67,0.01,20,40,"OrderSendResult(retcode=10044, deal=0, order=2023013033, volume=0.01, price=0.0, bid=0.0, ask=0.0, comment='Phase6_Bot', request_id=1207956304, retcode_external=0, request=TradeRequest(action=1, magic=234000, order=0, symbol='USDJPYm', volume=0.01, price=155.68, stoplimit=0.0, sl=155.48000000000002, tp=156.08, deviation=20, type=0, type_filling=0, type_time=0, expiration=0, comment='Phase6_Bot', position=0, position_by=0))"
2025-12-03 00:27:08.115884,USDJPYm,1,BUY,155.661,0.01,20,40,"OrderSendResult(retcode=10044, deal=0, order=2023014519, volume=0.01, price=0.0, bid=0.0, ask=0.0, comment='Phase6_Bot', request_id=1207956305, retcode_external=0, request=TradeRequest(action=1, magic=234000, order=0, symbol='USDJPYm', volume=0.01, price=155.671, stoplimit=0.0, sl=155.471, tp=156.071, deviation=20, type=0, type_filling=0, type_time=0, expiration=0, comment='Phase6_Bot', position=0, position_by=0))"
2025-12-03 00:27:38.240316,USDJPYm,1,BUY,155.682,0.01,20,40,"OrderSendResult(retcode=10044, deal=0, order=2023015321, volume=0.01, price=0.0, bid=0.0, ask=0.0, comment='Phase6_Bot', request_id=1207956306, retcode_external=0, request=TradeRequest(action=1, magic=234000, order=0, symbol='USDJPYm', volume=0.01, price=155.692, stoplimit=0.0, sl=155.49200000000002, tp=156.092, deviation=20, type=0, type_filling=0, type_time=0, expiration=0, comment='Phase6_Bot', position=0, position_by=0))"
2025-12-03 00:28:08.374817,USDJPYm,1,BUY,155.689,0.01,20,40,"OrderSendResult(retcode=10044, deal=0, order=2023016733, volume=0.01, price=0.0, bid=0.0, ask=0.0, comment='Phase6_Bot', request_id=1207956307, retcode_external=0, request=TradeRequest(action=1, magic=234000, order=0, symbol='USDJPYm', volume=0.01, price=155.699, stoplimit=0.0, sl=155.49900000000002, tp=156.09900000000002, deviation=20, type=0, type_filling=0, type_time=0, expiration=0, comment='Phase6_Bot', position=0, position_by=0))"
2025-12-03 00:28:38.529638,USDJPYm,1,BUY,155.677,0.01,20,40,"OrderSendResult(retcode=10044, deal=0, order=2023017878, volume=0.01, price=0.0, bid=0.0, ask=0.0, comment='Phase6_Bot', request_id=1207956308, retcode_external=0, request=TradeRequest(action=1, magic=234000, order=0, symbol='USDJPYm', volume=0.01, price=155.687, stoplimit=0.0, sl=155.48700000000002, tp=156.08700000000002, deviation=20, type=0, type_filling=0, type_time=0, expiration=0, comment='Phase6_Bot', position=0, position_by=0))"
2025-12-03 00:29:08.667454,USDJPYm,1,BUY,155.686,0.01,20,40,"OrderSendResult(retcode=10044, deal=0, order=2023018885, volume=0.01, price=0.0, bid=0.0, ask=0.0, comment='Phase6_Bot', request_id=1207956309, retcode_external=0, request=TradeRequest(action=1, magic=234000, order=0, symbol='USDJPYm', volume=0.01, price=155.696, stoplimit=0.0, sl=155.496, tp=156.096, deviation=20, type=0, type_filling=0, type_time=0, expiration=0, comment='Phase6_Bot', position=0, position_by=0))"
2025-12-03 00:29:38.821583,USDJPYm,1,BUY,155.692,0.01,20,40,"OrderSendResult(retcode=10044, deal=0, order=2023019684, volume=0.01, price=0.0, bid=0.0, ask=0.0, comment='Phase6_Bot', request_id=1207956310, retcode_external=0, request=TradeRequest(action=1, magic=234000, order=0, symbol='USDJPYm', volume=0.01, price=155.702, stoplimit=0.0, sl=155.502, tp=156.102, deviation=20, type=0, type_filling=0, type_time=0, expiration=0, comment='Phase6_Bot', position=0, position_by=0))"
2025-12-03 00:30:08.957269,USDJPYm,1,BUY,155.699,0.01,20,40,"OrderSendResult(retcode=10044, deal=0, order=2023020851, volume=0.01, price=0.0, bid=0.0, ask=0.0, comment='Phase6_Bot', request_id=1207956311, retcode_external=0, request=TradeRequest(action=1, magic=234000, order=0, symbol='USDJPYm', volume=0.01, price=155.709, stoplimit=0.0, sl=155.50900000000001, tp=156.109, deviation=20, type=0, type_filling=0, type_time=0, expiration=0, comment='Phase6_Bot', position=0, position_by=0))"
2025-12-03 00:30:39.093070,USDJPYm,1,BUY,155.683,0.01,20,40,"OrderSendResult(retcode=10044, deal=0, order=2023021898, volume=0.01, price=0.0, bid=0.0, ask=0.0, comment='Phase6_Bot', request_id=1207956312, retcode_external=0, request=TradeRequest(action=1, magic=234000, order=0, symbol='USDJPYm', volume=0.01, price=155.693, stoplimit=0.0, sl=155.49300000000002, tp=156.09300000000002, deviation=20, type=0, type_filling=0, type_time=0, expiration=0, comment='Phase6_Bot', position=0, position_by=0))"
2025-12-03 00:32:31.979282,USDJPYm,1,BUY,155.679,0.01,20,40,"OrderSendResult(retcode=10044, deal=0, order=2023025494, volume=0.01, price=0.0, bid=0.0, ask=0.0, comment='Phase6_Bot', request_id=1207956313, retcode_external=0, request=TradeRequest(action=1, magic=234000, order=0, symbol='USDJPYm', volume=0.01, price=155.689, stoplimit=0.0, sl=155.489, tp=156.089, deviation=20, type=0, type_filling=0, type_time=0, expiration=0, comment='Phase6_Bot', position=0, position_by=0))"
2025-12-03 00:33:02.137103,USDJPYm,1,BUY,155.677,0.01,20,40,"OrderSendResult(retcode=10044, deal=0, order=2023026438, volume=0.01, price=0.0, bid=0.0, ask=0.0, comment='Phase6_Bot', request_id=1207956314, retcode_external=0, request=TradeRequest(action=1, magic=234000, order=0, symbol='USDJPYm', volume=0.01, price=155.687, stoplimit=0.0, sl=155.48700000000002, tp=156.08700000000002, deviation=20, type=0, type_filling=0, type_time=0, expiration=0, comment='Phase6_Bot', position=0, position_by=0))"
2025-12-03 00:33:32.277016,USDJPYm,1,BUY,155.661,0.01,20,40,"OrderSendResult(retcode=10044, deal=0, order=2023027052, volume=0.01, price=0.0, bid=0.0, ask=0.0, comment='Phase6_Bot', request_id=1207956315, retcode_external=0, request=TradeRequest(action=1, magic=234000, order=0, symbol='USDJPYm', volume=0.01, price=155.671, stoplimit=0.0, sl=155.471, tp=156.071, deviation=20, type=0, type_filling=0, type_time=0, expiration=0, comment='Phase6_Bot', position=0, position_by=0))"
2025-12-03 00:34:02.411056,USDJPYm,1,BUY,155.691,0.01,20,40,"OrderSendResult(retcode=10044, deal=0, order=2023027965, volume=0.01, price=0.0, bid=0.0, ask=0.0, comment='Phase6_Bot', request_id=1207956316, retcode_external=0, request=TradeRequest(action=1, magic=234000, order=0, symbol='USDJPYm', volume=0.01, price=155.701, stoplimit=0.0, sl=155.501, tp=156.101, deviation=20, type=0, type_filling=0, type_time=0, expiration=0, comment='Phase6_Bot', position=0, position_by=0))"
2025-12-03 00:34:32.541281,USDJPYm,1,BUY,155.688,0.01,20,40,"OrderSendResult(retcode=10044, deal=0, order=2023028755, volume=0.01, price=0.0, bid=0.0, ask=0.0, comment='Phase6_Bot', request_id=1207956317, retcode_external=0, request=TradeRequest(action=1, magic=234000, order=0, symbol='USDJPYm', volume=0.01, price=155.698, stoplimit=0.0, sl=155.49800000000002, tp=156.098, deviation=20, type=0, type_filling=0, type_time=0, expiration=0, comment='Phase6_Bot', position=0, position_by=0))"
2025-12-03 00:35:02.683358,USDJPYm,1,BUY,155.702,0.01,20,40,"OrderSendResult(retcode=10044, deal=0, order=2023029479, volume=0.01, price=0.0, bid=0.0, ask=0.0, comment='Phase6_Bot', request_id=1207956318, retcode_external=0, request=TradeRequest(action=1, magic=234000, order=0, symbol='USDJPYm', volume=0.01, price=155.712, stoplimit=0.0, sl=155.512, tp=156.112, deviation=20, type=0, type_filling=0, type_time=0, expiration=0, comment='Phase6_Bot', position=0, position_by=0))"
2025-12-03 00:35:32.814400,USDJPYm,1,BUY,155.692,0.01,20,40,"OrderSendResult(retcode=10044, deal=0, order=2023030502, volume=0.01, price=0.0, bid=0.0, ask=0.0, comment='Phase6_Bot', request_id=1207956319, retcode_external=0, request=TradeRequest(action=1, magic=234000, order=0, symbol='USDJPYm', volume=0.01, price=155.702, stoplimit=0.0, sl=155.502, tp=156.102, deviation=20, type=0, type_filling=0, type_time=0, expiration=0, comment='Phase6_Bot', position=0, position_by=0))"
2025-12-03 00:36:02.957639,USDJPYm,1,BUY,155.7,0.01,20,40,"OrderSendResult(retcode=10044, deal=0, order=2023031738, volume=0.01, price=0.0, bid=0.0, ask=0.0, comment='Phase6_Bot', request_id=1207956320, retcode_external=0, request=TradeRequest(action=1, magic=234000, order=0, symbol='USDJPYm', volume=0.01, price=155.71, stoplimit=0.0, sl=155.51000000000002, tp=156.11, deviation=20, type=0, type_filling=0, type_time=0, expiration=0, comment='Phase6_Bot', position=0, position_by=0))"
2025-12-03 00:36:33.093633,USDJPYm,1,BUY,155.704,0.01,20,40,"OrderSendResult(retcode=10044, deal=0, order=2023032619, volume=0.01, price=0.0, bid=0.0, ask=0.0, comment='Phase6_Bot', request_id=1207956321, retcode_external=0, request=TradeRequest(action=1, magic=234000, order=0, symbol='USDJPYm', volume=0.01, price=155.714, stoplimit=0.0, sl=155.514, tp=156.114, deviation=20, type=0, type_filling=0, type_time=0, expiration=0, comment='Phase6_Bot', position=0, position_by=0))"
2025-12-03 00:37:03.227590,USDJPYm,1,BUY,155.716,0.01,20,40,"OrderSendResult(retcode=10044, deal=0, order=2023033646, volume=0.01, price=0.0, bid=0.0, ask=0.0, comment='Phase6_Bot', request_id=1207956322, retcode_external=0, request=TradeRequest(action=1, magic=234000, order=0, symbol='USDJPYm', volume=0.01, price=155.726, stoplimit=0.0, sl=155.526, tp=156.126, deviation=20, type=0, type_filling=0, type_time=0, expiration=0, comment='Phase6_Bot', position=0, position_by=0))"
2025-12-03 00:37:33.364652,USDJPYm,1,BUY,155.715,0.01,20,40,"OrderSendResult(retcode=10044, deal=0, order=2023034392, volume=0.01, price=0.0, bid=0.0, ask=0.0, comment='Phase6_Bot', request_id=1207956323, retcode_external=0, request=TradeRequest(action=1, magic=234000, order=0, symbol='USDJPYm', volume=0.01, price=155.725, stoplimit=0.0, sl=155.525, tp=156.125, deviation=20, type=0, type_filling=0, type_time=0, expiration=0, comment='Phase6_Bot', position=0, position_by=0))"
2025-12-03 00:38:03.525752,USDJPYm,1,BUY,155.729,0.01,20,40,"OrderSendResult(retcode=10044, deal=0, order=2023035832, volume=0.01, price=0.0, bid=0.0, ask=0.0, comment='Phase6_Bot', request_id=1207956324, retcode_external=0, request=TradeRequest(action=1, magic=234000, order=0, symbol='USDJPYm', volume=0.01, price=155.739, stoplimit=0.0, sl=155.53900000000002, tp=156.139, deviation=20, type=0, type_filling=0, type_time=0, expiration=0, comment='Phase6_Bot', position=0, position_by=0))"
2025-12-03 00:38:33.646908,USDJPYm,1,BUY,155.737,0.01,20,40,"OrderSendResult(retcode=10044, deal=0, order=2023037184, volume=0.01, price=0.0, bid=0.0, ask=0.0, comment='Phase6_Bot', request_id=1207956325, retcode_external=0, request=TradeRequest(action=1, magic=234000, order=0, symbol='USDJPYm', volume=0.01, price=155.747, stoplimit=0.0, sl=155.54700000000003, tp=156.14700000000002, deviation=20, type=0, type_filling=0, type_time=0, expiration=0, comment='Phase6_Bot', position=0, position_by=0))"
2025-12-03 00:39:03.799465,USDJPYm,-1,SELL,155.748,0.01,20,40,"OrderSendResult(retcode=10044, deal=0, order=2023037955, volume=0.01, price=0.0, bid=0.0, ask=0.0, comment='Phase6_Bot', request_id=1207956326, retcode_external=0, request=TradeRequest(action=1, magic=234000, order=0, symbol='USDJPYm', volume=0.01, price=155.748, stoplimit=0.0, sl=155.94799999999998, tp=155.34799999999998, deviation=20, type=1, type_filling=0, type_time=0, expiration=0, comment='Phase6_Bot', position=0, position_by=0))"
2025-12-03 00:39:33.948381,USDJPYm,-1,SELL,155.738,0.01,20,40,"OrderSendResult(retcode=10044, deal=0, order=2023038485, volume=0.01, price=0.0, bid=0.0, ask=0.0, comment='Phase6_Bot', request_id=1207956327, retcode_external=0, request=TradeRequest(action=1, magic=234000, order=0, symbol='USDJPYm', volume=0.01, price=155.738, stoplimit=0.0, sl=155.938, tp=155.338, deviation=20, type=1, type_filling=0, type_time=0, expiration=0, comment='Phase6_Bot', position=0, position_by=0))"
2025-12-03 00:40:04.081399,USDJPYm,-1,SELL,155.751,0.01,20,40,"OrderSendResult(retcode=10044, deal=0, order=2023039310, volume=0.01, price=0.0, bid=0.0, ask=0.0, comment='Phase6_Bot', request_id=1207956328, retcode_external=0, request=TradeRequest(action=1, magic=234000, order=0, symbol='USDJPYm', volume=0.01, price=155.751, stoplimit=0.0, sl=155.951, tp=155.351, deviation=20, type=1, type_filling=0, type_time=0, expiration=0, comment='Phase6_Bot', position=0, position_by=0))"
2025-12-03 00:40:34.213387,USDJPYm,-1,SELL,155.752,0.01,20,40,"OrderSendResult(retcode=10044, deal=0, order=2023039974, volume=0.01, price=0.0, bid=0.0, ask=0.0, comment='Phase6_Bot', request_id=1207956329, retcode_external=0, request=TradeRequest(action=1, magic=234000, order=0, symbol='USDJPYm', volume=0.01, price=155.749, stoplimit=0.0, sl=155.94899999999998, tp=155.349, deviation=20, type=1, type_filling=0, type_time=0, expiration=0, comment='Phase6_Bot', position=0, position_by=0))"
2025-12-03 00:41:04.343732,USDJPYm,-1,SELL,155.751,0.01,20,40,"OrderSendResult(retcode=10044, deal=0, order=2023041091, volume=0.01, price=0.0, bid=0.0, ask=0.0, comment='Phase6_Bot', request_id=1207956330, retcode_external=0, request=TradeRequest(action=1, magic=234000, order=0, symbol='USDJPYm', volume=0.01, price=155.751, stoplimit=0.0, sl=155.951, tp=155.351, deviation=20, type=1, type_filling=0, type_time=0, expiration=0, comment='Phase6_Bot', position=0, position_by=0))"
2025-12-03 00:41:34.525537,USDJPYm,-1,SELL,155.748,0.01,20,40,"OrderSendResult(retcode=10044, deal=0, order=2023041776, volume=0.01, price=0.0, bid=0.0, ask=0.0, comment='Phase6_Bot', request_id=1207956331, retcode_external=0, request=TradeRequest(action=1, magic=234000, order=0, symbol='USDJPYm', volume=0.01, price=155.748, stoplimit=0.0, sl=155.94799999999998, tp=155.34799999999998, deviation=20, type=1, type_filling=0, type_time=0, expiration=0, comment='Phase6_Bot', position=0, position_by=0))"
2025-12-03 00:42:04.665531,USDJPYm,-1,SELL,155.735,0.01,20,40,"OrderSendResult(retcode=10044, deal=0, order=2023042422, volume=0.01, price=0.0, bid=0.0, ask=0.0, comment='Phase6_Bot', request_id=1207956332, retcode_external=0, request=TradeRequest(action=1, magic=234000, order=0, symbol='USDJPYm', volume=0.01, price=155.735, stoplimit=0.0, sl=155.935, tp=155.335, deviation=20, type=1, type_filling=0, type_time=0, expiration=0, comment='Phase6_Bot', position=0, position_by=0))"
2025-12-03 00:42:34.808484,USDJPYm,-1,SELL,155.738,0.01,20,40,"OrderSendResult(retcode=10044, deal=0, order=2023043146, volume=0.01, price=0.0, bid=0.0, ask=0.0, comment='Phase6_Bot', request_id=1207956333, retcode_external=0, request=TradeRequest(action=1, magic=234000, order=0, symbol='USDJPYm', volume=0.01, price=155.738, stoplimit=0.0, sl=155.938, tp=155.338, deviation=20, type=1, type_filling=0, type_time=0, expiration=0, comment='Phase6_Bot', position=0, position_by=0))"
2025-12-03 00:43:04.933507,USDJPYm,-1,SELL,155.74,0.01,20,40,"OrderSendResult(retcode=10044, deal=0, order=2023043984, volume=0.01, price=0.0, bid=0.0, ask=0.0, comment='Phase6_Bot', request_id=1207956334, retcode_external=0, request=TradeRequest(action=1, magic=234000, order=0, symbol='USDJPYm', volume=0.01, price=155.74, stoplimit=0.0, sl=155.94, tp=155.34, deviation=20, type=1, type_filling=0, type_time=0, expiration=0, comment='Phase6_Bot', position=0, position_by=0))"
2025-12-03 00:43:35.064281,USDJPYm,-1,SELL,155.749,0.01,20,40,"OrderSendResult(retcode=10044, deal=0, order=2023044945, volume=0.01, price=0.0, bid=0.0, ask=0.0, comment='Phase6_Bot', request_id=1207956335, retcode_external=0, request=TradeRequest(action=1, magic=234000, order=0, symbol='USDJPYm', volume=0.01, price=155.749, stoplimit=0.0, sl=155.94899999999998, tp=155.349, deviation=20, type=1, type_filling=0, type_time=0, expiration=0, comment='Phase6_Bot', position=0, position_by=0))"
2025-12-03 00:44:05.214265,USDJPYm,-1,SELL,155.767,0.01,20,40,"OrderSendResult(retcode=10044, deal=0, order=2023045664, volume=0.01, price=0.0, bid=0.0, ask=0.0, comment='Phase6_Bot', request_id=1207956336, retcode_external=0, request=TradeRequest(action=1, magic=234000, order=0, symbol='USDJPYm', volume=0.01, price=155.767, stoplimit=0.0, sl=155.96699999999998, tp=155.367, deviation=20, type=1, type_filling=0, type_time=0, expiration=0, comment='Phase6_Bot', position=0, position_by=0))"
2025-12-03 00:44:35.341684,USDJPYm,-1,SELL,155.777,0.01,20,40,"OrderSendResult(retcode=10044, deal=0, order=2023046153, volume=0.01, price=0.0, bid=0.0, ask=0.0, comment='Phase6_Bot', request_id=1207956337, retcode_external=0, request=TradeRequest(action=1, magic=234000, order=0, symbol='USDJPYm', volume=0.01, price=155.777, stoplimit=0.0, sl=155.97699999999998, tp=155.37699999999998, deviation=20, type=1, type_filling=0, type_time=0, expiration=0, comment='Phase6_Bot', position=0, position_by=0))"
2025-12-03 00:45:05.490873,USDJPYm,-1,SELL,155.777,0.01,20,40,"OrderSendResult(retcode=10044, deal=0, order=2023046868, volume=0.01, price=0.0, bid=0.0, ask=0.0, comment='Phase6_Bot', request_id=1207956338, retcode_external=0, request=TradeRequest(action=1, magic=234000, order=0, symbol='USDJPYm', volume=0.01, price=155.777, stoplimit=0.0, sl=155.97699999999998, tp=155.37699999999998, deviation=20, type=1, type_filling=0, type_time=0, expiration=0, comment='Phase6_Bot', position=0, position_by=0))"
2025-12-03 00:45:35.632715,USDJPYm,-1,SELL,155.764,0.01,20,40,"OrderSendResult(retcode=10044, deal=0, order=2023047511, volume=0.01, price=0.0, bid=0.0, ask=0.0, comment='Phase6_Bot', request_id=1207956339, retcode_external=0, request=TradeRequest(action=1, magic=234000, order=0, symbol='USDJPYm', volume=0.01, price=155.764, stoplimit=0.0, sl=155.964, tp=155.364, deviation=20, type=1, type_filling=0, type_time=0, expiration=0, comment='Phase6_Bot', position=0, position_by=0))"
2025-12-03 00:46:05.765844,USDJPYm,-1,SELL,155.761,0.01,20,40,"OrderSendResult(retcode=10044, deal=0, order=2023048129, volume=0.01, price=0.0, bid=0.0, ask=0.0, comment='Phase6_Bot', request_id=1207956340, retcode_external=0, request=TradeRequest(action=1, magic=234000, order=0, symbol='USDJPYm', volume=0.01, price=155.761, stoplimit=0.0, sl=155.96099999999998, tp=155.361, deviation=20, type=1, type_filling=0, type_time=0, expiration=0, comment='Phase6_Bot', position=0, position_by=0))"
2025-12-03 00:46:35.899231,USDJPYm,-1,SELL,155.759,0.01,20,40,"OrderSendResult(retcode=10044, deal=0, order=2023049140, volume=0.01, price=0.0, bid=0.0, ask=0.0, comment='Phase6_Bot', request_id=1207956341, retcode_external=0, request=TradeRequest(action=1, magic=234000, order=0, symbol='USDJPYm', volume=0.01, price=155.759, stoplimit=0.0, sl=155.95899999999997, tp=155.35899999999998, deviation=20, type=1, type_filling=0, type_time=0, expiration=0, comment='Phase6_Bot', position=0, position_by=0))"
2025-12-03 00:47:06.034402,USDJPYm,-1,SELL,155.773,0.01,20,40,"OrderSendResult(retcode=10044, deal=0, order=2023050136, volume=0.01, price=0.0, bid=0.0, ask=0.0, comment='Phase6_Bot', request_id=1207956342, retcode_external=0, request=TradeRequest(action=1, magic=234000, order=0, symbol='USDJPYm', volume=0.01, price=155.773, stoplimit=0.0, sl=155.97299999999998, tp=155.373, deviation=20, type=1, type_filling=0, type_time=0, expiration=0, comment='Phase6_Bot', position=0, position_by=0))"
2025-12-03 00:47:36.161965,USDJPYm,-1,SELL,155.768,0.01,20,40,"OrderSendResult(retcode=10044, deal=0, order=2023050961, volume=0.01, price=0.0, bid=0.0, ask=0.0, comment='Phase6_Bot', request_id=1207956343, retcode_external=0, request=TradeRequest(action=1, magic=234000, order=0, symbol='USDJPYm', volume=0.01, price=155.768, stoplimit=0.0, sl=155.968, tp=155.368, deviation=20, type=1, type_filling=0, type_time=0, expiration=0, comment='Phase6_Bot', position=0, position_by=0))"
2025-12-03 00:48:06.300780,USDJPYm,-1,SELL,155.762,0.01,20,40,"OrderSendResult(retcode=10044, deal=0, order=2023051749, volume=0.01, price=0.0, bid=0.0, ask=0.0, comment='Phase6_Bot', request_id=1207956344, retcode_external=0, request=TradeRequest(action=1, magic=234000, order=0, symbol='USDJPYm', volume=0.01, price=155.762, stoplimit=0.0, sl=155.962, tp=155.362, deviation=20, type=1, type_filling=0, type_time=0, expiration=0, comment='Phase6_Bot', position=0, position_by=0))"
2025-12-03 00:48:36.435924,USDJPYm,-1,SELL,155.763,0.01,20,40,"OrderSendResult(retcode=10044, deal=0, order=2023052758, volume=0.01, price=0.0, bid=0.0, ask=0.0, comment='Phase6_Bot', request_id=1207956345, retcode_external=0, request=TradeRequest(action=1, magic=234000, order=0, symbol='USDJPYm', volume=0.01, price=155.763, stoplimit=0.0, sl=155.963, tp=155.363, deviation=20, type=1, type_filling=0, type_time=0, expiration=0, comment='Phase6_Bot', position=0, position_by=0))"
2025-12-03 00:49:06.564697,USDJPYm,-1,SELL,155.764,0.01,20,40,"OrderSendResult(retcode=10044, deal=0, order=2023053522, volume=0.01, price=0.0, bid=0.0, ask=0.0, comment='Phase6_Bot', request_id=1207956346, retcode_external=0, request=TradeRequest(action=1, magic=234000, order=0, symbol='USDJPYm', volume=0.01, price=155.764, stoplimit=0.0, sl=155.964, tp=155.364, deviation=20, type=1, type_filling=0, type_time=0, expiration=0, comment='Phase6_Bot', position=0, position_by=0))"
2025-12-03 00:49:36.685141,USDJPYm,-1,SELL,155.756,0.01,20,40,"OrderSendResult(retcode=10044, deal=0, order=2023055251, volume=0.01, price=0.0, bid=0.0, ask=0.0, comment='Phase6_Bot', request_id=1207956347, retcode_external=0, request=TradeRequest(action=1, magic=234000, order=0, symbol='USDJPYm', volume=0.01, price=155.756, stoplimit=0.0, sl=155.956, tp=155.356, deviation=20, type=1, type_filling=0, type_time=0, expiration=0, comment='Phase6_Bot', position=0, position_by=0))"
2025-12-03 00:50:06.820954,USDJPYm,-1,SELL,155.748,0.01,20,40,"OrderSendResult(retcode=10044, deal=0, order=2023056232, volume=0.01, price=0.0, bid=0.0, ask=0.0, comment='Phase6_Bot', request_id=1207956348, retcode_external=0, request=TradeRequest(action=1, magic=234000, order=0, symbol='USDJPYm', volume=0.01, price=155.748, stoplimit=0.0, sl=155.94799999999998, tp=155.34799999999998, deviation=20, type=1, type_filling=0, type_time=0, expiration=0, comment='Phase6_Bot', position=0, position_by=0))"
2025-12-03 00:50:36.950757,USDJPYm,-1,SELL,155.759,0.01,20,40,"OrderSendResult(retcode=10044, deal=0, order=2023057209, volume=0.01, price=0.0, bid=0.0, ask=0.0, comment='Phase6_Bot', request_id=1207956349, retcode_external=0, request=TradeRequest(action=1, magic=234000, order=0, symbol='USDJPYm', volume=0.01, price=155.759, stoplimit=0.0, sl=155.95899999999997, tp=155.35899999999998, deviation=20, type=1, type_filling=0, type_time=0, expiration=0, comment='Phase6_Bot', position=0, position_by=0))"
2025-12-03 00:51:07.086809,USDJPYm,-1,SELL,155.762,0.01,20,40,"OrderSendResult(retcode=10044, deal=0, order=2023058425, volume=0.01, price=0.0, bid=0.0, ask=0.0, comment='Phase6_Bot', request_id=1207956350, retcode_external=0, request=TradeRequest(action=1, magic=234000, order=0, symbol='USDJPYm', volume=0.01, price=155.762, stoplimit=0.0, sl=155.962, tp=155.362, deviation=20, type=1, type_filling=0, type_time=0, expiration=0, comment='Phase6_Bot', position=0, position_by=0))"
2025-12-03 00:51:37.230431,USDJPYm,-1,SELL,155.767,0.01,20,40,"OrderSendResult(retcode=10044, deal=0, order=2023059240, volume=0.01, price=0.0, bid=0.0, ask=0.0, comment='Phase6_Bot', request_id=1207956351, retcode_external=0, request=TradeRequest(action=1, magic=234000, order=0, symbol='USDJPYm', volume=0.01, price=155.767, stoplimit=0.0, sl=155.96699999999998, tp=155.367, deviation=20, type=1, type_filling=0, type_time=0, expiration=0, comment='Phase6_Bot', position=0, position_by=0))"
2025-12-03 00:52:07.355104,USDJPYm,-1,SELL,155.73,0.01,20,40,"OrderSendResult(retcode=10044, deal=0, order=2023060231, volume=0.01, price=0.0, bid=0.0, ask=0.0, comment='Phase6_Bot', request_id=1207956352, retcode_external=0, request=TradeRequest(action=1, magic=234000, order=0, symbol='USDJPYm', volume=0.01, price=155.73, stoplimit=0.0, sl=155.92999999999998, tp=155.32999999999998, deviation=20, type=1, type_filling=0, type_time=0, expiration=0, comment='Phase6_Bot', position=0, position_by=0))"
2025-12-03 00:52:37.496376,USDJPYm,-1,SELL,155.738,0.01,20,40,"OrderSendResult(retcode=10044, deal=0, order=2023060667, volume=0.01, price=0.0, bid=0.0, ask=0.0, comment='Phase6_Bot', request_id=1207956353, retcode_external=0, request=TradeRequest(action=1, magic=234000, order=0, symbol='USDJPYm', volume=0.01, price=155.738, stoplimit=0.0, sl=155.938, tp=155.338, deviation=20, type=1, type_filling=0, type_time=0, expiration=0, comment='Phase6_Bot', position=0, position_by=0))"
2025-12-03 00:53:07.623880,USDJPYm,-1,SELL,155.761,0.01,20,40,"OrderSendResult(retcode=10044, deal=0, order=2023061268, volume=0.01, price=0.0, bid=0.0, ask=0.0, comment='Phase6_Bot', request_id=1207956354, retcode_external=0, request=TradeRequest(action=1, magic=234000, order=0, symbol='USDJPYm', volume=0.01, price=155.761, stoplimit=0.0, sl=155.96099999999998, tp=155.361, deviation=20, type=1, type_filling=0, type_time=0, expiration=0, comment='Phase6_Bot', position=0, position_by=0))"
2025-12-03 00:53:37.745253,USDJPYm,-1,SELL,155.796,0.01,20,40,"OrderSendResult(retcode=10044, deal=0, order=2023062016, volume=0.01, price=0.0, bid=0.0, ask=0.0, comment='Phase6_Bot', request_id=1207956355, retcode_external=0, request=TradeRequest(action=1, magic=234000, order=0, symbol='USDJPYm', volume=0.01, price=155.796, stoplimit=0.0, sl=155.99599999999998, tp=155.396, deviation=20, type=1, type_filling=0, type_time=0, expiration=0, comment='Phase6_Bot', position=0, position_by=0))"
2025-12-03 00:54:07.875197,USDJPYm,-1,SELL,155.799,0.01,20,40,"OrderSendResult(retcode=10044, deal=0, order=2023062852, volume=0.01, price=0.0, bid=0.0, ask=0.0, comment='Phase6_Bot', request_id=1207956356, retcode_external=0, request=TradeRequest(action=1, magic=234000, order=0, symbol='USDJPYm', volume=0.01, price=155.799, stoplimit=0.0, sl=155.999, tp=155.399, deviation=20, type=1, type_filling=0, type_time=0, expiration=0, comment='Phase6_Bot', position=0, position_by=0))"
2025-12-03 00:54:22.242720,USDJPYm,-1,SELL,155.797,0.01,20,40,"OrderSendResult(retcode=10044, deal=0, order=2023063167, volume=0.01, price=0.0, bid=0.0, ask=0.0, comment='Phase6_Bot', request_id=1207956357, retcode_external=0, request=TradeRequest(action=1, magic=234000, order=0, symbol='USDJPYm', volume=0.01, price=155.797, stoplimit=0.0, sl=155.99699999999999, tp=155.397, deviation=20, type=1, type_filling=0, type_time=0, expiration=0, comment='Phase6_Bot', position=0, position_by=0))"
2025-12-03 00:54:38.008529,USDJPYm,-1,SELL,155.786,0.01,20,40,"OrderSendResult(retcode=10044, deal=0, order=2023063690, volume=0.01, price=0.0, bid=0.0, ask=0.0, comment='Phase6_Bot', request_id=1207956358, retcode_external=0, request=TradeRequest(action=1, magic=234000, order=0, symbol='USDJPYm', volume=0.01, price=155.786, stoplimit=0.0, sl=155.986, tp=155.386, deviation=20, type=1, type_filling=0, type_time=0, expiration=0, comment='Phase6_Bot', position=0, position_by=0))"
2025-12-03 00:54:52.376827,USDJPYm,-1,SELL,155.787,0.01,20,40,"OrderSendResult(retcode=10044, deal=0, order=2023064080, volume=0.01, price=0.0, bid=0.0, ask=0.0, comment='Phase6_Bot', request_id=1207956359, retcode_external=0, request=TradeRequest(action=1, magic=234000, order=0, symbol='USDJPYm', volume=0.01, price=155.787, stoplimit=0.0, sl=155.987, tp=155.387, deviation=20, type=1, type_filling=0, type_time=0, expiration=0, comment='Phase6_Bot', position=0, position_by=0))"
2025-12-03 00:55:08.140069,USDJPYm,-1,SELL,155.762,0.01,20,40,"OrderSendResult(retcode=10044, deal=0, order=2023064500, volume=0.01, price=0.0, bid=0.0, ask=0.0, comment='Phase6_Bot', request_id=1207956360, retcode_external=0, request=TradeRequest(action=1, magic=234000, order=0, symbol='USDJPYm', volume=0.01, price=155.762, stoplimit=0.0, sl=155.962, tp=155.362, deviation=20, type=1, type_filling=0, type_time=0, expiration=0, comment='Phase6_Bot', position=0, position_by=0))"
2025-12-03 00:55:22.517765,USDJPYm,-1,SELL,155.744,0.01,20,40,"OrderSendResult(retcode=10044, deal=0, order=2023064773, volume=0.01, price=0.0, bid=0.0, ask=0.0, comment='Phase6_Bot', request_id=1207956361, retcode_external=0, request=TradeRequest(action=1, magic=234000, order=0, symbol='USDJPYm', volume=0.01, price=155.744, stoplimit=0.0, sl=155.944, tp=155.344, deviation=20, type=1, type_filling=0, type_time=0, expiration=0, comment='Phase6_Bot', position=0, position_by=0))"
2025-12-03 00:55:38.270968,USDJPYm,-1,SELL,155.759,0.01,20,40,"OrderSendResult(retcode=10044, deal=0, order=2023065067, volume=0.01, price=0.0, bid=0.0, ask=0.0, comment='Phase6_Bot', request_id=1207956362, retcode_external=0, request=TradeRequest(action=1, magic=234000, order=0, symbol='USDJPYm', volume=0.01, price=155.759, stoplimit=0.0, sl=155.95899999999997, tp=155.35899999999998, deviation=20, type=1, type_filling=0, type_time=0, expiration=0, comment='Phase6_Bot', position=0, position_by=0))"
2025-12-03 00:55:52.656244,USDJPYm,-1,SELL,155.749,0.01,20,40,"OrderSendResult(retcode=10044, deal=0, order=2023065494, volume=0.01, price=0.0, bid=0.0, ask=0.0, comment='Phase6_Bot', request_id=1207956363, retcode_external=0, request=TradeRequest(action=1, magic=234000, order=0, symbol='USDJPYm', volume=0.01, price=155.749, stoplimit=0.0, sl=155.94899999999998, tp=155.349, deviation=20, type=1, type_filling=0, type_time=0, expiration=0, comment='Phase6_Bot', position=0, position_by=0))"
2025-12-03 00:56:08.406311,USDJPYm,-1,SELL,155.752,0.01,20,40,"OrderSendResult(retcode=10044, deal=0, order=2023065874, volume=0.01, price=0.0, bid=0.0, ask=0.0, comment='Phase6_Bot', request_id=1207956364, retcode_external=0, request=TradeRequest(action=1, magic=234000, order=0, symbol='USDJPYm', volume=0.01, price=155.752, stoplimit=0.0, sl=155.952, tp=155.352, deviation=20, type=1, type_filling=0, type_time=0, expiration=0, comment='Phase6_Bot', position=0, position_by=0))"
2025-12-03 00:56:22.784597,USDJPYm,-1,SELL,155.75,0.01,20,40,"OrderSendResult(retcode=10044, deal=0, order=2023066124, volume=0.01, price=0.0, bid=0.0, ask=0.0, comment='Phase6_Bot', request_id=1207956365, retcode_external=0, request=TradeRequest(action=1, magic=234000, order=0, symbol='USDJPYm', volume=0.01, price=155.75, stoplimit=0.0, sl=155.95, tp=155.35, deviation=20, type=1, type_filling=0, type_time=0, expiration=0, comment='Phase6_Bot', position=0, position_by=0))"
2025-12-03 00:56:38.539844,USDJPYm,-1,SELL,155.747,0.01,20,40,"OrderSendResult(retcode=10044, deal=0, order=2023066416, volume=0.01, price=0.0, bid=0.0, ask=0.0, comment='Phase6_Bot', request_id=1207956366, retcode_external=0, request=TradeRequest(action=1, magic=234000, order=0, symbol='USDJPYm', volume=0.01, price=155.747, stoplimit=0.0, sl=155.947, tp=155.347, deviation=20, type=1, type_filling=0, type_time=0, expiration=0, comment='Phase6_Bot', position=0, position_by=0))"
2025-12-03 00:56:52.954506,USDJPYm,-1,SELL,155.752,0.01,20,40,"OrderSendResult(retcode=10044, deal=0, order=2023066640, volume=0.01, price=0.0, bid=0.0, ask=0.0, comment='Phase6_Bot', request_id=1207956367, retcode_external=0, request=TradeRequest(action=1, magic=234000, order=0, symbol='USDJPYm', volume=0.01, price=155.752, stoplimit=0.0, sl=155.952, tp=155.352, deviation=20, type=1, type_filling=0, type_time=0, expiration=0, comment='Phase6_Bot', position=0, position_by=0))"
2025-12-03 00:57:08.679623,USDJPYm,-1,SELL,155.735,0.01,20,40,"OrderSendResult(retcode=10044, deal=0, order=2023067077, volume=0.01, price=0.0, bid=0.0, ask=0.0, comment='Phase6_Bot', request_id=1207956368, retcode_external=0, request=TradeRequest(action=1, magic=234000, order=0, symbol='USDJPYm', volume=0.01, price=155.735, stoplimit=0.0, sl=155.935, tp=155.335, deviation=20, type=1, type_filling=0, type_time=0, expiration=0, comment='Phase6_Bot', position=0, position_by=0))"
2025-12-03 00:57:23.091508,USDJPYm,-1,SELL,155.735,0.01,20,40,"OrderSendResult(retcode=10044, deal=0, order=2023068117, volume=0.01, price=0.0, bid=0.0, ask=0.0, comment='Phase6_Bot', request_id=1207956369, retcode_external=0, request=TradeRequest(action=1, magic=234000, order=0, symbol='USDJPYm', volume=0.01, price=155.735, stoplimit=0.0, sl=155.935, tp=155.335, deviation=20, type=1, type_filling=0, type_time=0, expiration=0, comment='Phase6_Bot', position=0, position_by=0))"
2025-12-03 00:57:38.805114,USDJPYm,-1,SELL,155.728,0.01,20,40,"OrderSendResult(retcode=10044, deal=0, order=2023068682, volume=0.01, price=0.0, bid=0.0, ask=0.0, comment='Phase6_Bot', request_id=1207956370, retcode_external=0, request=TradeRequest(action=1, magic=234000, order=0, symbol='USDJPYm', volume=0.01, price=155.728, stoplimit=0.0, sl=155.928, tp=155.328, deviation=20, type=1, type_filling=0, type_time=0, expiration=0, comment='Phase6_Bot', position=0, position_by=0))"
2025-12-03 00:57:53.220043,USDJPYm,-1,SELL,155.752,0.01,20,40,"OrderSendResult(retcode=10044, deal=0, order=2023069310, volume=0.01, price=0.0, bid=0.0, ask=0.0, comment='Phase6_Bot', request_id=1207956371, retcode_external=0, request=TradeRequest(action=1, magic=234000, order=0, symbol='USDJPYm', volume=0.01, price=155.752, stoplimit=0.0, sl=155.952, tp=155.352, deviation=20, type=1, type_filling=0, type_time=0, expiration=0, comment='Phase6_Bot', position=0, position_by=0))"
2025-12-03 00:58:08.950220,USDJPYm,-1,SELL,155.752,0.01,20,40,"OrderSendResult(retcode=10044, deal=0, order=2023069816, volume=0.01, price=0.0, bid=0.0, ask=0.0, comment='Phase6_Bot', request_id=1207956372, retcode_external=0, request=TradeRequest(action=1, magic=234000, order=0, symbol='USDJPYm', volume=0.01, price=155.752, stoplimit=0.0, sl=155.952, tp=155.352, deviation=20, type=1, type_filling=0, type_time=0, expiration=0, comment='Phase6_Bot', position=0, position_by=0))"
2025-12-03 00:58:23.381341,USDJPYm,-1,SELL,155.747,0.01,20,40,"OrderSendResult(retcode=10044, deal=0, order=2023070150, volume=0.01, price=0.0, bid=0.0, ask=0.0, comment='Phase6_Bot', request_id=1207956373, retcode_external=0, request=TradeRequest(action=1, magic=234000, order=0, symbol='USDJPYm', volume=0.01, price=155.747, stoplimit=0.0, sl=155.947, tp=155.347, deviation=20, type=1, type_filling=0, type_time=0, expiration=0, comment='Phase6_Bot', position=0, position_by=0))"
2025-12-03 00:58:39.081222,USDJPYm,-1,SELL,155.75,0.01,20,40,"OrderSendResult(retcode=10044, deal=0, order=2023070389, volume=0.01, price=0.0, bid=0.0, ask=0.0, comment='Phase6_Bot', request_id=1207956374, retcode_external=0, request=TradeRequest(action=1, magic=234000, order=0, symbol='USDJPYm', volume=0.01, price=155.75, stoplimit=0.0, sl=155.95, tp=155.35, deviation=20, type=1, type_filling=0, type_time=0, expiration=0, comment='Phase6_Bot', position=0, position_by=0))"
2025-12-03 00:58:53.524994,USDJPYm,-1,SELL,155.749,0.01,20,40,"OrderSendResult(retcode=10044, deal=0, order=2023070720, volume=0.01, price=0.0, bid=0.0, ask=0.0, comment='Phase6_Bot', request_id=1207956375, retcode_external=0, request=TradeRequest(action=1, magic=234000, order=0, symbol='USDJPYm', volume=0.01, price=155.749, stoplimit=0.0, sl=155.94899999999998, tp=155.349, deviation=20, type=1, type_filling=0, type_time=0, expiration=0, comment='Phase6_Bot', position=0, position_by=0))"
2025-12-03 00:59:09.203214,USDJPYm,-1,SELL,155.742,0.01,20,40,"OrderSendResult(retcode=10044, deal=0, order=2023071043, volume=0.01, price=0.0, bid=0.0, ask=0.0, comment='Phase6_Bot', request_id=1207956376, retcode_external=0, request=TradeRequest(action=1, magic=234000, order=0, symbol='USDJPYm', volume=0.01, price=155.742, stoplimit=0.0, sl=155.94199999999998, tp=155.34199999999998, deviation=20, type=1, type_filling=0, type_time=0, expiration=0, comment='Phase6_Bot', position=0, position_by=0))"
2025-12-03 00:59:23.650805,USDJPYm,-1,SELL,155.737,0.01,20,40,"OrderSendResult(retcode=10044, deal=0, order=2023071376, volume=0.01, price=0.0, bid=0.0, ask=0.0, comment='Phase6_Bot', request_id=1207956377, retcode_external=0, request=TradeRequest(action=1, magic=234000, order=0, symbol='USDJPYm', volume=0.01, price=155.737, stoplimit=0.0, sl=155.93699999999998, tp=155.337, deviation=20, type=1, type_filling=0, type_time=0, expiration=0, comment='Phase6_Bot', position=0, position_by=0))"
2025-12-03 01:00:44.738672,USDJPYm,-1,SELL,155.742,0.01,20,40,"OrderSendResult(retcode=10031, deal=0, order=0, volume=0.0, price=0.0, bid=0.0, ask=0.0, comment='Request rejected due to absence of network connection', request_id=0, retcode_external=0, request=TradeRequest(action=1, magic=234000, order=0, symbol='USDJPYm', volume=0.01, price=155.773, stoplimit=0.0, sl=155.97299999999998, tp=155.373, deviation=20, type=1, type_filling=0, type_time=0, expiration=0, comment='Phase6_Bot', position=0, position_by=0))"
2025-12-03 01:00:44.735685,USDJPYm,-1,SELL,155.742,0.01,20,40,"OrderSendResult(retcode=10031, deal=0, order=0, volume=0.0, price=0.0, bid=0.0, ask=0.0, comment='Request rejected due to absence of network connection', request_id=1207956378, retcode_external=0, request=TradeRequest(action=1, magic=234000, order=0, symbol='USDJPYm', volume=0.01, price=155.742, stoplimit=0.0, sl=155.94199999999998, tp=155.34199999999998, deviation=20, type=1, type_filling=0, type_time=0, expiration=0, comment='Phase6_Bot', position=0, position_by=0))"
2025-12-03 01:01:34.041043,USDJPYm,-1,SELL,155.775,0.01,20,40,"OrderSendResult(retcode=10044, deal=0, order=2023079900, volume=0.01, price=0.0, bid=0.0, ask=0.0, comment='Phase6_Bot', request_id=1207956379, retcode_external=0, request=TradeRequest(action=1, magic=234000, order=0, symbol='USDJPYm', volume=0.01, price=155.775, stoplimit=0.0, sl=155.975, tp=155.375, deviation=20, type=1, type_filling=0, type_time=0, expiration=0, comment='Phase6_Bot', position=0, position_by=0))"
2025-12-03 01:01:34.043037,USDJPYm,-1,SELL,155.775,0.01,20,40,"OrderSendResult(retcode=10044, deal=0, order=2023079906, volume=0.01, price=0.0, bid=0.0, ask=0.0, comment='Phase6_Bot', request_id=1207956380, retcode_external=0, request=TradeRequest(action=1, magic=234000, order=0, symbol='USDJPYm', volume=0.01, price=155.775, stoplimit=0.0, sl=155.975, tp=155.375, deviation=20, type=1, type_filling=0, type_time=0, expiration=0, comment='Phase6_Bot', position=0, position_by=0))"
2025-12-03 01:02:04.164633,USDJPYm,-1,SELL,155.774,0.01,20,40,"OrderSendResult(retcode=10044, deal=0, order=2023081699, volume=0.01, price=0.0, bid=0.0, ask=0.0, comment='Phase6_Bot', request_id=1207956381, retcode_external=0, request=TradeRequest(action=1, magic=234000, order=0, symbol='USDJPYm', volume=0.01, price=155.774, stoplimit=0.0, sl=155.974, tp=155.374, deviation=20, type=1, type_filling=0, type_time=0, expiration=0, comment='Phase6_Bot', position=0, position_by=0))"
2025-12-03 01:02:04.297973,USDJPYm,-1,SELL,155.774,0.01,20,40,"OrderSendResult(retcode=10044, deal=0, order=2023081709, volume=0.01, price=0.0, bid=0.0, ask=0.0, comment='Phase6_Bot', request_id=1207956382, retcode_external=0, request=TradeRequest(action=1, magic=234000, order=0, symbol='USDJPYm', volume=0.01, price=155.774, stoplimit=0.0, sl=155.974, tp=155.374, deviation=20, type=1, type_filling=0, type_time=0, expiration=0, comment='Phase6_Bot', position=0, position_by=0))"
2025-12-03 01:02:34.296405,USDJPYm,-1,SELL,155.771,0.01,20,40,"OrderSendResult(retcode=10044, deal=0, order=2023083311, volume=0.01, price=0.0, bid=0.0, ask=0.0, comment='Phase6_Bot', request_id=1207956383, retcode_external=0, request=TradeRequest(action=1, magic=234000, order=0, symbol='USDJPYm', volume=0.01, price=155.771, stoplimit=0.0, sl=155.97099999999998, tp=155.37099999999998, deviation=20, type=1, type_filling=0, type_time=0, expiration=0, comment='Phase6_Bot', position=0, position_by=0))"
2025-12-03 01:02:34.429102,USDJPYm,-1,SELL,155.771,0.01,20,40,"OrderSendResult(retcode=10044, deal=0, order=2023083316, volume=0.01, price=0.0, bid=0.0, ask=0.0, comment='Phase6_Bot', request_id=1207956384, retcode_external=0, request=TradeRequest(action=1, magic=234000, order=0, symbol='USDJPYm', volume=0.01, price=155.771, stoplimit=0.0, sl=155.97099999999998, tp=155.37099999999998, deviation=20, type=1, type_filling=0, type_time=0, expiration=0, comment='Phase6_Bot', position=0, position_by=0))"
2025-12-03 01:03:04.420860,USDJPYm,-1,SELL,155.756,0.01,20,40,"OrderSendResult(retcode=10044, deal=0, order=2023084452, volume=0.01, price=0.0, bid=0.0, ask=0.0, comment='Phase6_Bot', request_id=1207956385, retcode_external=0, request=TradeRequest(action=1, magic=234000, order=0, symbol='USDJPYm', volume=0.01, price=155.756, stoplimit=0.0, sl=155.956, tp=155.356, deviation=20, type=1, type_filling=0, type_time=0, expiration=0, comment='Phase6_Bot', position=0, position_by=0))"
2025-12-03 01:03:04.563292,USDJPYm,-1,SELL,155.758,0.01,20,40,"OrderSendResult(retcode=10044, deal=0, order=2023084456, volume=0.01, price=0.0, bid=0.0, ask=0.0, comment='Phase6_Bot', request_id=1207956386, retcode_external=0, request=TradeRequest(action=1, magic=234000, order=0, symbol='USDJPYm', volume=0.01, price=155.758, stoplimit=0.0, sl=155.958, tp=155.358, deviation=20, type=1, type_filling=0, type_time=0, expiration=0, comment='Phase6_Bot', position=0, position_by=0))"
2025-12-03 01:03:34.551387,USDJPYm,-1,SELL,155.764,0.01,20,40,"OrderSendResult(retcode=10044, deal=0, order=2023085483, volume=0.01, price=0.0, bid=0.0, ask=0.0, comment='Phase6_Bot', request_id=1207956387, retcode_external=0, request=TradeRequest(action=1, magic=234000, order=0, symbol='USDJPYm', volume=0.01, price=155.764, stoplimit=0.0, sl=155.964, tp=155.364, deviation=20, type=1, type_filling=0, type_time=0, expiration=0, comment='Phase6_Bot', position=0, position_by=0))"
2025-12-03 01:03:34.703907,USDJPYm,-1,SELL,155.764,0.01,20,40,"OrderSendResult(retcode=10044, deal=0, order=2023085486, volume=0.01, price=0.0, bid=0.0, ask=0.0, comment='Phase6_Bot', request_id=1207956388, retcode_external=0, request=TradeRequest(action=1, magic=234000, order=0, symbol='USDJPYm', volume=0.01, price=155.764, stoplimit=0.0, sl=155.964, tp=155.364, deviation=20, type=1, type_filling=0, type_time=0, expiration=0, comment='Phase6_Bot', position=0, position_by=0))"
2025-12-03 01:04:04.685655,USDJPYm,-1,SELL,155.763,0.01,20,40,"OrderSendResult(retcode=10044, deal=0, order=2023086430, volume=0.01, price=0.0, bid=0.0, ask=0.0, comment='Phase6_Bot', request_id=1207956389, retcode_external=0, request=TradeRequest(action=1, magic=234000, order=0, symbol='USDJPYm', volume=0.01, price=155.763, stoplimit=0.0, sl=155.963, tp=155.363, deviation=20, type=1, type_filling=0, type_time=0, expiration=0, comment='Phase6_Bot', position=0, position_by=0))"
2025-12-03 01:04:04.844864,USDJPYm,-1,SELL,155.763,0.01,20,40,"OrderSendResult(retcode=10044, deal=0, order=2023086437, volume=0.01, price=0.0, bid=0.0, ask=0.0, comment='Phase6_Bot', request_id=1207956390, retcode_external=0, request=TradeRequest(action=1, magic=234000, order=0, symbol='USDJPYm', volume=0.01, price=155.763, stoplimit=0.0, sl=155.963, tp=155.363, deviation=20, type=1, type_filling=0, type_time=0, expiration=0, comment='Phase6_Bot', position=0, position_by=0))"
2025-12-03 01:04:34.832486,USDJPYm,-1,SELL,155.762,0.01,20,40,"OrderSendResult(retcode=10044, deal=0, order=2023087362, volume=0.01, price=0.0, bid=0.0, ask=0.0, comment='Phase6_Bot', request_id=1207956391, retcode_external=0, request=TradeRequest(action=1, magic=234000, order=0, symbol='USDJPYm', volume=0.01, price=155.762, stoplimit=0.0, sl=155.962, tp=155.362, deviation=20, type=1, type_filling=0, type_time=0, expiration=0, comment='Phase6_Bot', position=0, position_by=0))"
2025-12-03 01:04:34.995160,USDJPYm,-1,SELL,155.762,0.01,20,40,"OrderSendResult(retcode=10044, deal=0, order=2023087366, volume=0.01, price=0.0, bid=0.0, ask=0.0, comment='Phase6_Bot', request_id=1207956392, retcode_external=0, request=TradeRequest(action=1, magic=234000, order=0, symbol='USDJPYm', volume=0.01, price=155.762, stoplimit=0.0, sl=155.962, tp=155.362, deviation=20, type=1, type_filling=0, type_time=0, expiration=0, comment='Phase6_Bot', position=0, position_by=0))"
2025-12-03 01:05:04.956522,USDJPYm,-1,SELL,155.775,0.01,20,40,"OrderSendResult(retcode=10044, deal=0, order=2023088228, volume=0.01, price=0.0, bid=0.0, ask=0.0, comment='Phase6_Bot', request_id=1207956393, retcode_external=0, request=TradeRequest(action=1, magic=234000, order=0, symbol='USDJPYm', volume=0.01, price=155.775, stoplimit=0.0, sl=155.975, tp=155.375, deviation=20, type=1, type_filling=0, type_time=0, expiration=0, comment='Phase6_Bot', position=0, position_by=0))"
2025-12-03 01:05:05.126948,USDJPYm,-1,SELL,155.775,0.01,20,40,"OrderSendResult(retcode=10044, deal=0, order=2023088231, volume=0.01, price=0.0, bid=0.0, ask=0.0, comment='Phase6_Bot', request_id=1207956394, retcode_external=0, request=TradeRequest(action=1, magic=234000, order=0, symbol='USDJPYm', volume=0.01, price=155.775, stoplimit=0.0, sl=155.975, tp=155.375, deviation=20, type=1, type_filling=0, type_time=0, expiration=0, comment='Phase6_Bot', position=0, position_by=0))"
2025-12-03 12:05:44.570488,USDJPYm,-1,SELL,155.771,0.01,20,40,"OrderSendResult(retcode=10031, deal=0, order=0, volume=0.0, price=0.0, bid=0.0, ask=0.0, comment='Request rejected due to absence of network connection', request_id=0, retcode_external=0, request=TradeRequest(action=1, magic=234000, order=0, symbol='USDJPYm', volume=0.01, price=155.771, stoplimit=0.0, sl=155.97099999999998, tp=155.37099999999998, deviation=20, type=1, type_filling=0, type_time=0, expiration=0, comment='Phase6_Bot', position=0, position_by=0))"
2025-12-03 12:05:44.740493,USDJPYm,-1,SELL,155.771,0.01,20,40,"OrderSendResult(retcode=10031, deal=0, order=0, volume=0.0, price=0.0, bid=0.0, ask=0.0, comment='Request rejected due to absence of network connection', request_id=0, retcode_external=0, request=TradeRequest(action=1, magic=234000, order=0, symbol='USDJPYm', volume=0.01, price=155.771, stoplimit=0.0, sl=155.97099999999998, tp=155.37099999999998, deviation=20, type=1, type_filling=0, type_time=0, expiration=0, comment='Phase6_Bot', position=0, position_by=0))"
2025-12-03 12:06:14.589218,USDJPYm,-1,SELL,155.771,0.01,20,40,"OrderSendResult(retcode=10031, deal=0, order=0, volume=0.0, price=0.0, bid=0.0, ask=0.0, comment='Request rejected due to absence of network connection', request_id=0, retcode_external=0, request=TradeRequest(action=1, magic=234000, order=0, symbol='USDJPYm', volume=0.01, price=155.771, stoplimit=0.0, sl=155.97099999999998, tp=155.37099999999998, deviation=20, type=1, type_filling=0, type_time=0, expiration=0, comment='Phase6_Bot', position=0, position_by=0))"
2025-12-03 12:06:14.763727,USDJPYm,-1,SELL,155.771,0.01,20,40,"OrderSendResult(retcode=10031, deal=0, order=0, volume=0.0, price=0.0, bid=0.0, ask=0.0, comment='Request rejected due to absence of network connection', request_id=0, retcode_external=0, request=TradeRequest(action=1, magic=234000, order=0, symbol='USDJPYm', volume=0.01, price=155.771, stoplimit=0.0, sl=155.97099999999998, tp=155.37099999999998, deviation=20, type=1, type_filling=0, type_time=0, expiration=0, comment='Phase6_Bot', position=0, position_by=0))"
2025-12-03 12:06:44.611636,USDJPYm,-1,SELL,155.771,0.01,20,40,"OrderSendResult(retcode=10031, deal=0, order=0, volume=0.0, price=0.0, bid=0.0, ask=0.0, comment='Request rejected due to absence of network connection', request_id=0, retcode_external=0, request=TradeRequest(action=1, magic=234000, order=0, symbol='USDJPYm', volume=0.01, price=155.771, stoplimit=0.0, sl=155.97099999999998, tp=155.37099999999998, deviation=20, type=1, type_filling=0, type_time=0, expiration=0, comment='Phase6_Bot', position=0, position_by=0))"
2025-12-03 12:06:44.785795,USDJPYm,-1,SELL,155.771,0.01,20,40,"OrderSendResult(retcode=10031, deal=0, order=0, volume=0.0, price=0.0, bid=0.0, ask=0.0, comment='Request rejected due to absence of network connection', request_id=0, retcode_external=0, request=TradeRequest(action=1, magic=234000, order=0, symbol='USDJPYm', volume=0.01, price=155.771, stoplimit=0.0, sl=155.97099999999998, tp=155.37099999999998, deviation=20, type=1, type_filling=0, type_time=0, expiration=0, comment='Phase6_Bot', position=0, position_by=0))"
2025-12-03 12:07:14.629626,USDJPYm,-1,SELL,155.771,0.01,20,40,"OrderSendResult(retcode=10031, deal=0, order=0, volume=0.0, price=0.0, bid=0.0, ask=0.0, comment='Request rejected due to absence of network connection', request_id=0, retcode_external=0, request=TradeRequest(action=1, magic=234000, order=0, symbol='USDJPYm', volume=0.01, price=155.771, stoplimit=0.0, sl=155.97099999999998, tp=155.37099999999998, deviation=20, type=1, type_filling=0, type_time=0, expiration=0, comment='Phase6_Bot', position=0, position_by=0))"
2025-12-03 12:07:14.806094,USDJPYm,-1,SELL,155.771,0.01,20,40,"OrderSendResult(retcode=10031, deal=0, order=0, volume=0.0, price=0.0, bid=0.0, ask=0.0, comment='Request rejected due to absence of network connection', request_id=0, retcode_external=0, request=TradeRequest(action=1, magic=234000, order=0, symbol='USDJPYm', volume=0.01, price=155.771, stoplimit=0.0, sl=155.97099999999998, tp=155.37099999999998, deviation=20, type=1, type_filling=0, type_time=0, expiration=0, comment='Phase6_Bot', position=0, position_by=0))"
2025-12-03 12:07:44.651324,USDJPYm,-1,SELL,155.771,0.01,20,40,"OrderSendResult(retcode=10031, deal=0, order=0, volume=0.0, price=0.0, bid=0.0, ask=0.0, comment='Request rejected due to absence of network connection', request_id=0, retcode_external=0, request=TradeRequest(action=1, magic=234000, order=0, symbol='USDJPYm', volume=0.01, price=155.771, stoplimit=0.0, sl=155.97099999999998, tp=155.37099999999998, deviation=20, type=1, type_filling=0, type_time=0, expiration=0, comment='Phase6_Bot', position=0, position_by=0))"
2025-12-03 12:07:44.829176,USDJPYm,-1,SELL,155.771,0.01,20,40,"OrderSendResult(retcode=10031, deal=0, order=0, volume=0.0, price=0.0, bid=0.0, ask=0.0, comment='Request rejected due to absence of network connection', request_id=0, retcode_external=0, request=TradeRequest(action=1, magic=234000, order=0, symbol='USDJPYm', volume=0.01, price=155.771, stoplimit=0.0, sl=155.97099999999998, tp=155.37099999999998, deviation=20, type=1, type_filling=0, type_time=0, expiration=0, comment='Phase6_Bot', position=0, position_by=0))"
2025-12-03 12:08:14.669319,USDJPYm,-1,SELL,155.771,0.01,20,40,"OrderSendResult(retcode=10031, deal=0, order=0, volume=0.0, price=0.0, bid=0.0, ask=0.0, comment='Request rejected due to absence of network connection', request_id=0, retcode_external=0, request=TradeRequest(action=1, magic=234000, order=0, symbol='USDJPYm', volume=0.01, price=155.771, stoplimit=0.0, sl=155.97099999999998, tp=155.37099999999998, deviation=20, type=1, type_filling=0, type_time=0, expiration=0, comment='Phase6_Bot', position=0, position_by=0))"
2025-12-03 12:08:14.852846,USDJPYm,-1,SELL,155.771,0.01,20,40,"OrderSendResult(retcode=10031, deal=0, order=0, volume=0.0, price=0.0, bid=0.0, ask=0.0, comment='Request rejected due to absence of network connection', request_id=0, retcode_external=0, request=TradeRequest(action=1, magic=234000, order=0, symbol='USDJPYm', volume=0.01, price=155.771, stoplimit=0.0, sl=155.97099999999998, tp=155.37099999999998, deviation=20, type=1, type_filling=0, type_time=0, expiration=0, comment='Phase6_Bot', position=0, position_by=0))"
2025-12-03 12:08:44.687713,USDJPYm,-1,SELL,155.771,0.01,20,40,"OrderSendResult(retcode=10031, deal=0, order=0, volume=0.0, price=0.0, bid=0.0, ask=0.0, comment='Request rejected due to absence of network connection', request_id=0, retcode_external=0, request=TradeRequest(action=1, magic=234000, order=0, symbol='USDJPYm', volume=0.01, price=155.771, stoplimit=0.0, sl=155.97099999999998, tp=155.37099999999998, deviation=20, type=1, type_filling=0, type_time=0, expiration=0, comment='Phase6_Bot', position=0, position_by=0))"
2025-12-03 12:08:44.871172,USDJPYm,-1,SELL,155.771,0.01,20,40,"OrderSendResult(retcode=10031, deal=0, order=0, volume=0.0, price=0.0, bid=0.0, ask=0.0, comment='Request rejected due to absence of network connection', request_id=0, retcode_external=0, request=TradeRequest(action=1, magic=234000, order=0, symbol='USDJPYm', volume=0.01, price=155.771, stoplimit=0.0, sl=155.97099999999998, tp=155.37099999999998, deviation=20, type=1, type_filling=0, type_time=0, expiration=0, comment='Phase6_Bot', position=0, position_by=0))"
2025-12-03 12:09:14.705412,USDJPYm,-1,SELL,155.771,0.01,20,40,"OrderSendResult(retcode=10031, deal=0, order=0, volume=0.0, price=0.0, bid=0.0, ask=0.0, comment='Request rejected due to absence of network connection', request_id=0, retcode_external=0, request=TradeRequest(action=1, magic=234000, order=0, symbol='USDJPYm', volume=0.01, price=155.771, stoplimit=0.0, sl=155.97099999999998, tp=155.37099999999998, deviation=20, type=1, type_filling=0, type_time=0, expiration=0, comment='Phase6_Bot', position=0, position_by=0))"
2025-12-03 12:09:14.887620,USDJPYm,-1,SELL,155.771,0.01,20,40,"OrderSendResult(retcode=10031, deal=0, order=0, volume=0.0, price=0.0, bid=0.0, ask=0.0, comment='Request rejected due to absence of network connection', request_id=0, retcode_external=0, request=TradeRequest(action=1, magic=234000, order=0, symbol='USDJPYm', volume=0.01, price=155.771, stoplimit=0.0, sl=155.97099999999998, tp=155.37099999999998, deviation=20, type=1, type_filling=0, type_time=0, expiration=0, comment='Phase6_Bot', position=0, position_by=0))"
2025-12-03 12:09:44.722846,USDJPYm,-1,SELL,155.771,0.01,20,40,"OrderSendResult(retcode=10031, deal=0, order=0, volume=0.0, price=0.0, bid=0.0, ask=0.0, comment='Request rejected due to absence of network connection', request_id=0, retcode_external=0, request=TradeRequest(action=1, magic=234000, order=0, symbol='USDJPYm', volume=0.01, price=155.771, stoplimit=0.0, sl=155.97099999999998, tp=155.37099999999998, deviation=20, type=1, type_filling=0, type_time=0, expiration=0, comment='Phase6_Bot', position=0, position_by=0))"
2025-12-03 12:09:44.906017,USDJPYm,-1,SELL,155.771,0.01,20,40,"OrderSendResult(retcode=10031, deal=0, order=0, volume=0.0, price=0.0, bid=0.0, ask=0.0, comment='Request rejected due to absence of network connection', request_id=0, retcode_external=0, request=TradeRequest(action=1, magic=234000, order=0, symbol='USDJPYm', volume=0.01, price=155.771, stoplimit=0.0, sl=155.97099999999998, tp=155.37099999999998, deviation=20, type=1, type_filling=0, type_time=0, expiration=0, comment='Phase6_Bot', position=0, position_by=0))"
2025-12-03 12:10:14.746183,USDJPYm,-1,SELL,155.771,0.01,20,40,"OrderSendResult(retcode=10031, deal=0, order=0, volume=0.0, price=0.0, bid=0.0, ask=0.0, comment='Request rejected due to absence of network connection', request_id=0, retcode_external=0, request=TradeRequest(action=1, magic=234000, order=0, symbol='USDJPYm', volume=0.01, price=155.771, stoplimit=0.0, sl=155.97099999999998, tp=155.37099999999998, deviation=20, type=1, type_filling=0, type_time=0, expiration=0, comment='Phase6_Bot', position=0, position_by=0))"
2025-12-03 12:10:14.925347,USDJPYm,-1,SELL,155.771,0.01,20,40,"OrderSendResult(retcode=10031, deal=0, order=0, volume=0.0, price=0.0, bid=0.0, ask=0.0, comment='Request rejected due to absence of network connection', request_id=0, retcode_external=0, request=TradeRequest(action=1, magic=234000, order=0, symbol='USDJPYm', volume=0.01, price=155.771, stoplimit=0.0, sl=155.97099999999998, tp=155.37099999999998, deviation=20, type=1, type_filling=0, type_time=0, expiration=0, comment='Phase6_Bot', position=0, position_by=0))"
2025-12-03 12:10:44.767596,USDJPYm,-1,SELL,155.771,0.01,20,40,"OrderSendResult(retcode=10031, deal=0, order=0, volume=0.0, price=0.0, bid=0.0, ask=0.0, comment='Request rejected due to absence of network connection', request_id=0, retcode_external=0, request=TradeRequest(action=1, magic=234000, order=0, symbol='USDJPYm', volume=0.01, price=155.771, stoplimit=0.0, sl=155.97099999999998, tp=155.37099999999998, deviation=20, type=1, type_filling=0, type_time=0, expiration=0, comment='Phase6_Bot', position=0, position_by=0))"
2025-12-03 12:10:44.947789,USDJPYm,-1,SELL,155.771,0.01,20,40,"OrderSendResult(retcode=10031, deal=0, order=0, volume=0.0, price=0.0, bid=0.0, ask=0.0, comment='Request rejected due to absence of network connection', request_id=0, retcode_external=0, request=TradeRequest(action=1, magic=234000, order=0, symbol='USDJPYm', volume=0.01, price=155.771, stoplimit=0.0, sl=155.97099999999998, tp=155.37099999999998, deviation=20, type=1, type_filling=0, type_time=0, expiration=0, comment='Phase6_Bot', position=0, position_by=0))"
2025-12-03 12:11:14.785117,USDJPYm,-1,SELL,155.771,0.01,20,40,"OrderSendResult(retcode=10031, deal=0, order=0, volume=0.0, price=0.0, bid=0.0, ask=0.0, comment='Request rejected due to absence of network connection', request_id=0, retcode_external=0, request=TradeRequest(action=1, magic=234000, order=0, symbol='USDJPYm', volume=0.01, price=155.771, stoplimit=0.0, sl=155.97099999999998, tp=155.37099999999998, deviation=20, type=1, type_filling=0, type_time=0, expiration=0, comment='Phase6_Bot', position=0, position_by=0))"
2025-12-03 12:11:14.964337,USDJPYm,-1,SELL,155.771,0.01,20,40,"OrderSendResult(retcode=10031, deal=0, order=0, volume=0.0, price=0.0, bid=0.0, ask=0.0, comment='Request rejected due to absence of network connection', request_id=0, retcode_external=0, request=TradeRequest(action=1, magic=234000, order=0, symbol='USDJPYm', volume=0.01, price=155.771, stoplimit=0.0, sl=155.97099999999998, tp=155.37099999999998, deviation=20, type=1, type_filling=0, type_time=0, expiration=0, comment='Phase6_Bot', position=0, position_by=0))"
2025-12-03 12:11:44.814065,USDJPYm,-1,SELL,155.771,0.01,20,40,"OrderSendResult(retcode=10031, deal=0, order=0, volume=0.0, price=0.0, bid=0.0, ask=0.0, comment='Request rejected due to absence of network connection', request_id=0, retcode_external=0, request=TradeRequest(action=1, magic=234000, order=0, symbol='USDJPYm', volume=0.01, price=155.771, stoplimit=0.0, sl=155.97099999999998, tp=155.37099999999998, deviation=20, type=1, type_filling=0, type_time=0, expiration=0, comment='Phase6_Bot', position=0, position_by=0))"
2025-12-03 12:11:44.982052,USDJPYm,-1,SELL,155.771,0.01,20,40,"OrderSendResult(retcode=10031, deal=0, order=0, volume=0.0, price=0.0, bid=0.0, ask=0.0, comment='Request rejected due to absence of network connection', request_id=0, retcode_external=0, request=TradeRequest(action=1, magic=234000, order=0, symbol='USDJPYm', volume=0.01, price=155.771, stoplimit=0.0, sl=155.97099999999998, tp=155.37099999999998, deviation=20, type=1, type_filling=0, type_time=0, expiration=0, comment='Phase6_Bot', position=0, position_by=0))"
2025-12-03 12:12:14.834246,USDJPYm,-1,SELL,155.771,0.01,20,40,"OrderSendResult(retcode=10031, deal=0, order=0, volume=0.0, price=0.0, bid=0.0, ask=0.0, comment='Request rejected due to absence of network connection', request_id=0, retcode_external=0, request=TradeRequest(action=1, magic=234000, order=0, symbol='USDJPYm', volume=0.01, price=155.771, stoplimit=0.0, sl=155.97099999999998, tp=155.37099999999998, deviation=20, type=1, type_filling=0, type_time=0, expiration=0, comment='Phase6_Bot', position=0, position_by=0))"
2025-12-03 12:12:15.001056,USDJPYm,-1,SELL,155.771,0.01,20,40,"OrderSendResult(retcode=10031, deal=0, order=0, volume=0.0, price=0.0, bid=0.0, ask=0.0, comment='Request rejected due to absence of network connection', request_id=0, retcode_external=0, request=TradeRequest(action=1, magic=234000, order=0, symbol='USDJPYm', volume=0.01, price=155.771, stoplimit=0.0, sl=155.97099999999998, tp=155.37099999999998, deviation=20, type=1, type_filling=0, type_time=0, expiration=0, comment='Phase6_Bot', position=0, position_by=0))"
2025-12-03 12:12:44.853455,USDJPYm,-1,SELL,155.771,0.01,20,40,"OrderSendResult(retcode=10031, deal=0, order=0, volume=0.0, price=0.0, bid=0.0, ask=0.0, comment='Request rejected due to absence of network connection', request_id=0, retcode_external=0, request=TradeRequest(action=1, magic=234000, order=0, symbol='USDJPYm', volume=0.01, price=155.771, stoplimit=0.0, sl=155.97099999999998, tp=155.37099999999998, deviation=20, type=1, type_filling=0, type_time=0, expiration=0, comment='Phase6_Bot', position=0, position_by=0))"
2025-12-03 12:12:45.020094,USDJPYm,-1,SELL,155.771,0.01,20,40,"OrderSendResult(retcode=10031, deal=0, order=0, volume=0.0, price=0.0, bid=0.0, ask=0.0, comment='Request rejected due to absence of network connection', request_id=0, retcode_external=0, request=TradeRequest(action=1, magic=234000, order=0, symbol='USDJPYm', volume=0.01, price=155.771, stoplimit=0.0, sl=155.97099999999998, tp=155.37099999999998, deviation=20, type=1, type_filling=0, type_time=0, expiration=0, comment='Phase6_Bot', position=0, position_by=0))"
2025-12-03 12:13:14.869374,USDJPYm,-1,SELL,155.771,0.01,20,40,"OrderSendResult(retcode=10031, deal=0, order=0, volume=0.0, price=0.0, bid=0.0, ask=0.0, comment='Request rejected due to absence of network connection', request_id=0, retcode_external=0, request=TradeRequest(action=1, magic=234000, order=0, symbol='USDJPYm', volume=0.01, price=155.771, stoplimit=0.0, sl=155.97099999999998, tp=155.37099999999998, deviation=20, type=1, type_filling=0, type_time=0, expiration=0, comment='Phase6_Bot', position=0, position_by=0))"
2025-12-03 12:13:15.039810,USDJPYm,-1,SELL,155.771,0.01,20,40,"OrderSendResult(retcode=10031, deal=0, order=0, volume=0.0, price=0.0, bid=0.0, ask=0.0, comment='Request rejected due to absence of network connection', request_id=0, retcode_external=0, request=TradeRequest(action=1, magic=234000, order=0, symbol='USDJPYm', volume=0.01, price=155.771, stoplimit=0.0, sl=155.97099999999998, tp=155.37099999999998, deviation=20, type=1, type_filling=0, type_time=0, expiration=0, comment='Phase6_Bot', position=0, position_by=0))"
2025-12-03 12:13:44.888233,USDJPYm,-1,SELL,155.771,0.01,20,40,"OrderSendResult(retcode=10031, deal=0, order=0, volume=0.0, price=0.0, bid=0.0, ask=0.0, comment='Request rejected due to absence of network connection', request_id=0, retcode_external=0, request=TradeRequest(action=1, magic=234000, order=0, symbol='USDJPYm', volume=0.01, price=155.771, stoplimit=0.0, sl=155.97099999999998, tp=155.37099999999998, deviation=20, type=1, type_filling=0, type_time=0, expiration=0, comment='Phase6_Bot', position=0, position_by=0))"
2025-12-03 12:13:45.061710,USDJPYm,-1,SELL,155.771,0.01,20,40,"OrderSendResult(retcode=10031, deal=0, order=0, volume=0.0, price=0.0, bid=0.0, ask=0.0, comment='Request rejected due to absence of network connection', request_id=0, retcode_external=0, request=TradeRequest(action=1, magic=234000, order=0, symbol='USDJPYm', volume=0.01, price=155.771, stoplimit=0.0, sl=155.97099999999998, tp=155.37099999999998, deviation=20, type=1, type_filling=0, type_time=0, expiration=0, comment='Phase6_Bot', position=0, position_by=0))"
2025-12-03 12:14:14.905712,USDJPYm,-1,SELL,155.771,0.01,20,40,"OrderSendResult(retcode=10031, deal=0, order=0, volume=0.0, price=0.0, bid=0.0, ask=0.0, comment='Request rejected due to absence of network connection', request_id=0, retcode_external=0, request=TradeRequest(action=1, magic=234000, order=0, symbol='USDJPYm', volume=0.01, price=155.771, stoplimit=0.0, sl=155.97099999999998, tp=155.37099999999998, deviation=20, type=1, type_filling=0, type_time=0, expiration=0, comment='Phase6_Bot', position=0, position_by=0))"
2025-12-03 12:14:15.078010,USDJPYm,-1,SELL,155.771,0.01,20,40,"OrderSendResult(retcode=10031, deal=0, order=0, volume=0.0, price=0.0, bid=0.0, ask=0.0, comment='Request rejected due to absence of network connection', request_id=0, retcode_external=0, request=TradeRequest(action=1, magic=234000, order=0, symbol='USDJPYm', volume=0.01, price=155.771, stoplimit=0.0, sl=155.97099999999998, tp=155.37099999999998, deviation=20, type=1, type_filling=0, type_time=0, expiration=0, comment='Phase6_Bot', position=0, position_by=0))"
2025-12-03 12:19:42.034321,USDJPYm,-1,SELL,155.771,0.01,20,40,"OrderSendResult(retcode=10031, deal=0, order=0, volume=0.0, price=0.0, bid=0.0, ask=0.0, comment='Request rejected due to absence of network connection', request_id=0, retcode_external=0, request=TradeRequest(action=1, magic=234000, order=0, symbol='USDJPYm', volume=0.01, price=155.771, stoplimit=0.0, sl=155.97099999999998, tp=155.37099999999998, deviation=20, type=1, type_filling=0, type_time=0, expiration=0, comment='Phase6_Bot', position=0, position_by=0))"
2025-12-03 12:19:42.206493,USDJPYm,-1,SELL,155.771,0.01,20,40,"OrderSendResult(retcode=10031, deal=0, order=0, volume=0.0, price=0.0, bid=0.0, ask=0.0, comment='Request rejected due to absence of network connection', request_id=0, retcode_external=0, request=TradeRequest(action=1, magic=234000, order=0, symbol='USDJPYm', volume=0.01, price=155.771, stoplimit=0.0, sl=155.97099999999998, tp=155.37099999999998, deviation=20, type=1, type_filling=0, type_time=0, expiration=0, comment='Phase6_Bot', position=0, position_by=0))"
2025-12-03 12:20:12.055692,USDJPYm,-1,SELL,155.771,0.01,20,40,"OrderSendResult(retcode=10031, deal=0, order=0, volume=0.0, price=0.0, bid=0.0, ask=0.0, comment='Request rejected due to absence of network connection', request_id=0, retcode_external=0, request=TradeRequest(action=1, magic=234000, order=0, symbol='USDJPYm', volume=0.01, price=155.771, stoplimit=0.0, sl=155.97099999999998, tp=155.37099999999998, deviation=20, type=1, type_filling=0, type_time=0, expiration=0, comment='Phase6_Bot', position=0, position_by=0))"
2025-12-03 12:20:12.225714,USDJPYm,-1,SELL,155.771,0.01,20,40,"OrderSendResult(retcode=10031, deal=0, order=0, volume=0.0, price=0.0, bid=0.0, ask=0.0, comment='Request rejected due to absence of network connection', request_id=0, retcode_external=0, request=TradeRequest(action=1, magic=234000, order=0, symbol='USDJPYm', volume=0.01, price=155.771, stoplimit=0.0, sl=155.97099999999998, tp=155.37099999999998, deviation=20, type=1, type_filling=0, type_time=0, expiration=0, comment='Phase6_Bot', position=0, position_by=0))"
2025-12-03 12:20:42.073483,USDJPYm,-1,SELL,155.771,0.01,20,40,"OrderSendResult(retcode=10031, deal=0, order=0, volume=0.0, price=0.0, bid=0.0, ask=0.0, comment='Request rejected due to absence of network connection', request_id=0, retcode_external=0, request=TradeRequest(action=1, magic=234000, order=0, symbol='USDJPYm', volume=0.01, price=155.771, stoplimit=0.0, sl=155.97099999999998, tp=155.37099999999998, deviation=20, type=1, type_filling=0, type_time=0, expiration=0, comment='Phase6_Bot', position=0, position_by=0))"
2025-12-03 12:20:42.244146,USDJPYm,-1,SELL,155.771,0.01,20,40,"OrderSendResult(retcode=10031, deal=0, order=0, volume=0.0, price=0.0, bid=0.0, ask=0.0, comment='Request rejected due to absence of network connection', request_id=0, retcode_external=0, request=TradeRequest(action=1, magic=234000, order=0, symbol='USDJPYm', volume=0.01, price=155.771, stoplimit=0.0, sl=155.97099999999998, tp=155.37099999999998, deviation=20, type=1, type_filling=0, type_time=0, expiration=0, comment='Phase6_Bot', position=0, position_by=0))"
2025-12-03 12:21:12.097239,USDJPYm,-1,SELL,155.771,0.01,20,40,"OrderSendResult(retcode=10031, deal=0, order=0, volume=0.0, price=0.0, bid=0.0, ask=0.0, comment='Request rejected due to absence of network connection', request_id=0, retcode_external=0, request=TradeRequest(action=1, magic=234000, order=0, symbol='USDJPYm', volume=0.01, price=155.771, stoplimit=0.0, sl=155.97099999999998, tp=155.37099999999998, deviation=20, type=1, type_filling=0, type_time=0, expiration=0, comment='Phase6_Bot', position=0, position_by=0))"
2025-12-03 12:21:12.265471,USDJPYm,-1,SELL,155.771,0.01,20,40,"OrderSendResult(retcode=10031, deal=0, order=0, volume=0.0, price=0.0, bid=0.0, ask=0.0, comment='Request rejected due to absence of network connection', request_id=0, retcode_external=0, request=TradeRequest(action=1, magic=234000, order=0, symbol='USDJPYm', volume=0.01, price=155.771, stoplimit=0.0, sl=155.97099999999998, tp=155.37099999999998, deviation=20, type=1, type_filling=0, type_time=0, expiration=0, comment='Phase6_Bot', position=0, position_by=0))"
2025-12-03 12:21:42.120939,USDJPYm,-1,SELL,155.771,0.01,20,40,"OrderSendResult(retcode=10031, deal=0, order=0, volume=0.0, price=0.0, bid=0.0, ask=0.0, comment='Request rejected due to absence of network connection', request_id=0, retcode_external=0, request=TradeRequest(action=1, magic=234000, order=0, symbol='USDJPYm', volume=0.01, price=155.771, stoplimit=0.0, sl=155.97099999999998, tp=155.37099999999998, deviation=20, type=1, type_filling=0, type_time=0, expiration=0, comment='Phase6_Bot', position=0, position_by=0))"
2025-12-03 12:21:42.285349,USDJPYm,-1,SELL,155.771,0.01,20,40,"OrderSendResult(retcode=10031, deal=0, order=0, volume=0.0, price=0.0, bid=0.0, ask=0.0, comment='Request rejected due to absence of network connection', request_id=0, retcode_external=0, request=TradeRequest(action=1, magic=234000, order=0, symbol='USDJPYm', volume=0.01, price=155.771, stoplimit=0.0, sl=155.97099999999998, tp=155.37099999999998, deviation=20, type=1, type_filling=0, type_time=0, expiration=0, comment='Phase6_Bot', position=0, position_by=0))"
2025-12-03 12:22:12.137786,USDJPYm,-1,SELL,155.771,0.01,20,40,"OrderSendResult(retcode=10031, deal=0, order=0, volume=0.0, price=0.0, bid=0.0, ask=0.0, comment='Request rejected due to absence of network connection', request_id=0, retcode_external=0, request=TradeRequest(action=1, magic=234000, order=0, symbol='USDJPYm', volume=0.01, price=155.771, stoplimit=0.0, sl=155.97099999999998, tp=155.37099999999998, deviation=20, type=1, type_filling=0, type_time=0, expiration=0, comment='Phase6_Bot', position=0, position_by=0))"
2025-12-03 12:22:12.304963,USDJPYm,-1,SELL,155.771,0.01,20,40,"OrderSendResult(retcode=10031, deal=0, order=0, volume=0.0, price=0.0, bid=0.0, ask=0.0, comment='Request rejected due to absence of network connection', request_id=0, retcode_external=0, request=TradeRequest(action=1, magic=234000, order=0, symbol='USDJPYm', volume=0.01, price=155.771, stoplimit=0.0, sl=155.97099999999998, tp=155.37099999999998, deviation=20, type=1, type_filling=0, type_time=0, expiration=0, comment='Phase6_Bot', position=0, position_by=0))"
2025-12-03 12:22:42.153088,USDJPYm,-1,SELL,155.771,0.01,20,40,"OrderSendResult(retcode=10031, deal=0, order=0, volume=0.0, price=0.0, bid=0.0, ask=0.0, comment='Request rejected due to absence of network connection', request_id=0, retcode_external=0, request=TradeRequest(action=1, magic=234000, order=0, symbol='USDJPYm', volume=0.01, price=155.771, stoplimit=0.0, sl=155.97099999999998, tp=155.37099999999998, deviation=20, type=1, type_filling=0, type_time=0, expiration=0, comment='Phase6_Bot', position=0, position_by=0))"
2025-12-03 12:22:42.331384,USDJPYm,-1,SELL,155.771,0.01,20,40,"OrderSendResult(retcode=10031, deal=0, order=0, volume=0.0, price=0.0, bid=0.0, ask=0.0, comment='Request rejected due to absence of network connection', request_id=0, retcode_external=0, request=TradeRequest(action=1, magic=234000, order=0, symbol='USDJPYm', volume=0.01, price=155.771, stoplimit=0.0, sl=155.97099999999998, tp=155.37099999999998, deviation=20, type=1, type_filling=0, type_time=0, expiration=0, comment='Phase6_Bot', position=0, position_by=0))"
2025-12-03 12:23:12.168455,USDJPYm,-1,SELL,155.771,0.01,20,40,"OrderSendResult(retcode=10031, deal=0, order=0, volume=0.0, price=0.0, bid=0.0, ask=0.0, comment='Request rejected due to absence of network connection', request_id=0, retcode_external=0, request=TradeRequest(action=1, magic=234000, order=0, symbol='USDJPYm', volume=0.01, price=155.771, stoplimit=0.0, sl=155.97099999999998, tp=155.37099999999998, deviation=20, type=1, type_filling=0, type_time=0, expiration=0, comment='Phase6_Bot', position=0, position_by=0))"
2025-12-03 12:23:12.350813,USDJPYm,-1,SELL,155.771,0.01,20,40,"OrderSendResult(retcode=10031, deal=0, order=0, volume=0.0, price=0.0, bid=0.0, ask=0.0, comment='Request rejected due to absence of network connection', request_id=0, retcode_external=0, request=TradeRequest(action=1, magic=234000, order=0, symbol='USDJPYm', volume=0.01, price=155.771, stoplimit=0.0, sl=155.97099999999998, tp=155.37099999999998, deviation=20, type=1, type_filling=0, type_time=0, expiration=0, comment='Phase6_Bot', position=0, position_by=0))"
2025-12-03 12:23:42.184757,USDJPYm,-1,SELL,155.771,0.01,20,40,"OrderSendResult(retcode=10031, deal=0, order=0, volume=0.0, price=0.0, bid=0.0, ask=0.0, comment='Request rejected due to absence of network connection', request_id=0, retcode_external=0, request=TradeRequest(action=1, magic=234000, order=0, symbol='USDJPYm', volume=0.01, price=155.771, stoplimit=0.0, sl=155.97099999999998, tp=155.37099999999998, deviation=20, type=1, type_filling=0, type_time=0, expiration=0, comment='Phase6_Bot', position=0, position_by=0))"
2025-12-03 12:23:42.370445,USDJPYm,-1,SELL,155.771,0.01,20,40,"OrderSendResult(retcode=10031, deal=0, order=0, volume=0.0, price=0.0, bid=0.0, ask=0.0, comment='Request rejected due to absence of network connection', request_id=0, retcode_external=0, request=TradeRequest(action=1, magic=234000, order=0, symbol='USDJPYm', volume=0.01, price=155.771, stoplimit=0.0, sl=155.97099999999998, tp=155.37099999999998, deviation=20, type=1, type_filling=0, type_time=0, expiration=0, comment='Phase6_Bot', position=0, position_by=0))"
2025-12-03 12:24:12.201964,USDJPYm,-1,SELL,155.771,0.01,20,40,"OrderSendResult(retcode=10031, deal=0, order=0, volume=0.0, price=0.0, bid=0.0, ask=0.0, comment='Request rejected due to absence of network connection', request_id=0, retcode_external=0, request=TradeRequest(action=1, magic=234000, order=0, symbol='USDJPYm', volume=0.01, price=155.771, stoplimit=0.0, sl=155.97099999999998, tp=155.37099999999998, deviation=20, type=1, type_filling=0, type_time=0, expiration=0, comment='Phase6_Bot', position=0, position_by=0))"
2025-12-03 12:24:12.388861,USDJPYm,-1,SELL,155.771,0.01,20,40,"OrderSendResult(retcode=10031, deal=0, order=0, volume=0.0, price=0.0, bid=0.0, ask=0.0, comment='Request rejected due to absence of network connection', request_id=0, retcode_external=0, request=TradeRequest(action=1, magic=234000, order=0, symbol='USDJPYm', volume=0.01, price=155.771, stoplimit=0.0, sl=155.97099999999998, tp=155.37099999999998, deviation=20, type=1, type_filling=0, type_time=0, expiration=0, comment='Phase6_Bot', position=0, position_by=0))"
2025-12-03 12:24:42.220837,USDJPYm,-1,SELL,155.771,0.01,20,40,"OrderSendResult(retcode=10031, deal=0, order=0, volume=0.0, price=0.0, bid=0.0, ask=0.0, comment='Request rejected due to absence of network connection', request_id=0, retcode_external=0, request=TradeRequest(action=1, magic=234000, order=0, symbol='USDJPYm', volume=0.01, price=155.771, stoplimit=0.0, sl=155.97099999999998, tp=155.37099999999998, deviation=20, type=1, type_filling=0, type_time=0, expiration=0, comment='Phase6_Bot', position=0, position_by=0))"
2025-12-03 12:24:42.407546,USDJPYm,-1,SELL,155.771,0.01,20,40,"OrderSendResult(retcode=10031, deal=0, order=0, volume=0.0, price=0.0, bid=0.0, ask=0.0, comment='Request rejected due to absence of network connection', request_id=0, retcode_external=0, request=TradeRequest(action=1, magic=234000, order=0, symbol='USDJPYm', volume=0.01, price=155.771, stoplimit=0.0, sl=155.97099999999998, tp=155.37099999999998, deviation=20, type=1, type_filling=0, type_time=0, expiration=0, comment='Phase6_Bot', position=0, position_by=0))"
2025-12-03 12:25:12.245692,USDJPYm,-1,SELL,155.405,0.01,20,40,"OrderSendResult(retcode=10044, deal=0, order=2025248500, volume=0.01, price=0.0, bid=0.0, ask=0.0, comment='Phase6_Bot', request_id=1207956395, retcode_external=0, request=TradeRequest(action=1, magic=234000, order=0, symbol='USDJPYm', volume=0.01, price=155.405, stoplimit=0.0, sl=155.605, tp=155.005, deviation=20, type=1, type_filling=0, type_time=0, expiration=0, comment='Phase6_Bot', position=0, position_by=0))"
2025-12-03 12:25:13.093209,USDJPYm,-1,SELL,155.405,0.01,20,40,"OrderSendResult(retcode=10044, deal=0, order=2025248532, volume=0.01, price=0.0, bid=0.0, ask=0.0, comment='Phase6_Bot', request_id=1207956396, retcode_external=0, request=TradeRequest(action=1, magic=234000, order=0, symbol='USDJPYm', volume=0.01, price=155.405, stoplimit=0.0, sl=155.605, tp=155.005, deviation=20, type=1, type_filling=0, type_time=0, expiration=0, comment='Phase6_Bot', position=0, position_by=0))"
2025-12-03 12:25:43.097452,USDJPYm,-1,SELL,155.406,0.01,20,40,"OrderSendResult(retcode=10031, deal=0, order=0, volume=0.0, price=0.0, bid=0.0, ask=0.0, comment='Request rejected due to absence of network connection', request_id=0, retcode_external=0, request=TradeRequest(action=1, magic=234000, order=0, symbol='USDJPYm', volume=0.01, price=155.406, stoplimit=0.0, sl=155.606, tp=155.006, deviation=20, type=1, type_filling=0, type_time=0, expiration=0, comment='Phase6_Bot', position=0, position_by=0))"
2025-12-03 12:25:43.620961,USDJPYm,-1,SELL,155.406,0.01,20,40,"OrderSendResult(retcode=10031, deal=0, order=0, volume=0.0, price=0.0, bid=0.0, ask=0.0, comment='Request rejected due to absence of network connection', request_id=0, retcode_external=0, request=TradeRequest(action=1, magic=234000, order=0, symbol='USDJPYm', volume=0.01, price=155.406, stoplimit=0.0, sl=155.606, tp=155.006, deviation=20, type=1, type_filling=0, type_time=0, expiration=0, comment='Phase6_Bot', position=0, position_by=0))"
2025-12-03 12:26:13.123921,USDJPYm,-1,SELL,155.406,0.01,20,40,"OrderSendResult(retcode=10031, deal=0, order=0, volume=0.0, price=0.0, bid=0.0, ask=0.0, comment='Request rejected due to absence of network connection', request_id=0, retcode_external=0, request=TradeRequest(action=1, magic=234000, order=0, symbol='USDJPYm', volume=0.01, price=155.406, stoplimit=0.0, sl=155.606, tp=155.006, deviation=20, type=1, type_filling=0, type_time=0, expiration=0, comment='Phase6_Bot', position=0, position_by=0))"
2025-12-03 12:26:13.643487,USDJPYm,-1,SELL,155.406,0.01,20,40,"OrderSendResult(retcode=10031, deal=0, order=0, volume=0.0, price=0.0, bid=0.0, ask=0.0, comment='Request rejected due to absence of network connection', request_id=0, retcode_external=0, request=TradeRequest(action=1, magic=234000, order=0, symbol='USDJPYm', volume=0.01, price=155.406, stoplimit=0.0, sl=155.606, tp=155.006, deviation=20, type=1, type_filling=0, type_time=0, expiration=0, comment='Phase6_Bot', position=0, position_by=0))"
2025-12-03 12:26:43.148176,USDJPYm,-1,SELL,155.406,0.01,20,40,"OrderSendResult(retcode=10031, deal=0, order=0, volume=0.0, price=0.0, bid=0.0, ask=0.0, comment='Request rejected due to absence of network connection', request_id=0, retcode_external=0, request=TradeRequest(action=1, magic=234000, order=0, symbol='USDJPYm', volume=0.01, price=155.406, stoplimit=0.0, sl=155.606, tp=155.006, deviation=20, type=1, type_filling=0, type_time=0, expiration=0, comment='Phase6_Bot', position=0, position_by=0))"
2025-12-03 12:26:43.663333,USDJPYm,-1,SELL,155.406,0.01,20,40,"OrderSendResult(retcode=10031, deal=0, order=0, volume=0.0, price=0.0, bid=0.0, ask=0.0, comment='Request rejected due to absence of network connection', request_id=0, retcode_external=0, request=TradeRequest(action=1, magic=234000, order=0, symbol='USDJPYm', volume=0.01, price=155.406, stoplimit=0.0, sl=155.606, tp=155.006, deviation=20, type=1, type_filling=0, type_time=0, expiration=0, comment='Phase6_Bot', position=0, position_by=0))"
2025-12-03 12:28:50.381960,USDJPYm,-1,SELL,155.406,0.01,20,40,"OrderSendResult(retcode=10031, deal=0, order=0, volume=0.0, price=0.0, bid=0.0, ask=0.0, comment='Request rejected due to absence of network connection', request_id=0, retcode_external=0, request=TradeRequest(action=1, magic=234000, order=0, symbol='USDJPYm', volume=0.01, price=155.406, stoplimit=0.0, sl=155.606, tp=155.006, deviation=20, type=1, type_filling=0, type_time=0, expiration=0, comment='Phase6_Bot', position=0, position_by=0))"
2025-12-03 12:28:50.894933,USDJPYm,-1,SELL,155.406,0.01,20,40,"OrderSendResult(retcode=10031, deal=0, order=0, volume=0.0, price=0.0, bid=0.0, ask=0.0, comment='Request rejected due to absence of network connection', request_id=0, retcode_external=0, request=TradeRequest(action=1, magic=234000, order=0, symbol='USDJPYm', volume=0.01, price=155.406, stoplimit=0.0, sl=155.606, tp=155.006, deviation=20, type=1, type_filling=0, type_time=0, expiration=0, comment='Phase6_Bot', position=0, position_by=0))"
2025-12-03 12:29:20.398715,USDJPYm,-1,SELL,155.406,0.01,20,40,"OrderSendResult(retcode=10031, deal=0, order=0, volume=0.0, price=0.0, bid=0.0, ask=0.0, comment='Request rejected due to absence of network connection', request_id=0, retcode_external=0, request=TradeRequest(action=1, magic=234000, order=0, symbol='USDJPYm', volume=0.01, price=155.406, stoplimit=0.0, sl=155.606, tp=155.006, deviation=20, type=1, type_filling=0, type_time=0, expiration=0, comment='Phase6_Bot', position=0, position_by=0))"
2025-12-03 12:29:20.913462,USDJPYm,-1,SELL,155.406,0.01,20,40,"OrderSendResult(retcode=10031, deal=0, order=0, volume=0.0, price=0.0, bid=0.0, ask=0.0, comment='Request rejected due to absence of network connection', request_id=0, retcode_external=0, request=TradeRequest(action=1, magic=234000, order=0, symbol='USDJPYm', volume=0.01, price=155.406, stoplimit=0.0, sl=155.606, tp=155.006, deviation=20, type=1, type_filling=0, type_time=0, expiration=0, comment='Phase6_Bot', position=0, position_by=0))"
2025-12-03 12:29:50.416585,USDJPYm,-1,SELL,155.406,0.01,20,40,"OrderSendResult(retcode=10031, deal=0, order=0, volume=0.0, price=0.0, bid=0.0, ask=0.0, comment='Request rejected due to absence of network connection', request_id=0, retcode_external=0, request=TradeRequest(action=1, magic=234000, order=0, symbol='USDJPYm', volume=0.01, price=155.406, stoplimit=0.0, sl=155.606, tp=155.006, deviation=20, type=1, type_filling=0, type_time=0, expiration=0, comment='Phase6_Bot', position=0, position_by=0))"
2025-12-03 12:29:50.945048,USDJPYm,-1,SELL,155.406,0.01,20,40,"OrderSendResult(retcode=10031, deal=0, order=0, volume=0.0, price=0.0, bid=0.0, ask=0.0, comment='Request rejected due to absence of network connection', request_id=0, retcode_external=0, request=TradeRequest(action=1, magic=234000, order=0, symbol='USDJPYm', volume=0.01, price=155.406, stoplimit=0.0, sl=155.606, tp=155.006, deviation=20, type=1, type_filling=0, type_time=0, expiration=0, comment='Phase6_Bot', position=0, position_by=0))"
2025-12-03 12:30:20.433599,USDJPYm,-1,SELL,155.406,0.01,20,40,"OrderSendResult(retcode=10031, deal=0, order=0, volume=0.0, price=0.0, bid=0.0, ask=0.0, comment='Request rejected due to absence of network connection', request_id=0, retcode_external=0, request=TradeRequest(action=1, magic=234000, order=0, symbol='USDJPYm', volume=0.01, price=155.406, stoplimit=0.0, sl=155.606, tp=155.006, deviation=20, type=1, type_filling=0, type_time=0, expiration=0, comment='Phase6_Bot', position=0, position_by=0))"
2025-12-03 12:30:20.963976,USDJPYm,-1,SELL,155.406,0.01,20,40,"OrderSendResult(retcode=10031, deal=0, order=0, volume=0.0, price=0.0, bid=0.0, ask=0.0, comment='Request rejected due to absence of network connection', request_id=0, retcode_external=0, request=TradeRequest(action=1, magic=234000, order=0, symbol='USDJPYm', volume=0.01, price=155.406, stoplimit=0.0, sl=155.606, tp=155.006, deviation=20, type=1, type_filling=0, type_time=0, expiration=0, comment='Phase6_Bot', position=0, position_by=0))"
2025-12-03 12:30:50.449241,USDJPYm,-1,SELL,155.406,0.01,20,40,"OrderSendResult(retcode=10031, deal=0, order=0, volume=0.0, price=0.0, bid=0.0, ask=0.0, comment='Request rejected due to absence of network connection', request_id=0, retcode_external=0, request=TradeRequest(action=1, magic=234000, order=0, symbol='USDJPYm', volume=0.01, price=155.406, stoplimit=0.0, sl=155.606, tp=155.006, deviation=20, type=1, type_filling=0, type_time=0, expiration=0, comment='Phase6_Bot', position=0, position_by=0))"
2025-12-03 12:30:50.986543,USDJPYm,-1,SELL,155.406,0.01,20,40,"OrderSendResult(retcode=10031, deal=0, order=0, volume=0.0, price=0.0, bid=0.0, ask=0.0, comment='Request rejected due to absence of network connection', request_id=0, retcode_external=0, request=TradeRequest(action=1, magic=234000, order=0, symbol='USDJPYm', volume=0.01, price=155.406, stoplimit=0.0, sl=155.606, tp=155.006, deviation=20, type=1, type_filling=0, type_time=0, expiration=0, comment='Phase6_Bot', position=0, position_by=0))"
2025-12-03 12:34:07.290702,USDJPYm,-1,SELL,155.406,0.01,20,40,"OrderSendResult(retcode=10031, deal=0, order=0, volume=0.0, price=0.0, bid=0.0, ask=0.0, comment='Request rejected due to absence of network connection', request_id=0, retcode_external=0, request=TradeRequest(action=1, magic=234000, order=0, symbol='USDJPYm', volume=0.01, price=155.406, stoplimit=0.0, sl=155.606, tp=155.006, deviation=20, type=1, type_filling=0, type_time=0, expiration=0, comment='Phase6_Bot', position=0, position_by=0))"
2025-12-03 12:34:07.833502,USDJPYm,-1,SELL,155.406,0.01,20,40,"OrderSendResult(retcode=10031, deal=0, order=0, volume=0.0, price=0.0, bid=0.0, ask=0.0, comment='Request rejected due to absence of network connection', request_id=0, retcode_external=0, request=TradeRequest(action=1, magic=234000, order=0, symbol='USDJPYm', volume=0.01, price=155.406, stoplimit=0.0, sl=155.606, tp=155.006, deviation=20, type=1, type_filling=0, type_time=0, expiration=0, comment='Phase6_Bot', position=0, position_by=0))"
2025-12-03 12:34:37.306555,USDJPYm,-1,SELL,155.406,0.01,20,40,"OrderSendResult(retcode=10031, deal=0, order=0, volume=0.0, price=0.0, bid=0.0, ask=0.0, comment='Request rejected due to absence of network connection', request_id=0, retcode_external=0, request=TradeRequest(action=1, magic=234000, order=0, symbol='USDJPYm', volume=0.01, price=155.406, stoplimit=0.0, sl=155.606, tp=155.006, deviation=20, type=1, type_filling=0, type_time=0, expiration=0, comment='Phase6_Bot', position=0, position_by=0))"
2025-12-03 12:34:37.857181,USDJPYm,-1,SELL,155.406,0.01,20,40,"OrderSendResult(retcode=10031, deal=0, order=0, volume=0.0, price=0.0, bid=0.0, ask=0.0, comment='Request rejected due to absence of network connection', request_id=0, retcode_external=0, request=TradeRequest(action=1, magic=234000, order=0, symbol='USDJPYm', volume=0.01, price=155.406, stoplimit=0.0, sl=155.606, tp=155.006, deviation=20, type=1, type_filling=0, type_time=0, expiration=0, comment='Phase6_Bot', position=0, position_by=0))"
2025-12-03 12:35:07.325086,USDJPYm,-1,SELL,155.406,0.01,20,40,"OrderSendResult(retcode=10031, deal=0, order=0, volume=0.0, price=0.0, bid=0.0, ask=0.0, comment='Request rejected due to absence of network connection', request_id=0, retcode_external=0, request=TradeRequest(action=1, magic=234000, order=0, symbol='USDJPYm', volume=0.01, price=155.406, stoplimit=0.0, sl=155.606, tp=155.006, deviation=20, type=1, type_filling=0, type_time=0, expiration=0, comment='Phase6_Bot', position=0, position_by=0))"
2025-12-03 12:35:07.873399,USDJPYm,-1,SELL,155.406,0.01,20,40,"OrderSendResult(retcode=10031, deal=0, order=0, volume=0.0, price=0.0, bid=0.0, ask=0.0, comment='Request rejected due to absence of network connection', request_id=0, retcode_external=0, request=TradeRequest(action=1, magic=234000, order=0, symbol='USDJPYm', volume=0.01, price=155.406, stoplimit=0.0, sl=155.606, tp=155.006, deviation=20, type=1, type_filling=0, type_time=0, expiration=0, comment='Phase6_Bot', position=0, position_by=0))"
2025-12-03 12:35:37.342643,USDJPYm,-1,SELL,155.406,0.01,20,40,"OrderSendResult(retcode=10031, deal=0, order=0, volume=0.0, price=0.0, bid=0.0, ask=0.0, comment='Request rejected due to absence of network connection', request_id=0, retcode_external=0, request=TradeRequest(action=1, magic=234000, order=0, symbol='USDJPYm', volume=0.01, price=155.406, stoplimit=0.0, sl=155.606, tp=155.006, deviation=20, type=1, type_filling=0, type_time=0, expiration=0, comment='Phase6_Bot', position=0, position_by=0))"
2025-12-03 12:35:37.894021,USDJPYm,-1,SELL,155.406,0.01,20,40,"OrderSendResult(retcode=10031, deal=0, order=0, volume=0.0, price=0.0, bid=0.0, ask=0.0, comment='Request rejected due to absence of network connection', request_id=0, retcode_external=0, request=TradeRequest(action=1, magic=234000, order=0, symbol='USDJPYm', volume=0.01, price=155.406, stoplimit=0.0, sl=155.606, tp=155.006, deviation=20, type=1, type_filling=0, type_time=0, expiration=0, comment='Phase6_Bot', position=0, position_by=0))"
2025-12-03 12:36:07.367024,USDJPYm,-1,SELL,155.406,0.01,20,40,"OrderSendResult(retcode=10031, deal=0, order=0, volume=0.0, price=0.0, bid=0.0, ask=0.0, comment='Request rejected due to absence of network connection', request_id=0, retcode_external=0, request=TradeRequest(action=1, magic=234000, order=0, symbol='USDJPYm', volume=0.01, price=155.406, stoplimit=0.0, sl=155.606, tp=155.006, deviation=20, type=1, type_filling=0, type_time=0, expiration=0, comment='Phase6_Bot', position=0, position_by=0))"
2025-12-03 12:36:07.917757,USDJPYm,-1,SELL,155.406,0.01,20,40,"OrderSendResult(retcode=10031, deal=0, order=0, volume=0.0, price=0.0, bid=0.0, ask=0.0, comment='Request rejected due to absence of network connection', request_id=0, retcode_external=0, request=TradeRequest(action=1, magic=234000, order=0, symbol='USDJPYm', volume=0.01, price=155.406, stoplimit=0.0, sl=155.606, tp=155.006, deviation=20, type=1, type_filling=0, type_time=0, expiration=0, comment='Phase6_Bot', position=0, position_by=0))"
2025-12-03 12:36:37.392110,USDJPYm,-1,SELL,155.406,0.01,20,40,"OrderSendResult(retcode=10031, deal=0, order=0, volume=0.0, price=0.0, bid=0.0, ask=0.0, comment='Request rejected due to absence of network connection', request_id=0, retcode_external=0, request=TradeRequest(action=1, magic=234000, order=0, symbol='USDJPYm', volume=0.01, price=155.406, stoplimit=0.0, sl=155.606, tp=155.006, deviation=20, type=1, type_filling=0, type_time=0, expiration=0, comment='Phase6_Bot', position=0, position_by=0))"
2025-12-03 12:36:37.935745,USDJPYm,-1,SELL,155.406,0.01,20,40,"OrderSendResult(retcode=10031, deal=0, order=0, volume=0.0, price=0.0, bid=0.0, ask=0.0, comment='Request rejected due to absence of network connection', request_id=0, retcode_external=0, request=TradeRequest(action=1, magic=234000, order=0, symbol='USDJPYm', volume=0.01, price=155.406, stoplimit=0.0, sl=155.606, tp=155.006, deviation=20, type=1, type_filling=0, type_time=0, expiration=0, comment='Phase6_Bot', position=0, position_by=0))"
2025-12-03 12:37:07.415161,USDJPYm,-1,SELL,155.406,0.01,20,40,"OrderSendResult(retcode=10031, deal=0, order=0, volume=0.0, price=0.0, bid=0.0, ask=0.0, comment='Request rejected due to absence of network connection', request_id=0, retcode_external=0, request=TradeRequest(action=1, magic=234000, order=0, symbol='USDJPYm', volume=0.01, price=155.406, stoplimit=0.0, sl=155.606, tp=155.006, deviation=20, type=1, type_filling=0, type_time=0, expiration=0, comment='Phase6_Bot', position=0, position_by=0))"
2025-12-03 12:37:07.954671,USDJPYm,-1,SELL,155.406,0.01,20,40,"OrderSendResult(retcode=10031, deal=0, order=0, volume=0.0, price=0.0, bid=0.0, ask=0.0, comment='Request rejected due to absence of network connection', request_id=0, retcode_external=0, request=TradeRequest(action=1, magic=234000, order=0, symbol='USDJPYm', volume=0.01, price=155.406, stoplimit=0.0, sl=155.606, tp=155.006, deviation=20, type=1, type_filling=0, type_time=0, expiration=0, comment='Phase6_Bot', position=0, position_by=0))"
2025-12-03 12:37:37.436144,USDJPYm,-1,SELL,155.406,0.01,20,40,"OrderSendResult(retcode=10031, deal=0, order=0, volume=0.0, price=0.0, bid=0.0, ask=0.0, comment='Request rejected due to absence of network connection', request_id=0, retcode_external=0, request=TradeRequest(action=1, magic=234000, order=0, symbol='USDJPYm', volume=0.01, price=155.406, stoplimit=0.0, sl=155.606, tp=155.006, deviation=20, type=1, type_filling=0, type_time=0, expiration=0, comment='Phase6_Bot', position=0, position_by=0))"
2025-12-03 12:37:37.970677,USDJPYm,-1,SELL,155.406,0.01,20,40,"OrderSendResult(retcode=10031, deal=0, order=0, volume=0.0, price=0.0, bid=0.0, ask=0.0, comment='Request rejected due to absence of network connection', request_id=0, retcode_external=0, request=TradeRequest(action=1, magic=234000, order=0, symbol='USDJPYm', volume=0.01, price=155.406, stoplimit=0.0, sl=155.606, tp=155.006, deviation=20, type=1, type_filling=0, type_time=0, expiration=0, comment='Phase6_Bot', position=0, position_by=0))"
2025-12-03 12:38:07.454209,USDJPYm,-1,SELL,155.406,0.01,20,40,"OrderSendResult(retcode=10031, deal=0, order=0, volume=0.0, price=0.0, bid=0.0, ask=0.0, comment='Request rejected due to absence of network connection', request_id=0, retcode_external=0, request=TradeRequest(action=1, magic=234000, order=0, symbol='USDJPYm', volume=0.01, price=155.406, stoplimit=0.0, sl=155.606, tp=155.006, deviation=20, type=1, type_filling=0, type_time=0, expiration=0, comment='Phase6_Bot', position=0, position_by=0))"
2025-12-03 12:38:07.992480,USDJPYm,-1,SELL,155.406,0.01,20,40,"OrderSendResult(retcode=10031, deal=0, order=0, volume=0.0, price=0.0, bid=0.0, ask=0.0, comment='Request rejected due to absence of network connection', request_id=0, retcode_external=0, request=TradeRequest(action=1, magic=234000, order=0, symbol='USDJPYm', volume=0.01, price=155.406, stoplimit=0.0, sl=155.606, tp=155.006, deviation=20, type=1, type_filling=0, type_time=0, expiration=0, comment='Phase6_Bot', position=0, position_by=0))"
2025-12-03 12:38:37.480118,USDJPYm,-1,SELL,155.406,0.01,20,40,"OrderSendResult(retcode=10031, deal=0, order=0, volume=0.0, price=0.0, bid=0.0, ask=0.0, comment='Request rejected due to absence of network connection', request_id=0, retcode_external=0, request=TradeRequest(action=1, magic=234000, order=0, symbol='USDJPYm', volume=0.01, price=155.406, stoplimit=0.0, sl=155.606, tp=155.006, deviation=20, type=1, type_filling=0, type_time=0, expiration=0, comment='Phase6_Bot', position=0, position_by=0))"
2025-12-03 12:38:38.009493,USDJPYm,-1,SELL,155.406,0.01,20,40,"OrderSendResult(retcode=10031, deal=0, order=0, volume=0.0, price=0.0, bid=0.0, ask=0.0, comment='Request rejected due to absence of network connection', request_id=0, retcode_external=0, request=TradeRequest(action=1, magic=234000, order=0, symbol='USDJPYm', volume=0.01, price=155.406, stoplimit=0.0, sl=155.606, tp=155.006, deviation=20, type=1, type_filling=0, type_time=0, expiration=0, comment='Phase6_Bot', position=0, position_by=0))"
2025-12-03 12:39:07.507880,USDJPYm,-1,SELL,155.406,0.01,20,40,"OrderSendResult(retcode=10031, deal=0, order=0, volume=0.0, price=0.0, bid=0.0, ask=0.0, comment='Request rejected due to absence of network connection', request_id=0, retcode_external=0, request=TradeRequest(action=1, magic=234000, order=0, symbol='USDJPYm', volume=0.01, price=155.406, stoplimit=0.0, sl=155.606, tp=155.006, deviation=20, type=1, type_filling=0, type_time=0, expiration=0, comment='Phase6_Bot', position=0, position_by=0))"
2025-12-03 12:39:08.035904,USDJPYm,-1,SELL,155.406,0.01,20,40,"OrderSendResult(retcode=10031, deal=0, order=0, volume=0.0, price=0.0, bid=0.0, ask=0.0, comment='Request rejected due to absence of network connection', request_id=0, retcode_external=0, request=TradeRequest(action=1, magic=234000, order=0, symbol='USDJPYm', volume=0.01, price=155.406, stoplimit=0.0, sl=155.606, tp=155.006, deviation=20, type=1, type_filling=0, type_time=0, expiration=0, comment='Phase6_Bot', position=0, position_by=0))"
2025-12-03 12:39:37.530684,USDJPYm,-1,SELL,155.406,0.01,20,40,"OrderSendResult(retcode=10031, deal=0, order=0, volume=0.0, price=0.0, bid=0.0, ask=0.0, comment='Request rejected due to absence of network connection', request_id=0, retcode_external=0, request=TradeRequest(action=1, magic=234000, order=0, symbol='USDJPYm', volume=0.01, price=155.406, stoplimit=0.0, sl=155.606, tp=155.006, deviation=20, type=1, type_filling=0, type_time=0, expiration=0, comment='Phase6_Bot', position=0, position_by=0))"
2025-12-03 12:39:38.054433,USDJPYm,-1,SELL,155.406,0.01,20,40,"OrderSendResult(retcode=10031, deal=0, order=0, volume=0.0, price=0.0, bid=0.0, ask=0.0, comment='Request rejected due to absence of network connection', request_id=0, retcode_external=0, request=TradeRequest(action=1, magic=234000, order=0, symbol='USDJPYm', volume=0.01, price=155.406, stoplimit=0.0, sl=155.606, tp=155.006, deviation=20, type=1, type_filling=0, type_time=0, expiration=0, comment='Phase6_Bot', position=0, position_by=0))"
2025-12-03 12:53:45.790956,USDJPYm,-1,SELL,155.406,0.01,20,40,"OrderSendResult(retcode=10031, deal=0, order=0, volume=0.0, price=0.0, bid=0.0, ask=0.0, comment='Request rejected due to absence of network connection', request_id=0, retcode_external=0, request=TradeRequest(action=1, magic=234000, order=0, symbol='USDJPYm', volume=0.01, price=155.406, stoplimit=0.0, sl=155.606, tp=155.006, deviation=20, type=1, type_filling=0, type_time=0, expiration=0, comment='Phase6_Bot', position=0, position_by=0))"
2025-12-03 12:53:45.790956,USDJPYm,-1,SELL,155.406,0.01,20,40,"OrderSendResult(retcode=10031, deal=0, order=0, volume=0.0, price=0.0, bid=0.0, ask=0.0, comment='Request rejected due to absence of network connection', request_id=0, retcode_external=0, request=TradeRequest(action=1, magic=234000, order=0, symbol='USDJPYm', volume=0.01, price=155.406, stoplimit=0.0, sl=155.606, tp=155.006, deviation=20, type=1, type_filling=0, type_time=0, expiration=0, comment='Phase6_Bot', position=0, position_by=0))"
2025-12-03 12:54:15.816430,USDJPYm,-1,SELL,155.406,0.01,20,40,"OrderSendResult(retcode=10031, deal=0, order=0, volume=0.0, price=0.0, bid=0.0, ask=0.0, comment='Request rejected due to absence of network connection', request_id=0, retcode_external=0, request=TradeRequest(action=1, magic=234000, order=0, symbol='USDJPYm', volume=0.01, price=155.406, stoplimit=0.0, sl=155.606, tp=155.006, deviation=20, type=1, type_filling=0, type_time=0, expiration=0, comment='Phase6_Bot', position=0, position_by=0))"
2025-12-03 12:54:15.847983,USDJPYm,-1,SELL,155.406,0.01,20,40,"OrderSendResult(retcode=10031, deal=0, order=0, volume=0.0, price=0.0, bid=0.0, ask=0.0, comment='Request rejected due to absence of network connection', request_id=0, retcode_external=0, request=TradeRequest(action=1, magic=234000, order=0, symbol='USDJPYm', volume=0.01, price=155.406, stoplimit=0.0, sl=155.606, tp=155.006, deviation=20, type=1, type_filling=0, type_time=0, expiration=0, comment='Phase6_Bot', position=0, position_by=0))"
2025-12-03 12:54:45.840685,USDJPYm,-1,SELL,155.406,0.01,20,40,"OrderSendResult(retcode=10031, deal=0, order=0, volume=0.0, price=0.0, bid=0.0, ask=0.0, comment='Request rejected due to absence of network connection', request_id=0, retcode_external=0, request=TradeRequest(action=1, magic=234000, order=0, symbol='USDJPYm', volume=0.01, price=155.406, stoplimit=0.0, sl=155.606, tp=155.006, deviation=20, type=1, type_filling=0, type_time=0, expiration=0, comment='Phase6_Bot', position=0, position_by=0))"
2025-12-03 12:54:45.865210,USDJPYm,-1,SELL,155.406,0.01,20,40,"OrderSendResult(retcode=10031, deal=0, order=0, volume=0.0, price=0.0, bid=0.0, ask=0.0, comment='Request rejected due to absence of network connection', request_id=0, retcode_external=0, request=TradeRequest(action=1, magic=234000, order=0, symbol='USDJPYm', volume=0.01, price=155.406, stoplimit=0.0, sl=155.606, tp=155.006, deviation=20, type=1, type_filling=0, type_time=0, expiration=0, comment='Phase6_Bot', position=0, position_by=0))"
2025-12-03 12:55:15.864658,USDJPYm,-1,SELL,155.406,0.01,20,40,"OrderSendResult(retcode=10031, deal=0, order=0, volume=0.0, price=0.0, bid=0.0, ask=0.0, comment='Request rejected due to absence of network connection', request_id=0, retcode_external=0, request=TradeRequest(action=1, magic=234000, order=0, symbol='USDJPYm', volume=0.01, price=155.406, stoplimit=0.0, sl=155.606, tp=155.006, deviation=20, type=1, type_filling=0, type_time=0, expiration=0, comment='Phase6_Bot', position=0, position_by=0))"
2025-12-03 12:55:15.887911,USDJPYm,-1,SELL,155.406,0.01,20,40,"OrderSendResult(retcode=10031, deal=0, order=0, volume=0.0, price=0.0, bid=0.0, ask=0.0, comment='Request rejected due to absence of network connection', request_id=0, retcode_external=0, request=TradeRequest(action=1, magic=234000, order=0, symbol='USDJPYm', volume=0.01, price=155.406, stoplimit=0.0, sl=155.606, tp=155.006, deviation=20, type=1, type_filling=0, type_time=0, expiration=0, comment='Phase6_Bot', position=0, position_by=0))"
2025-12-03 12:55:45.891269,USDJPYm,-1,SELL,155.406,0.01,20,40,"OrderSendResult(retcode=10031, deal=0, order=0, volume=0.0, price=0.0, bid=0.0, ask=0.0, comment='Request rejected due to absence of network connection', request_id=0, retcode_external=0, request=TradeRequest(action=1, magic=234000, order=0, symbol='USDJPYm', volume=0.01, price=155.406, stoplimit=0.0, sl=155.606, tp=155.006, deviation=20, type=1, type_filling=0, type_time=0, expiration=0, comment='Phase6_Bot', position=0, position_by=0))"
2025-12-03 12:55:45.913799,USDJPYm,-1,SELL,155.406,0.01,20,40,"OrderSendResult(retcode=10031, deal=0, order=0, volume=0.0, price=0.0, bid=0.0, ask=0.0, comment='Request rejected due to absence of network connection', request_id=0, retcode_external=0, request=TradeRequest(action=1, magic=234000, order=0, symbol='USDJPYm', volume=0.01, price=155.406, stoplimit=0.0, sl=155.606, tp=155.006, deviation=20, type=1, type_filling=0, type_time=0, expiration=0, comment='Phase6_Bot', position=0, position_by=0))"
2025-12-03 12:56:15.913242,USDJPYm,-1,SELL,155.406,0.01,20,40,"OrderSendResult(retcode=10031, deal=0, order=0, volume=0.0, price=0.0, bid=0.0, ask=0.0, comment='Request rejected due to absence of network connection', request_id=0, retcode_external=0, request=TradeRequest(action=1, magic=234000, order=0, symbol='USDJPYm', volume=0.01, price=155.406, stoplimit=0.0, sl=155.606, tp=155.006, deviation=20, type=1, type_filling=0, type_time=0, expiration=0, comment='Phase6_Bot', position=0, position_by=0))"
2025-12-03 12:56:15.934502,USDJPYm,-1,SELL,155.406,0.01,20,40,"OrderSendResult(retcode=10031, deal=0, order=0, volume=0.0, price=0.0, bid=0.0, ask=0.0, comment='Request rejected due to absence of network connection', request_id=0, retcode_external=0, request=TradeRequest(action=1, magic=234000, order=0, symbol='USDJPYm', volume=0.01, price=155.406, stoplimit=0.0, sl=155.606, tp=155.006, deviation=20, type=1, type_filling=0, type_time=0, expiration=0, comment='Phase6_Bot', position=0, position_by=0))"
2025-12-03 12:56:45.932771,USDJPYm,-1,SELL,155.406,0.01,20,40,"OrderSendResult(retcode=10031, deal=0, order=0, volume=0.0, price=0.0, bid=0.0, ask=0.0, comment='Request rejected due to absence of network connection', request_id=0, retcode_external=0, request=TradeRequest(action=1, magic=234000, order=0, symbol='USDJPYm', volume=0.01, price=155.406, stoplimit=0.0, sl=155.606, tp=155.006, deviation=20, type=1, type_filling=0, type_time=0, expiration=0, comment='Phase6_Bot', position=0, position_by=0))"
2025-12-03 12:56:45.954319,USDJPYm,-1,SELL,155.406,0.01,20,40,"OrderSendResult(retcode=10031, deal=0, order=0, volume=0.0, price=0.0, bid=0.0, ask=0.0, comment='Request rejected due to absence of network connection', request_id=0, retcode_external=0, request=TradeRequest(action=1, magic=234000, order=0, symbol='USDJPYm', volume=0.01, price=155.406, stoplimit=0.0, sl=155.606, tp=155.006, deviation=20, type=1, type_filling=0, type_time=0, expiration=0, comment='Phase6_Bot', position=0, position_by=0))"
2025-12-03 12:57:15.951929,USDJPYm,-1,SELL,155.406,0.01,20,40,"OrderSendResult(retcode=10031, deal=0, order=0, volume=0.0, price=0.0, bid=0.0, ask=0.0, comment='Request rejected due to absence of network connection', request_id=0, retcode_external=0, request=TradeRequest(action=1, magic=234000, order=0, symbol='USDJPYm', volume=0.01, price=155.406, stoplimit=0.0, sl=155.606, tp=155.006, deviation=20, type=1, type_filling=0, type_time=0, expiration=0, comment='Phase6_Bot', position=0, position_by=0))"
2025-12-03 12:57:15.976449,USDJPYm,-1,SELL,155.406,0.01,20,40,"OrderSendResult(retcode=10031, deal=0, order=0, volume=0.0, price=0.0, bid=0.0, ask=0.0, comment='Request rejected due to absence of network connection', request_id=0, retcode_external=0, request=TradeRequest(action=1, magic=234000, order=0, symbol='USDJPYm', volume=0.01, price=155.406, stoplimit=0.0, sl=155.606, tp=155.006, deviation=20, type=1, type_filling=0, type_time=0, expiration=0, comment='Phase6_Bot', position=0, position_by=0))"
2025-12-03 12:57:45.974461,USDJPYm,-1,SELL,155.406,0.01,20,40,"OrderSendResult(retcode=10031, deal=0, order=0, volume=0.0, price=0.0, bid=0.0, ask=0.0, comment='Request rejected due to absence of network connection', request_id=0, retcode_external=0, request=TradeRequest(action=1, magic=234000, order=0, symbol='USDJPYm', volume=0.01, price=155.406, stoplimit=0.0, sl=155.606, tp=155.006, deviation=20, type=1, type_filling=0, type_time=0, expiration=0, comment='Phase6_Bot', position=0, position_by=0))"
2025-12-03 12:57:45.996533,USDJPYm,-1,SELL,155.406,0.01,20,40,"OrderSendResult(retcode=10031, deal=0, order=0, volume=0.0, price=0.0, bid=0.0, ask=0.0, comment='Request rejected due to absence of network connection', request_id=0, retcode_external=0, request=TradeRequest(action=1, magic=234000, order=0, symbol='USDJPYm', volume=0.01, price=155.406, stoplimit=0.0, sl=155.606, tp=155.006, deviation=20, type=1, type_filling=0, type_time=0, expiration=0, comment='Phase6_Bot', position=0, position_by=0))"
2025-12-03 12:58:15.994281,USDJPYm,-1,SELL,155.406,0.01,20,40,"OrderSendResult(retcode=10031, deal=0, order=0, volume=0.0, price=0.0, bid=0.0, ask=0.0, comment='Request rejected due to absence of network connection', request_id=0, retcode_external=0, request=TradeRequest(action=1, magic=234000, order=0, symbol='USDJPYm', volume=0.01, price=155.406, stoplimit=0.0, sl=155.606, tp=155.006, deviation=20, type=1, type_filling=0, type_time=0, expiration=0, comment='Phase6_Bot', position=0, position_by=0))"
2025-12-03 12:58:16.016827,USDJPYm,-1,SELL,155.406,0.01,20,40,"OrderSendResult(retcode=10031, deal=0, order=0, volume=0.0, price=0.0, bid=0.0, ask=0.0, comment='Request rejected due to absence of network connection', request_id=0, retcode_external=0, request=TradeRequest(action=1, magic=234000, order=0, symbol='USDJPYm', volume=0.01, price=155.406, stoplimit=0.0, sl=155.606, tp=155.006, deviation=20, type=1, type_filling=0, type_time=0, expiration=0, comment='Phase6_Bot', position=0, position_by=0))"
2025-12-03 12:58:46.010095,USDJPYm,-1,SELL,155.406,0.01,20,40,"OrderSendResult(retcode=10031, deal=0, order=0, volume=0.0, price=0.0, bid=0.0, ask=0.0, comment='Request rejected due to absence of network connection', request_id=0, retcode_external=0, request=TradeRequest(action=1, magic=234000, order=0, symbol='USDJPYm', volume=0.01, price=155.406, stoplimit=0.0, sl=155.606, tp=155.006, deviation=20, type=1, type_filling=0, type_time=0, expiration=0, comment='Phase6_Bot', position=0, position_by=0))"
2025-12-03 12:58:46.033545,USDJPYm,-1,SELL,155.406,0.01,20,40,"OrderSendResult(retcode=10031, deal=0, order=0, volume=0.0, price=0.0, bid=0.0, ask=0.0, comment='Request rejected due to absence of network connection', request_id=0, retcode_external=0, request=TradeRequest(action=1, magic=234000, order=0, symbol='USDJPYm', volume=0.01, price=155.406, stoplimit=0.0, sl=155.606, tp=155.006, deviation=20, type=1, type_filling=0, type_time=0, expiration=0, comment='Phase6_Bot', position=0, position_by=0))"
2025-12-03 13:01:34.266640,USDJPYm,-1,SELL,155.406,0.01,20,40,"OrderSendResult(retcode=10031, deal=0, order=0, volume=0.0, price=0.0, bid=0.0, ask=0.0, comment='Request rejected due to absence of network connection', request_id=0, retcode_external=0, request=TradeRequest(action=1, magic=234000, order=0, symbol='USDJPYm', volume=0.01, price=155.406, stoplimit=0.0, sl=155.606, tp=155.006, deviation=20, type=1, type_filling=0, type_time=0, expiration=0, comment='Phase6_Bot', position=0, position_by=0))"
2025-12-03 13:01:34.287164,USDJPYm,-1,SELL,155.406,0.01,20,40,"OrderSendResult(retcode=10031, deal=0, order=0, volume=0.0, price=0.0, bid=0.0, ask=0.0, comment='Request rejected due to absence of network connection', request_id=0, retcode_external=0, request=TradeRequest(action=1, magic=234000, order=0, symbol='USDJPYm', volume=0.01, price=155.406, stoplimit=0.0, sl=155.606, tp=155.006, deviation=20, type=1, type_filling=0, type_time=0, expiration=0, comment='Phase6_Bot', position=0, position_by=0))"
2025-12-03 13:02:04.287038,USDJPYm,-1,SELL,155.406,0.01,20,40,"OrderSendResult(retcode=10031, deal=0, order=0, volume=0.0, price=0.0, bid=0.0, ask=0.0, comment='Request rejected due to absence of network connection', request_id=0, retcode_external=0, request=TradeRequest(action=1, magic=234000, order=0, symbol='USDJPYm', volume=0.01, price=155.406, stoplimit=0.0, sl=155.606, tp=155.006, deviation=20, type=1, type_filling=0, type_time=0, expiration=0, comment='Phase6_Bot', position=0, position_by=0))"
2025-12-03 13:02:04.304217,USDJPYm,-1,SELL,155.406,0.01,20,40,"OrderSendResult(retcode=10031, deal=0, order=0, volume=0.0, price=0.0, bid=0.0, ask=0.0, comment='Request rejected due to absence of network connection', request_id=0, retcode_external=0, request=TradeRequest(action=1, magic=234000, order=0, symbol='USDJPYm', volume=0.01, price=155.406, stoplimit=0.0, sl=155.606, tp=155.006, deviation=20, type=1, type_filling=0, type_time=0, expiration=0, comment='Phase6_Bot', position=0, position_by=0))"
2025-12-03 13:02:34.304494,USDJPYm,-1,SELL,155.406,0.01,20,40,"OrderSendResult(retcode=10031, deal=0, order=0, volume=0.0, price=0.0, bid=0.0, ask=0.0, comment='Request rejected due to absence of network connection', request_id=0, retcode_external=0, request=TradeRequest(action=1, magic=234000, order=0, symbol='USDJPYm', volume=0.01, price=155.406, stoplimit=0.0, sl=155.606, tp=155.006, deviation=20, type=1, type_filling=0, type_time=0, expiration=0, comment='Phase6_Bot', position=0, position_by=0))"
2025-12-03 13:02:34.327964,USDJPYm,-1,SELL,155.406,0.01,20,40,"OrderSendResult(retcode=10031, deal=0, order=0, volume=0.0, price=0.0, bid=0.0, ask=0.0, comment='Request rejected due to absence of network connection', request_id=0, retcode_external=0, request=TradeRequest(action=1, magic=234000, order=0, symbol='USDJPYm', volume=0.01, price=155.406, stoplimit=0.0, sl=155.606, tp=155.006, deviation=20, type=1, type_filling=0, type_time=0, expiration=0, comment='Phase6_Bot', position=0, position_by=0))"
2025-12-03 13:03:04.325217,USDJPYm,-1,SELL,155.406,0.01,20,40,"OrderSendResult(retcode=10031, deal=0, order=0, volume=0.0, price=0.0, bid=0.0, ask=0.0, comment='Request rejected due to absence of network connection', request_id=0, retcode_external=0, request=TradeRequest(action=1, magic=234000, order=0, symbol='USDJPYm', volume=0.01, price=155.406, stoplimit=0.0, sl=155.606, tp=155.006, deviation=20, type=1, type_filling=0, type_time=0, expiration=0, comment='Phase6_Bot', position=0, position_by=0))"
2025-12-03 13:03:04.348211,USDJPYm,-1,SELL,155.406,0.01,20,40,"OrderSendResult(retcode=10031, deal=0, order=0, volume=0.0, price=0.0, bid=0.0, ask=0.0, comment='Request rejected due to absence of network connection', request_id=0, retcode_external=0, request=TradeRequest(action=1, magic=234000, order=0, symbol='USDJPYm', volume=0.01, price=155.406, stoplimit=0.0, sl=155.606, tp=155.006, deviation=20, type=1, type_filling=0, type_time=0, expiration=0, comment='Phase6_Bot', position=0, position_by=0))"
2025-12-03 13:03:34.341761,USDJPYm,-1,SELL,155.406,0.01,20,40,"OrderSendResult(retcode=10031, deal=0, order=0, volume=0.0, price=0.0, bid=0.0, ask=0.0, comment='Request rejected due to absence of network connection', request_id=0, retcode_external=0, request=TradeRequest(action=1, magic=234000, order=0, symbol='USDJPYm', volume=0.01, price=155.406, stoplimit=0.0, sl=155.606, tp=155.006, deviation=20, type=1, type_filling=0, type_time=0, expiration=0, comment='Phase6_Bot', position=0, position_by=0))"
2025-12-03 13:03:34.366180,USDJPYm,-1,SELL,155.406,0.01,20,40,"OrderSendResult(retcode=10031, deal=0, order=0, volume=0.0, price=0.0, bid=0.0, ask=0.0, comment='Request rejected due to absence of network connection', request_id=0, retcode_external=0, request=TradeRequest(action=1, magic=234000, order=0, symbol='USDJPYm', volume=0.01, price=155.406, stoplimit=0.0, sl=155.606, tp=155.006, deviation=20, type=1, type_filling=0, type_time=0, expiration=0, comment='Phase6_Bot', position=0, position_by=0))"
2025-12-03 13:04:04.358459,USDJPYm,-1,SELL,155.406,0.01,20,40,"OrderSendResult(retcode=10031, deal=0, order=0, volume=0.0, price=0.0, bid=0.0, ask=0.0, comment='Request rejected due to absence of network connection', request_id=0, retcode_external=0, request=TradeRequest(action=1, magic=234000, order=0, symbol='USDJPYm', volume=0.01, price=155.406, stoplimit=0.0, sl=155.606, tp=155.006, deviation=20, type=1, type_filling=0, type_time=0, expiration=0, comment='Phase6_Bot', position=0, position_by=0))"
2025-12-03 13:04:04.386716,USDJPYm,-1,SELL,155.406,0.01,20,40,"OrderSendResult(retcode=10031, deal=0, order=0, volume=0.0, price=0.0, bid=0.0, ask=0.0, comment='Request rejected due to absence of network connection', request_id=0, retcode_external=0, request=TradeRequest(action=1, magic=234000, order=0, symbol='USDJPYm', volume=0.01, price=155.406, stoplimit=0.0, sl=155.606, tp=155.006, deviation=20, type=1, type_filling=0, type_time=0, expiration=0, comment='Phase6_Bot', position=0, position_by=0))"
2025-12-03 13:04:34.382414,USDJPYm,-1,SELL,155.406,0.01,20,40,"OrderSendResult(retcode=10031, deal=0, order=0, volume=0.0, price=0.0, bid=0.0, ask=0.0, comment='Request rejected due to absence of network connection', request_id=0, retcode_external=0, request=TradeRequest(action=1, magic=234000, order=0, symbol='USDJPYm', volume=0.01, price=155.406, stoplimit=0.0, sl=155.606, tp=155.006, deviation=20, type=1, type_filling=0, type_time=0, expiration=0, comment='Phase6_Bot', position=0, position_by=0))"
2025-12-03 13:04:34.405923,USDJPYm,-1,SELL,155.406,0.01,20,40,"OrderSendResult(retcode=10031, deal=0, order=0, volume=0.0, price=0.0, bid=0.0, ask=0.0, comment='Request rejected due to absence of network connection', request_id=0, retcode_external=0, request=TradeRequest(action=1, magic=234000, order=0, symbol='USDJPYm', volume=0.01, price=155.406, stoplimit=0.0, sl=155.606, tp=155.006, deviation=20, type=1, type_filling=0, type_time=0, expiration=0, comment='Phase6_Bot', position=0, position_by=0))"
2025-12-03 13:05:38.357941,USDJPYm,-1,SELL,155.406,0.01,20,40,"OrderSendResult(retcode=10031, deal=0, order=0, volume=0.0, price=0.0, bid=0.0, ask=0.0, comment='Request rejected due to absence of network connection', request_id=0, retcode_external=0, request=TradeRequest(action=1, magic=234000, order=0, symbol='USDJPYm', volume=0.01, price=155.406, stoplimit=0.0, sl=155.606, tp=155.006, deviation=20, type=1, type_filling=0, type_time=0, expiration=0, comment='Phase6_Bot', position=0, position_by=0))"
2025-12-03 13:05:38.370940,USDJPYm,-1,SELL,155.406,0.01,20,40,"OrderSendResult(retcode=10031, deal=0, order=0, volume=0.0, price=0.0, bid=0.0, ask=0.0, comment='Request rejected due to absence of network connection', request_id=0, retcode_external=0, request=TradeRequest(action=1, magic=234000, order=0, symbol='USDJPYm', volume=0.01, price=155.406, stoplimit=0.0, sl=155.606, tp=155.006, deviation=20, type=1, type_filling=0, type_time=0, expiration=0, comment='Phase6_Bot', position=0, position_by=0))"
2025-12-03 13:06:08.386051,USDJPYm,-1,SELL,155.406,0.01,20,40,"OrderSendResult(retcode=10031, deal=0, order=0, volume=0.0, price=0.0, bid=0.0, ask=0.0, comment='Request rejected due to absence of network connection', request_id=0, retcode_external=0, request=TradeRequest(action=1, magic=234000, order=0, symbol='USDJPYm', volume=0.01, price=155.406, stoplimit=0.0, sl=155.606, tp=155.006, deviation=20, type=1, type_filling=0, type_time=0, expiration=0, comment='Phase6_Bot', position=0, position_by=0))"
2025-12-03 13:06:08.401536,USDJPYm,-1,SELL,155.406,0.01,20,40,"OrderSendResult(retcode=10031, deal=0, order=0, volume=0.0, price=0.0, bid=0.0, ask=0.0, comment='Request rejected due to absence of network connection', request_id=0, retcode_external=0, request=TradeRequest(action=1, magic=234000, order=0, symbol='USDJPYm', volume=0.01, price=155.406, stoplimit=0.0, sl=155.606, tp=155.006, deviation=20, type=1, type_filling=0, type_time=0, expiration=0, comment='Phase6_Bot', position=0, position_by=0))"
2025-12-03 13:06:38.403319,USDJPYm,-1,SELL,155.406,0.01,20,40,"OrderSendResult(retcode=10031, deal=0, order=0, volume=0.0, price=0.0, bid=0.0, ask=0.0, comment='Request rejected due to absence of network connection', request_id=0, retcode_external=0, request=TradeRequest(action=1, magic=234000, order=0, symbol='USDJPYm', volume=0.01, price=155.406, stoplimit=0.0, sl=155.606, tp=155.006, deviation=20, type=1, type_filling=0, type_time=0, expiration=0, comment='Phase6_Bot', position=0, position_by=0))"
2025-12-03 13:06:38.419959,USDJPYm,-1,SELL,155.406,0.01,20,40,"OrderSendResult(retcode=10031, deal=0, order=0, volume=0.0, price=0.0, bid=0.0, ask=0.0, comment='Request rejected due to absence of network connection', request_id=0, retcode_external=0, request=TradeRequest(action=1, magic=234000, order=0, symbol='USDJPYm', volume=0.01, price=155.406, stoplimit=0.0, sl=155.606, tp=155.006, deviation=20, type=1, type_filling=0, type_time=0, expiration=0, comment='Phase6_Bot', position=0, position_by=0))"
2025-12-03 13:07:08.420890,USDJPYm,-1,SELL,155.406,0.01,20,40,"OrderSendResult(retcode=10031, deal=0, order=0, volume=0.0, price=0.0, bid=0.0, ask=0.0, comment='Request rejected due to absence of network connection', request_id=0, retcode_external=0, request=TradeRequest(action=1, magic=234000, order=0, symbol='USDJPYm', volume=0.01, price=155.406, stoplimit=0.0, sl=155.606, tp=155.006, deviation=20, type=1, type_filling=0, type_time=0, expiration=0, comment='Phase6_Bot', position=0, position_by=0))"
2025-12-03 13:07:08.439422,USDJPYm,-1,SELL,155.406,0.01,20,40,"OrderSendResult(retcode=10031, deal=0, order=0, volume=0.0, price=0.0, bid=0.0, ask=0.0, comment='Request rejected due to absence of network connection', request_id=0, retcode_external=0, request=TradeRequest(action=1, magic=234000, order=0, symbol='USDJPYm', volume=0.01, price=155.406, stoplimit=0.0, sl=155.606, tp=155.006, deviation=20, type=1, type_filling=0, type_time=0, expiration=0, comment='Phase6_Bot', position=0, position_by=0))"
2025-12-03 13:12:24.342615,USDJPYm,-1,SELL,155.406,0.01,20,40,"OrderSendResult(retcode=10031, deal=0, order=0, volume=0.0, price=0.0, bid=0.0, ask=0.0, comment='Request rejected due to absence of network connection', request_id=0, retcode_external=0, request=TradeRequest(action=1, magic=234000, order=0, symbol='USDJPYm', volume=0.01, price=155.406, stoplimit=0.0, sl=155.606, tp=155.006, deviation=20, type=1, type_filling=0, type_time=0, expiration=0, comment='Phase6_Bot', position=0, position_by=0))"
2025-12-03 13:12:24.366177,USDJPYm,-1,SELL,155.406,0.01,20,40,"OrderSendResult(retcode=10031, deal=0, order=0, volume=0.0, price=0.0, bid=0.0, ask=0.0, comment='Request rejected due to absence of network connection', request_id=0, retcode_external=0, request=TradeRequest(action=1, magic=234000, order=0, symbol='USDJPYm', volume=0.01, price=155.406, stoplimit=0.0, sl=155.606, tp=155.006, deviation=20, type=1, type_filling=0, type_time=0, expiration=0, comment='Phase6_Bot', position=0, position_by=0))"
2025-12-03 13:12:54.365275,USDJPYm,-1,SELL,155.406,0.01,20,40,"OrderSendResult(retcode=10031, deal=0, order=0, volume=0.0, price=0.0, bid=0.0, ask=0.0, comment='Request rejected due to absence of network connection', request_id=0, retcode_external=0, request=TradeRequest(action=1, magic=234000, order=0, symbol='USDJPYm', volume=0.01, price=155.406, stoplimit=0.0, sl=155.606, tp=155.006, deviation=20, type=1, type_filling=0, type_time=0, expiration=0, comment='Phase6_Bot', position=0, position_by=0))"
2025-12-03 13:12:54.384740,USDJPYm,-1,SELL,155.406,0.01,20,40,"OrderSendResult(retcode=10031, deal=0, order=0, volume=0.0, price=0.0, bid=0.0, ask=0.0, comment='Request rejected due to absence of network connection', request_id=0, retcode_external=0, request=TradeRequest(action=1, magic=234000, order=0, symbol='USDJPYm', volume=0.01, price=155.406, stoplimit=0.0, sl=155.606, tp=155.006, deviation=20, type=1, type_filling=0, type_time=0, expiration=0, comment='Phase6_Bot', position=0, position_by=0))"
2025-12-03 13:13:24.383849,USDJPYm,-1,SELL,155.406,0.01,20,40,"OrderSendResult(retcode=10031, deal=0, order=0, volume=0.0, price=0.0, bid=0.0, ask=0.0, comment='Request rejected due to absence of network connection', request_id=0, retcode_external=0, request=TradeRequest(action=1, magic=234000, order=0, symbol='USDJPYm', volume=0.01, price=155.406, stoplimit=0.0, sl=155.606, tp=155.006, deviation=20, type=1, type_filling=0, type_time=0, expiration=0, comment='Phase6_Bot', position=0, position_by=0))"
2025-12-03 13:13:24.400018,USDJPYm,-1,SELL,155.406,0.01,20,40,"OrderSendResult(retcode=10031, deal=0, order=0, volume=0.0, price=0.0, bid=0.0, ask=0.0, comment='Request rejected due to absence of network connection', request_id=0, retcode_external=0, request=TradeRequest(action=1, magic=234000, order=0, symbol='USDJPYm', volume=0.01, price=155.406, stoplimit=0.0, sl=155.606, tp=155.006, deviation=20, type=1, type_filling=0, type_time=0, expiration=0, comment='Phase6_Bot', position=0, position_by=0))"
2025-12-03 13:13:54.399635,USDJPYm,-1,SELL,155.406,0.01,20,40,"OrderSendResult(retcode=10031, deal=0, order=0, volume=0.0, price=0.0, bid=0.0, ask=0.0, comment='Request rejected due to absence of network connection', request_id=0, retcode_external=0, request=TradeRequest(action=1, magic=234000, order=0, symbol='USDJPYm', volume=0.01, price=155.406, stoplimit=0.0, sl=155.606, tp=155.006, deviation=20, type=1, type_filling=0, type_time=0, expiration=0, comment='Phase6_Bot', position=0, position_by=0))"
2025-12-03 13:13:54.416153,USDJPYm,-1,SELL,155.406,0.01,20,40,"OrderSendResult(retcode=10031, deal=0, order=0, volume=0.0, price=0.0, bid=0.0, ask=0.0, comment='Request rejected due to absence of network connection', request_id=0, retcode_external=0, request=TradeRequest(action=1, magic=234000, order=0, symbol='USDJPYm', volume=0.01, price=155.406, stoplimit=0.0, sl=155.606, tp=155.006, deviation=20, type=1, type_filling=0, type_time=0, expiration=0, comment='Phase6_Bot', position=0, position_by=0))"
2025-12-03 13:25:29.576255,USDJPYm,-1,SELL,155.406,0.01,20,40,"OrderSendResult(retcode=10031, deal=0, order=0, volume=0.0, price=0.0, bid=0.0, ask=0.0, comment='Request rejected due to absence of network connection', request_id=0, retcode_external=0, request=TradeRequest(action=1, magic=234000, order=0, symbol='USDJPYm', volume=0.01, price=155.406, stoplimit=0.0, sl=155.606, tp=155.006, deviation=20, type=1, type_filling=0, type_time=0, expiration=0, comment='Phase6_Bot', position=0, position_by=0))"
2025-12-03 13:25:29.592791,USDJPYm,-1,SELL,155.406,0.01,20,40,"OrderSendResult(retcode=10031, deal=0, order=0, volume=0.0, price=0.0, bid=0.0, ask=0.0, comment='Request rejected due to absence of network connection', request_id=0, retcode_external=0, request=TradeRequest(action=1, magic=234000, order=0, symbol='USDJPYm', volume=0.01, price=155.406, stoplimit=0.0, sl=155.606, tp=155.006, deviation=20, type=1, type_filling=0, type_time=0, expiration=0, comment='Phase6_Bot', position=0, position_by=0))"
2025-12-03 13:25:59.594310,USDJPYm,-1,SELL,155.406,0.01,20,40,"OrderSendResult(retcode=10031, deal=0, order=0, volume=0.0, price=0.0, bid=0.0, ask=0.0, comment='Request rejected due to absence of network connection', request_id=0, retcode_external=0, request=TradeRequest(action=1, magic=234000, order=0, symbol='USDJPYm', volume=0.01, price=155.406, stoplimit=0.0, sl=155.606, tp=155.006, deviation=20, type=1, type_filling=0, type_time=0, expiration=0, comment='Phase6_Bot', position=0, position_by=0))"
2025-12-03 13:25:59.609826,USDJPYm,-1,SELL,155.406,0.01,20,40,"OrderSendResult(retcode=10031, deal=0, order=0, volume=0.0, price=0.0, bid=0.0, ask=0.0, comment='Request rejected due to absence of network connection', request_id=0, retcode_external=0, request=TradeRequest(action=1, magic=234000, order=0, symbol='USDJPYm', volume=0.01, price=155.406, stoplimit=0.0, sl=155.606, tp=155.006, deviation=20, type=1, type_filling=0, type_time=0, expiration=0, comment='Phase6_Bot', position=0, position_by=0))"
2025-12-03 13:26:29.616296,USDJPYm,-1,SELL,155.406,0.01,20,40,"OrderSendResult(retcode=10031, deal=0, order=0, volume=0.0, price=0.0, bid=0.0, ask=0.0, comment='Request rejected due to absence of network connection', request_id=0, retcode_external=0, request=TradeRequest(action=1, magic=234000, order=0, symbol='USDJPYm', volume=0.01, price=155.406, stoplimit=0.0, sl=155.606, tp=155.006, deviation=20, type=1, type_filling=0, type_time=0, expiration=0, comment='Phase6_Bot', position=0, position_by=0))"
2025-12-03 13:26:29.633817,USDJPYm,-1,SELL,155.406,0.01,20,40,"OrderSendResult(retcode=10031, deal=0, order=0, volume=0.0, price=0.0, bid=0.0, ask=0.0, comment='Request rejected due to absence of network connection', request_id=0, retcode_external=0, request=TradeRequest(action=1, magic=234000, order=0, symbol='USDJPYm', volume=0.01, price=155.406, stoplimit=0.0, sl=155.606, tp=155.006, deviation=20, type=1, type_filling=0, type_time=0, expiration=0, comment='Phase6_Bot', position=0, position_by=0))"
2025-12-03 13:26:59.649867,USDJPYm,-1,SELL,155.363,0.01,20,40,"OrderSendResult(retcode=10044, deal=0, order=2025604734, volume=0.01, price=0.0, bid=0.0, ask=0.0, comment='Phase6_Bot', request_id=1207956397, retcode_external=0, request=TradeRequest(action=1, magic=234000, order=0, symbol='USDJPYm', volume=0.01, price=155.363, stoplimit=0.0, sl=155.563, tp=154.963, deviation=20, type=1, type_filling=0, type_time=0, expiration=0, comment='Phase6_Bot', position=0, position_by=0))"
2025-12-03 13:26:59.656868,USDJPYm,-1,SELL,155.363,0.01,20,40,"OrderSendResult(retcode=10044, deal=0, order=2025604741, volume=0.01, price=0.0, bid=0.0, ask=0.0, comment='Phase6_Bot', request_id=1207956398, retcode_external=0, request=TradeRequest(action=1, magic=234000, order=0, symbol='USDJPYm', volume=0.01, price=155.363, stoplimit=0.0, sl=155.563, tp=154.963, deviation=20, type=1, type_filling=0, type_time=0, expiration=0, comment='Phase6_Bot', position=0, position_by=0))"
2025-12-03 13:27:29.788945,USDJPYm,-1,SELL,155.365,0.01,20,40,"OrderSendResult(retcode=10031, deal=0, order=0, volume=0.0, price=0.0, bid=0.0, ask=0.0, comment='Request rejected due to absence of network connection', request_id=1207956399, retcode_external=0, request=TradeRequest(action=1, magic=234000, order=0, symbol='USDJPYm', volume=0.01, price=155.365, stoplimit=0.0, sl=155.565, tp=154.965, deviation=20, type=1, type_filling=0, type_time=0, expiration=0, comment='Phase6_Bot', position=0, position_by=0))"
2025-12-03 13:27:31.637390,USDJPYm,-1,SELL,155.365,0.01,20,40,"OrderSendResult(retcode=10031, deal=0, order=0, volume=0.0, price=0.0, bid=0.0, ask=0.0, comment='Request rejected due to absence of network connection', request_id=0, retcode_external=0, request=TradeRequest(action=1, magic=234000, order=0, symbol='USDJPYm', volume=0.01, price=155.365, stoplimit=0.0, sl=155.565, tp=154.965, deviation=20, type=1, type_filling=0, type_time=0, expiration=0, comment='Phase6_Bot', position=0, position_by=0))"
2025-12-03 13:28:01.661766,USDJPYm,-1,SELL,155.418,0.01,20,40,"OrderSendResult(retcode=10031, deal=0, order=0, volume=0.0, price=0.0, bid=0.0, ask=0.0, comment='Request rejected due to absence of network connection', request_id=0, retcode_external=0, request=TradeRequest(action=1, magic=234000, order=0, symbol='USDJPYm', volume=0.01, price=155.418, stoplimit=0.0, sl=155.618, tp=155.018, deviation=20, type=1, type_filling=0, type_time=0, expiration=0, comment='Phase6_Bot', position=0, position_by=0))"
2025-12-03 13:28:01.661766,USDJPYm,-1,SELL,155.418,0.01,20,40,"OrderSendResult(retcode=10031, deal=0, order=0, volume=0.0, price=0.0, bid=0.0, ask=0.0, comment='Request rejected due to absence of network connection', request_id=0, retcode_external=0, request=TradeRequest(action=1, magic=234000, order=0, symbol='USDJPYm', volume=0.01, price=155.418, stoplimit=0.0, sl=155.618, tp=155.018, deviation=20, type=1, type_filling=0, type_time=0, expiration=0, comment='Phase6_Bot', position=0, position_by=0))"
2025-12-03 13:28:31.693623,USDJPYm,-1,SELL,155.427,0.01,20,40,"OrderSendResult(retcode=10044, deal=0, order=2025611515, volume=0.01, price=0.0, bid=0.0, ask=0.0, comment='Phase6_Bot', request_id=1207956400, retcode_external=0, request=TradeRequest(action=1, magic=234000, order=0, symbol='USDJPYm', volume=0.01, price=155.427, stoplimit=0.0, sl=155.62699999999998, tp=155.027, deviation=20, type=1, type_filling=0, type_time=0, expiration=0, comment='Phase6_Bot', position=0, position_by=0))"
2025-12-03 13:28:31.694628,USDJPYm,-1,SELL,155.427,0.01,20,40,"OrderSendResult(retcode=10044, deal=0, order=2025611522, volume=0.01, price=0.0, bid=0.0, ask=0.0, comment='Phase6_Bot', request_id=1207956401, retcode_external=0, request=TradeRequest(action=1, magic=234000, order=0, symbol='USDJPYm', volume=0.01, price=155.424, stoplimit=0.0, sl=155.624, tp=155.024, deviation=20, type=1, type_filling=0, type_time=0, expiration=0, comment='Phase6_Bot', position=0, position_by=0))"
2025-12-03 13:29:01.828018,USDJPYm,-1,SELL,155.415,0.01,20,40,"OrderSendResult(retcode=10044, deal=0, order=2025613885, volume=0.01, price=0.0, bid=0.0, ask=0.0, comment='Phase6_Bot', request_id=1207956402, retcode_external=0, request=TradeRequest(action=1, magic=234000, order=0, symbol='USDJPYm', volume=0.01, price=155.415, stoplimit=0.0, sl=155.61499999999998, tp=155.015, deviation=20, type=1, type_filling=0, type_time=0, expiration=0, comment='Phase6_Bot', position=0, position_by=0))"
2025-12-03 13:29:01.969261,USDJPYm,-1,SELL,155.415,0.01,20,40,"OrderSendResult(retcode=10044, deal=0, order=2025613899, volume=0.01, price=0.0, bid=0.0, ask=0.0, comment='Phase6_Bot', request_id=1207956403, retcode_external=0, request=TradeRequest(action=1, magic=234000, order=0, symbol='USDJPYm', volume=0.01, price=155.415, stoplimit=0.0, sl=155.61499999999998, tp=155.015, deviation=20, type=1, type_filling=0, type_time=0, expiration=0, comment='Phase6_Bot', position=0, position_by=0))"
2025-12-03 13:29:31.972036,USDJPYm,-1,SELL,155.429,0.01,20,40,"OrderSendResult(retcode=10044, deal=0, order=2025616031, volume=0.01, price=0.0, bid=0.0, ask=0.0, comment='Phase6_Bot', request_id=1207956404, retcode_external=0, request=TradeRequest(action=1, magic=234000, order=0, symbol='USDJPYm', volume=0.01, price=155.429, stoplimit=0.0, sl=155.629, tp=155.029, deviation=20, type=1, type_filling=0, type_time=0, expiration=0, comment='Phase6_Bot', position=0, position_by=0))"
2025-12-03 13:29:32.105219,USDJPYm,-1,SELL,155.429,0.01,20,40,"OrderSendResult(retcode=10044, deal=0, order=2025616037, volume=0.01, price=0.0, bid=0.0, ask=0.0, comment='Phase6_Bot', request_id=1207956405, retcode_external=0, request=TradeRequest(action=1, magic=234000, order=0, symbol='USDJPYm', volume=0.01, price=155.429, stoplimit=0.0, sl=155.629, tp=155.029, deviation=20, type=1, type_filling=0, type_time=0, expiration=0, comment='Phase6_Bot', position=0, position_by=0))"
2025-12-03 13:30:02.109151,USDJPYm,-1,SELL,155.462,0.01,20,40,"OrderSendResult(retcode=10044, deal=0, order=2025618574, volume=0.01, price=0.0, bid=0.0, ask=0.0, comment='Phase6_Bot', request_id=1207956406, retcode_external=0, request=TradeRequest(action=1, magic=234000, order=0, symbol='USDJPYm', volume=0.01, price=155.462, stoplimit=0.0, sl=155.66199999999998, tp=155.06199999999998, deviation=20, type=1, type_filling=0, type_time=0, expiration=0, comment='Phase6_Bot', position=0, position_by=0))"
2025-12-03 13:30:02.326737,USDJPYm,0,,155.467
2025-12-03 13:30:32.330765,USDJPYm,-1,SELL,155.436,0.01,20,40,"OrderSendResult(retcode=10044, deal=0, order=2025621892, volume=0.01, price=0.0, bid=0.0, ask=0.0, comment='Phase6_Bot', request_id=1207956407, retcode_external=0, request=TradeRequest(action=1, magic=234000, order=0, symbol='USDJPYm', volume=0.01, price=155.436, stoplimit=0.0, sl=155.636, tp=155.036, deviation=20, type=1, type_filling=0, type_time=0, expiration=0, comment='Phase6_Bot', position=0, position_by=0))"
2025-12-03 13:30:32.457362,USDJPYm,-1,SELL,155.436,0.01,20,40,"OrderSendResult(retcode=10044, deal=0, order=2025621900, volume=0.01, price=0.0, bid=0.0, ask=0.0, comment='Phase6_Bot', request_id=1207956408, retcode_external=0, request=TradeRequest(action=1, magic=234000, order=0, symbol='USDJPYm', volume=0.01, price=155.436, stoplimit=0.0, sl=155.636, tp=155.036, deviation=20, type=1, type_filling=0, type_time=0, expiration=0, comment='Phase6_Bot', position=0, position_by=0))"
2025-12-03 13:31:02.460137,USDJPYm,-1,SELL,155.426,0.01,20,40,"OrderSendResult(retcode=10044, deal=0, order=2025624811, volume=0.01, price=0.0, bid=0.0, ask=0.0, comment='Phase6_Bot', request_id=1207956409, retcode_external=0, request=TradeRequest(action=1, magic=234000, order=0, symbol='USDJPYm', volume=0.01, price=155.426, stoplimit=0.0, sl=155.62599999999998, tp=155.02599999999998, deviation=20, type=1, type_filling=0, type_time=0, expiration=0, comment='Phase6_Bot', position=0, position_by=0))"
2025-12-03 13:31:02.602420,USDJPYm,-1,SELL,155.426,0.01,20,40,"OrderSendResult(retcode=10044, deal=0, order=2025624822, volume=0.01, price=0.0, bid=0.0, ask=0.0, comment='Phase6_Bot', request_id=1207956410, retcode_external=0, request=TradeRequest(action=1, magic=234000, order=0, symbol='USDJPYm', volume=0.01, price=155.426, stoplimit=0.0, sl=155.62599999999998, tp=155.02599999999998, deviation=20, type=1, type_filling=0, type_time=0, expiration=0, comment='Phase6_Bot', position=0, position_by=0))"
2025-12-03 13:31:32.592939,USDJPYm,-1,SELL,155.426,0.01,20,40,"OrderSendResult(retcode=10031, deal=0, order=0, volume=0.0, price=0.0, bid=0.0, ask=0.0, comment='Request rejected due to absence of network connection', request_id=1207956411, retcode_external=0, request=TradeRequest(action=1, magic=234000, order=0, symbol='USDJPYm', volume=0.01, price=155.426, stoplimit=0.0, sl=155.62599999999998, tp=155.02599999999998, deviation=20, type=1, type_filling=0, type_time=0, expiration=0, comment='Phase6_Bot', position=0, position_by=0))"
2025-12-03 13:31:48.046316,USDJPYm,-1,SELL,155.426,0.01,20,40,"OrderSendResult(retcode=10031, deal=0, order=0, volume=0.0, price=0.0, bid=0.0, ask=0.0, comment='Request rejected due to absence of network connection', request_id=0, retcode_external=0, request=TradeRequest(action=1, magic=234000, order=0, symbol='USDJPYm', volume=0.01, price=155.426, stoplimit=0.0, sl=155.62599999999998, tp=155.02599999999998, deviation=20, type=1, type_filling=0, type_time=0, expiration=0, comment='Phase6_Bot', position=0, position_by=0))"
2025-12-03 13:32:18.074061,USDJPYm,-1,SELL,155.454,0.01,20,40,"OrderSendResult(retcode=10044, deal=0, order=2025631708, volume=0.01, price=0.0, bid=0.0, ask=0.0, comment='Phase6_Bot', request_id=1207956412, retcode_external=0, request=TradeRequest(action=1, magic=234000, order=0, symbol='USDJPYm', volume=0.01, price=155.454, stoplimit=0.0, sl=155.654, tp=155.054, deviation=20, type=1, type_filling=0, type_time=0, expiration=0, comment='Phase6_Bot', position=0, position_by=0))"
2025-12-03 13:32:18.074061,USDJPYm,-1,SELL,155.454,0.01,20,40,"OrderSendResult(retcode=10044, deal=0, order=2025631720, volume=0.01, price=0.0, bid=0.0, ask=0.0, comment='Phase6_Bot', request_id=1207956413, retcode_external=0, request=TradeRequest(action=1, magic=234000, order=0, symbol='USDJPYm', volume=0.01, price=155.454, stoplimit=0.0, sl=155.654, tp=155.054, deviation=20, type=1, type_filling=0, type_time=0, expiration=0, comment='Phase6_Bot', position=0, position_by=0))"
2025-12-03 13:32:48.205610,USDJPYm,0,,155.483
2025-12-03 13:32:48.313276,USDJPYm,0,,155.483
2025-12-03 13:33:18.234087,USDJPYm,0,,155.492
2025-12-03 13:33:18.326810,USDJPYm,0,,155.492
2025-12-03 13:33:48.250505,USDJPYm,0,,155.486
2025-12-03 13:33:48.342047,USDJPYm,0,,155.486
2025-12-03 13:34:18.279711,USDJPYm,0,,155.496
2025-12-03 13:34:18.360953,USDJPYm,0,,155.496
2025-12-03 13:34:48.292789,USDJPYm,0,,155.506
2025-12-03 13:34:48.375854,USDJPYm,0,,155.506
2025-12-03 13:35:18.307954,USDJPYm,0,,155.506
2025-12-03 13:35:18.391998,USDJPYm,0,,155.506
2025-12-03 13:35:48.333598,USDJPYm,1,BUY,155.49,0.01,20,40,"OrderSendResult(retcode=10031, deal=0, order=0, volume=0.0, price=0.0, bid=0.0, ask=0.0, comment='Request rejected due to absence of network connection', request_id=0, retcode_external=0, request=TradeRequest(action=1, magic=234000, order=0, symbol='USDJPYm', volume=0.01, price=155.5, stoplimit=0.0, sl=155.3, tp=155.9, deviation=20, type=0, type_filling=0, type_time=0, expiration=0, comment='Phase6_Bot', position=0, position_by=0))"
2025-12-03 13:35:48.409921,USDJPYm,1,BUY,155.49,0.01,20,40,"OrderSendResult(retcode=10031, deal=0, order=0, volume=0.0, price=0.0, bid=0.0, ask=0.0, comment='Request rejected due to absence of network connection', request_id=0, retcode_external=0, request=TradeRequest(action=1, magic=234000, order=0, symbol='USDJPYm', volume=0.01, price=155.5, stoplimit=0.0, sl=155.3, tp=155.9, deviation=20, type=0, type_filling=0, type_time=0, expiration=0, comment='Phase6_Bot', position=0, position_by=0))"
2025-12-03 13:36:18.368365,USDJPYm,1,BUY,155.463,0.01,20,40,"OrderSendResult(retcode=10031, deal=0, order=0, volume=0.0, price=0.0, bid=0.0, ask=0.0, comment='Request rejected due to absence of network connection', request_id=1207956414, retcode_external=0, request=TradeRequest(action=1, magic=234000, order=0, symbol='USDJPYm', volume=0.01, price=155.473, stoplimit=0.0, sl=155.27300000000002, tp=155.87300000000002, deviation=20, type=0, type_filling=0, type_time=0, expiration=0, comment='Phase6_Bot', position=0, position_by=0))"
2025-12-03 13:36:32.868394,USDJPYm,1,BUY,155.463,0.01,20,40,"OrderSendResult(retcode=10031, deal=0, order=0, volume=0.0, price=0.0, bid=0.0, ask=0.0, comment='Request rejected due to absence of network connection', request_id=0, retcode_external=0, request=TradeRequest(action=1, magic=234000, order=0, symbol='USDJPYm', volume=0.01, price=155.473, stoplimit=0.0, sl=155.27300000000002, tp=155.87300000000002, deviation=20, type=0, type_filling=0, type_time=0, expiration=0, comment='Phase6_Bot', position=0, position_by=0))"
2025-12-03 13:37:02.887694,USDJPYm,1,BUY,155.456,0.01,20,40,"OrderSendResult(retcode=10044, deal=0, order=2025658102, volume=0.01, price=0.0, bid=0.0, ask=0.0, comment='Phase6_Bot', request_id=1207956415, retcode_external=0, request=TradeRequest(action=1, magic=234000, order=0, symbol='USDJPYm', volume=0.01, price=155.466, stoplimit=0.0, sl=155.26600000000002, tp=155.866, deviation=20, type=0, type_filling=0, type_time=0, expiration=0, comment='Phase6_Bot', position=0, position_by=0))"
2025-12-03 13:37:02.893681,USDJPYm,1,BUY,155.456,0.01,20,40,"OrderSendResult(retcode=10044, deal=0, order=2025658111, volume=0.01, price=0.0, bid=0.0, ask=0.0, comment='Phase6_Bot', request_id=1207956416, retcode_external=0, request=TradeRequest(action=1, magic=234000, order=0, symbol='USDJPYm', volume=0.01, price=155.466, stoplimit=0.0, sl=155.26600000000002, tp=155.866, deviation=20, type=0, type_filling=0, type_time=0, expiration=0, comment='Phase6_Bot', position=0, position_by=0))"
2025-12-03 13:37:33.047247,USDJPYm,0,,155.448
2025-12-03 13:37:33.171846,USDJPYm,0,,155.448
2025-12-03 13:38:03.079485,USDJPYm,0,,155.448
2025-12-03 13:38:03.188408,USDJPYm,1,BUY,155.449,0.01,20,40,"OrderSendResult(retcode=10044, deal=0, order=2025663797, volume=0.01, price=0.0, bid=0.0, ask=0.0, comment='Phase6_Bot', request_id=1207956417, retcode_external=0, request=TradeRequest(action=1, magic=234000, order=0, symbol='USDJPYm', volume=0.01, price=155.459, stoplimit=0.0, sl=155.25900000000001, tp=155.859, deviation=20, type=0, type_filling=0, type_time=0, expiration=0, comment='Phase6_Bot', position=0, position_by=0))"
2025-12-03 13:38:33.107221,USDJPYm,0,,155.431
2025-12-03 13:38:33.325917,USDJPYm,0,,155.431
2025-12-03 13:39:03.138078,USDJPYm,0,,155.412
2025-12-03 13:39:03.342493,USDJPYm,0,,155.412
2025-12-03 13:39:33.168971,USDJPYm,0,,155.429
2025-12-03 13:39:33.362987,USDJPYm,0,,155.429
2025-12-03 13:40:03.193268,USDJPYm,0,,155.413
2025-12-03 13:40:03.380902,USDJPYm,0,,155.413
2025-12-03 13:40:33.213975,USDJPYm,0,,155.423
2025-12-03 13:40:33.404335,USDJPYm,0,,155.424
2025-12-03 13:41:03.229311,USDJPYm,0,,155.429
2025-12-03 13:41:03.421613,USDJPYm,0,,155.426
2025-12-03 13:41:33.246861,USDJPYm,0,,155.425
2025-12-03 13:41:33.441006,USDJPYm,0,,155.425
2025-12-03 13:42:03.280967,USDJPYm,0,,155.427
2025-12-03 13:42:03.458519,USDJPYm,0,,155.427
2025-12-03 13:42:33.297859,USDJPYm,0,,155.432
2025-12-03 13:42:33.476677,USDJPYm,0,,155.432
2025-12-03 13:43:03.317923,USDJPYm,0,,155.4
2025-12-03 13:43:03.491653,USDJPYm,0,,155.4
2025-12-03 13:43:33.335933,USDJPYm,0,,155.367
2025-12-03 13:43:33.506820,USDJPYm,0,,155.367
2025-12-03 13:44:03.353854,USDJPYm,-1,SELL,155.358,0.01,20,40,"OrderSendResult(retcode=10044, deal=0, order=2025705055, volume=0.01, price=0.0, bid=0.0, ask=0.0, comment='Phase6_Bot', request_id=1207956418, retcode_external=0, request=TradeRequest(action=1, magic=234000, order=0, symbol='USDJPYm', volume=0.01, price=155.358, stoplimit=0.0, sl=155.558, tp=154.958, deviation=20, type=1, type_filling=0, type_time=0, expiration=0, comment='Phase6_Bot', position=0, position_by=0))"
2025-12-03 13:44:03.522273,USDJPYm,-1,SELL,155.358,0.01,20,40,"OrderSendResult(retcode=10044, deal=0, order=2025705068, volume=0.01, price=0.0, bid=0.0, ask=0.0, comment='Phase6_Bot', request_id=1207956419, retcode_external=0, request=TradeRequest(action=1, magic=234000, order=0, symbol='USDJPYm', volume=0.01, price=155.358, stoplimit=0.0, sl=155.558, tp=154.958, deviation=20, type=1, type_filling=0, type_time=0, expiration=0, comment='Phase6_Bot', position=0, position_by=0))"
2025-12-03 13:44:33.494938,USDJPYm,0,,155.374
2025-12-03 13:44:33.664354,USDJPYm,0,,155.374
2025-12-03 13:45:03.514761,USDJPYm,-1,SELL,155.372,0.01,20,40,"OrderSendResult(retcode=10044, deal=0, order=2025710568, volume=0.01, price=0.0, bid=0.0, ask=0.0, comment='Phase6_Bot', request_id=1207956420, retcode_external=0, request=TradeRequest(action=1, magic=234000, order=0, symbol='USDJPYm', volume=0.01, price=155.372, stoplimit=0.0, sl=155.572, tp=154.972, deviation=20, type=1, type_filling=0, type_time=0, expiration=0, comment='Phase6_Bot', position=0, position_by=0))"
2025-12-03 13:45:03.683084,USDJPYm,-1,SELL,155.372,0.01,20,40,"OrderSendResult(retcode=10044, deal=0, order=2025710609, volume=0.01, price=0.0, bid=0.0, ask=0.0, comment='Phase6_Bot', request_id=1207956421, retcode_external=0, request=TradeRequest(action=1, magic=234000, order=0, symbol='USDJPYm', volume=0.01, price=155.372, stoplimit=0.0, sl=155.572, tp=154.972, deviation=20, type=1, type_filling=0, type_time=0, expiration=0, comment='Phase6_Bot', position=0, position_by=0))"
2025-12-03 13:45:33.679243,USDJPYm,-1,SELL,155.388,0.01,20,40,"OrderSendResult(retcode=10044, deal=0, order=2025712732, volume=0.01, price=0.0, bid=0.0, ask=0.0, comment='Phase6_Bot', request_id=1207956422, retcode_external=0, request=TradeRequest(action=1, magic=234000, order=0, symbol='USDJPYm', volume=0.01, price=155.388, stoplimit=0.0, sl=155.588, tp=154.988, deviation=20, type=1, type_filling=0, type_time=0, expiration=0, comment='Phase6_Bot', position=0, position_by=0))"
2025-12-03 13:45:33.826834,USDJPYm,-1,SELL,155.388,0.01,20,40,"OrderSendResult(retcode=10044, deal=0, order=2025712741, volume=0.01, price=0.0, bid=0.0, ask=0.0, comment='Phase6_Bot', request_id=1207956423, retcode_external=0, request=TradeRequest(action=1, magic=234000, order=0, symbol='USDJPYm', volume=0.01, price=155.388, stoplimit=0.0, sl=155.588, tp=154.988, deviation=20, type=1, type_filling=0, type_time=0, expiration=0, comment='Phase6_Bot', position=0, position_by=0))"
2025-12-03 13:46:03.811721,USDJPYm,-1,SELL,155.386,0.01,20,40,"OrderSendResult(retcode=10044, deal=0, order=2025715749, volume=0.01, price=0.0, bid=0.0, ask=0.0, comment='Phase6_Bot', request_id=1207956424, retcode_external=0, request=TradeRequest(action=1, magic=234000, order=0, symbol='USDJPYm', volume=0.01, price=155.386, stoplimit=0.0, sl=155.58599999999998, tp=154.986, deviation=20, type=1, type_filling=0, type_time=0, expiration=0, comment='Phase6_Bot', position=0, position_by=0))"
2025-12-03 13:46:03.964835,USDJPYm,-1,SELL,155.386,0.01,20,40,"OrderSendResult(retcode=10044, deal=0, order=2025715756, volume=0.01, price=0.0, bid=0.0, ask=0.0, comment='Phase6_Bot', request_id=1207956425, retcode_external=0, request=TradeRequest(action=1, magic=234000, order=0, symbol='USDJPYm', volume=0.01, price=155.386, stoplimit=0.0, sl=155.58599999999998, tp=154.986, deviation=20, type=1, type_filling=0, type_time=0, expiration=0, comment='Phase6_Bot', position=0, position_by=0))"
2025-12-03 13:46:33.963009,USDJPYm,-1,SELL,155.384,0.01,20,40,"OrderSendResult(retcode=10044, deal=0, order=2025717812, volume=0.01, price=0.0, bid=0.0, ask=0.0, comment='Phase6_Bot', request_id=1207956426, retcode_external=0, request=TradeRequest(action=1, magic=234000, order=0, symbol='USDJPYm', volume=0.01, price=155.384, stoplimit=0.0, sl=155.58399999999997, tp=154.98399999999998, deviation=20, type=1, type_filling=0, type_time=0, expiration=0, comment='Phase6_Bot', position=0, position_by=0))"
2025-12-03 13:46:34.112316,USDJPYm,-1,SELL,155.384,0.01,20,40,"OrderSendResult(retcode=10044, deal=0, order=2025717824, volume=0.01, price=0.0, bid=0.0, ask=0.0, comment='Phase6_Bot', request_id=1207956427, retcode_external=0, request=TradeRequest(action=1, magic=234000, order=0, symbol='USDJPYm', volume=0.01, price=155.384, stoplimit=0.0, sl=155.58399999999997, tp=154.98399999999998, deviation=20, type=1, type_filling=0, type_time=0, expiration=0, comment='Phase6_Bot', position=0, position_by=0))"
2025-12-03 13:47:04.121071,USDJPYm,-1,SELL,155.395,0.01,20,40,"OrderSendResult(retcode=10044, deal=0, order=2025720578, volume=0.01, price=0.0, bid=0.0, ask=0.0, comment='Phase6_Bot', request_id=1207956428, retcode_external=0, request=TradeRequest(action=1, magic=234000, order=0, symbol='USDJPYm', volume=0.01, price=155.395, stoplimit=0.0, sl=155.595, tp=154.995, deviation=20, type=1, type_filling=0, type_time=0, expiration=0, comment='Phase6_Bot', position=0, position_by=0))"
2025-12-03 13:47:04.286660,USDJPYm,-1,SELL,155.395,0.01,20,40,"OrderSendResult(retcode=10044, deal=0, order=2025720586, volume=0.01, price=0.0, bid=0.0, ask=0.0, comment='Phase6_Bot', request_id=1207956429, retcode_external=0, request=TradeRequest(action=1, magic=234000, order=0, symbol='USDJPYm', volume=0.01, price=155.395, stoplimit=0.0, sl=155.595, tp=154.995, deviation=20, type=1, type_filling=0, type_time=0, expiration=0, comment='Phase6_Bot', position=0, position_by=0))"
2025-12-03 13:47:34.273777,USDJPYm,-1,SELL,155.4,0.01,20,40,"OrderSendResult(retcode=10031, deal=0, order=0, volume=0.0, price=0.0, bid=0.0, ask=0.0, comment='Request rejected due to absence of network connection', request_id=1207956430, retcode_external=0, request=TradeRequest(action=1, magic=234000, order=0, symbol='USDJPYm', volume=0.01, price=155.4, stoplimit=0.0, sl=155.6, tp=155.0, deviation=20, type=1, type_filling=0, type_time=0, expiration=0, comment='Phase6_Bot', position=0, position_by=0))"
2025-12-03 13:47:47.458969,USDJPYm,-1,SELL,155.4,0.01,20,40,"OrderSendResult(retcode=10031, deal=0, order=0, volume=0.0, price=0.0, bid=0.0, ask=0.0, comment='Request rejected due to absence of network connection', request_id=0, retcode_external=0, request=TradeRequest(action=1, magic=234000, order=0, symbol='USDJPYm', volume=0.01, price=155.4, stoplimit=0.0, sl=155.6, tp=155.0, deviation=20, type=1, type_filling=0, type_time=0, expiration=0, comment='Phase6_Bot', position=0, position_by=0))"
2025-12-03 13:48:17.482009,USDJPYm,-1,SELL,155.418,0.01,20,40,"OrderSendResult(retcode=10044, deal=0, order=2025726552, volume=0.01, price=0.0, bid=0.0, ask=0.0, comment='Phase6_Bot', request_id=1207956431, retcode_external=0, request=TradeRequest(action=1, magic=234000, order=0, symbol='USDJPYm', volume=0.01, price=155.418, stoplimit=0.0, sl=155.618, tp=155.018, deviation=20, type=1, type_filling=0, type_time=0, expiration=0, comment='Phase6_Bot', position=0, position_by=0))"
2025-12-03 13:48:17.484013,USDJPYm,-1,SELL,155.418,0.01,20,40,"OrderSendResult(retcode=10044, deal=0, order=2025726577, volume=0.01, price=0.0, bid=0.0, ask=0.0, comment='Phase6_Bot', request_id=1207956432, retcode_external=0, request=TradeRequest(action=1, magic=234000, order=0, symbol='USDJPYm', volume=0.01, price=155.418, stoplimit=0.0, sl=155.618, tp=155.018, deviation=20, type=1, type_filling=0, type_time=0, expiration=0, comment='Phase6_Bot', position=0, position_by=0))"
2025-12-03 13:48:47.640776,USDJPYm,-1,SELL,155.417,0.01,20,40,"OrderSendResult(retcode=10044, deal=0, order=2025729158, volume=0.01, price=0.0, bid=0.0, ask=0.0, comment='Phase6_Bot', request_id=1207956433, retcode_external=0, request=TradeRequest(action=1, magic=234000, order=0, symbol='USDJPYm', volume=0.01, price=155.417, stoplimit=0.0, sl=155.617, tp=155.017, deviation=20, type=1, type_filling=0, type_time=0, expiration=0, comment='Phase6_Bot', position=0, position_by=0))"
2025-12-03 13:48:47.770321,USDJPYm,-1,SELL,155.42,0.01,20,40,"OrderSendResult(retcode=10044, deal=0, order=2025729164, volume=0.01, price=0.0, bid=0.0, ask=0.0, comment='Phase6_Bot', request_id=1207956434, retcode_external=0, request=TradeRequest(action=1, magic=234000, order=0, symbol='USDJPYm', volume=0.01, price=155.42, stoplimit=0.0, sl=155.61999999999998, tp=155.01999999999998, deviation=20, type=1, type_filling=0, type_time=0, expiration=0, comment='Phase6_Bot', position=0, position_by=0))"
2025-12-03 13:49:17.768726,USDJPYm,0,,155.428
2025-12-03 13:49:17.897045,USDJPYm,0,,155.428
2025-12-03 13:49:47.791389,USDJPYm,-1,SELL,155.399,0.01,20,40,"OrderSendResult(retcode=10044, deal=0, order=2025735711, volume=0.01, price=0.0, bid=0.0, ask=0.0, comment='Phase6_Bot', request_id=1207956435, retcode_external=0, request=TradeRequest(action=1, magic=234000, order=0, symbol='USDJPYm', volume=0.01, price=155.399, stoplimit=0.0, sl=155.599, tp=154.999, deviation=20, type=1, type_filling=0, type_time=0, expiration=0, comment='Phase6_Bot', position=0, position_by=0))"
2025-12-03 13:49:47.925686,USDJPYm,-1,SELL,155.399,0.01,20,40,"OrderSendResult(retcode=10044, deal=0, order=2025735724, volume=0.01, price=0.0, bid=0.0, ask=0.0, comment='Phase6_Bot', request_id=1207956436, retcode_external=0, request=TradeRequest(action=1, magic=234000, order=0, symbol='USDJPYm', volume=0.01, price=155.399, stoplimit=0.0, sl=155.599, tp=154.999, deviation=20, type=1, type_filling=0, type_time=0, expiration=0, comment='Phase6_Bot', position=0, position_by=0))"
2025-12-03 13:52:19.178499,USDJPYm,-1,SELL,155.396,0.01,20,40,"OrderSendResult(retcode=10031, deal=0, order=0, volume=0.0, price=0.0, bid=0.0, ask=0.0, comment='Request rejected due to absence of network connection', request_id=1207956437, retcode_external=0, request=TradeRequest(action=1, magic=234000, order=0, symbol='USDJPYm', volume=0.01, price=155.396, stoplimit=0.0, sl=155.59599999999998, tp=154.99599999999998, deviation=20, type=1, type_filling=0, type_time=0, expiration=0, comment='Phase6_Bot', position=0, position_by=0))"
2025-12-03 13:52:38.460619,USDJPYm,-1,SELL,155.397,0.01,20,40,"OrderSendResult(retcode=10031, deal=0, order=0, volume=0.0, price=0.0, bid=0.0, ask=0.0, comment='Request rejected due to absence of network connection', request_id=0, retcode_external=0, request=TradeRequest(action=1, magic=234000, order=0, symbol='USDJPYm', volume=0.01, price=155.397, stoplimit=0.0, sl=155.59699999999998, tp=154.99699999999999, deviation=20, type=1, type_filling=0, type_time=0, expiration=0, comment='Phase6_Bot', position=0, position_by=0))"
2025-12-03 13:53:08.504947,USDJPYm,-1,SELL,155.427,0.01,20,40,"OrderSendResult(retcode=10031, deal=0, order=0, volume=0.0, price=0.0, bid=0.0, ask=0.0, comment='Request rejected due to absence of network connection', request_id=0, retcode_external=0, request=TradeRequest(action=1, magic=234000, order=0, symbol='USDJPYm', volume=0.01, price=155.427, stoplimit=0.0, sl=155.62699999999998, tp=155.027, deviation=20, type=1, type_filling=0, type_time=0, expiration=0, comment='Phase6_Bot', position=0, position_by=0))"
2025-12-03 13:53:08.504947,USDJPYm,-1,SELL,155.427,0.01,20,40,"OrderSendResult(retcode=10031, deal=0, order=0, volume=0.0, price=0.0, bid=0.0, ask=0.0, comment='Request rejected due to absence of network connection', request_id=1207956438, retcode_external=0, request=TradeRequest(action=1, magic=234000, order=0, symbol='USDJPYm', volume=0.01, price=155.427, stoplimit=0.0, sl=155.62699999999998, tp=155.027, deviation=20, type=1, type_filling=0, type_time=0, expiration=0, comment='Phase6_Bot', position=0, position_by=0))"
2025-12-03 13:53:49.038920,USDJPYm,-1,SELL,155.422,0.01,20,40,"OrderSendResult(retcode=10044, deal=0, order=2025772520, volume=0.01, price=0.0, bid=0.0, ask=0.0, comment='Phase6_Bot', request_id=1207956439, retcode_external=0, request=TradeRequest(action=1, magic=234000, order=0, symbol='USDJPYm', volume=0.01, price=155.422, stoplimit=0.0, sl=155.62199999999999, tp=155.022, deviation=20, type=1, type_filling=0, type_time=0, expiration=0, comment='Phase6_Bot', position=0, position_by=0))"
2025-12-03 13:53:49.046916,USDJPYm,-1,SELL,155.422,0.01,20,40,"OrderSendResult(retcode=10044, deal=0, order=2025772536, volume=0.01, price=0.0, bid=0.0, ask=0.0, comment='Phase6_Bot', request_id=1207956440, retcode_external=0, request=TradeRequest(action=1, magic=234000, order=0, symbol='USDJPYm', volume=0.01, price=155.422, stoplimit=0.0, sl=155.62199999999999, tp=155.022, deviation=20, type=1, type_filling=0, type_time=0, expiration=0, comment='Phase6_Bot', position=0, position_by=0))"
2025-12-03 13:54:19.182479,USDJPYm,-1,SELL,155.422,0.01,20,40,"OrderSendResult(retcode=10031, deal=0, order=0, volume=0.0, price=0.0, bid=0.0, ask=0.0, comment='Request rejected due to absence of network connection', request_id=1207956441, retcode_external=0, request=TradeRequest(action=1, magic=234000, order=0, symbol='USDJPYm', volume=0.01, price=155.422, stoplimit=0.0, sl=155.62199999999999, tp=155.022, deviation=20, type=1, type_filling=0, type_time=0, expiration=0, comment='Phase6_Bot', position=0, position_by=0))"
2025-12-03 13:54:19.957392,USDJPYm,-1,SELL,155.422,0.01,20,40,"OrderSendResult(retcode=10031, deal=0, order=0, volume=0.0, price=0.0, bid=0.0, ask=0.0, comment='Request rejected due to absence of network connection', request_id=0, retcode_external=0, request=TradeRequest(action=1, magic=234000, order=0, symbol='USDJPYm', volume=0.01, price=155.422, stoplimit=0.0, sl=155.62199999999999, tp=155.022, deviation=20, type=1, type_filling=0, type_time=0, expiration=0, comment='Phase6_Bot', position=0, position_by=0))"
2025-12-03 13:54:49.966977,USDJPYm,-1,SELL,155.44,0.01,20,40,"OrderSendResult(retcode=10044, deal=0, order=2025780741, volume=0.01, price=0.0, bid=0.0, ask=0.0, comment='Phase6_Bot', request_id=1207956442, retcode_external=0, request=TradeRequest(action=1, magic=234000, order=0, symbol='USDJPYm', volume=0.01, price=155.44, stoplimit=0.0, sl=155.64, tp=155.04, deviation=20, type=1, type_filling=0, type_time=0, expiration=0, comment='Phase6_Bot', position=0, position_by=0))"
2025-12-03 13:54:49.977655,USDJPYm,-1,SELL,155.44,0.01,20,40,"OrderSendResult(retcode=10044, deal=0, order=2025780758, volume=0.01, price=0.0, bid=0.0, ask=0.0, comment='Phase6_Bot', request_id=1207956443, retcode_external=0, request=TradeRequest(action=1, magic=234000, order=0, symbol='USDJPYm', volume=0.01, price=155.44, stoplimit=0.0, sl=155.64, tp=155.04, deviation=20, type=1, type_filling=0, type_time=0, expiration=0, comment='Phase6_Bot', position=0, position_by=0))"
2025-12-03 13:55:20.103241,USDJPYm,1,BUY,155.446,0.01,20,40,"OrderSendResult(retcode=10044, deal=0, order=2025788142, volume=0.01, price=0.0, bid=0.0, ask=0.0, comment='Phase6_Bot', request_id=1207956444, retcode_external=0, request=TradeRequest(action=1, magic=234000, order=0, symbol='USDJPYm', volume=0.01, price=155.456, stoplimit=0.0, sl=155.256, tp=155.856, deviation=20, type=0, type_filling=0, type_time=0, expiration=0, comment='Phase6_Bot', position=0, position_by=0))"
2025-12-03 13:55:20.317864,USDJPYm,1,BUY,155.446,0.01,20,40,"OrderSendResult(retcode=10044, deal=0, order=2025788155, volume=0.01, price=0.0, bid=0.0, ask=0.0, comment='Phase6_Bot', request_id=1207956445, retcode_external=0, request=TradeRequest(action=1, magic=234000, order=0, symbol='USDJPYm', volume=0.01, price=155.456, stoplimit=0.0, sl=155.256, tp=155.856, deviation=20, type=0, type_filling=0, type_time=0, expiration=0, comment='Phase6_Bot', position=0, position_by=0))"
2025-12-03 14:01:20.959747,USDJPYm,1,BUY,155.448,0.01,20,40,"OrderSendResult(retcode=10031, deal=0, order=0, volume=0.0, price=0.0, bid=0.0, ask=0.0, comment='Request rejected due to absence of network connection', request_id=1207956446, retcode_external=0, request=TradeRequest(action=1, magic=234000, order=0, symbol='USDJPYm', volume=0.01, price=155.458, stoplimit=0.0, sl=155.258, tp=155.858, deviation=20, type=0, type_filling=0, type_time=0, expiration=0, comment='Phase6_Bot', position=0, position_by=0))"
2025-12-03 14:01:20.960743,USDJPYm,1,BUY,155.448,0.01,20,40,"OrderSendResult(retcode=10031, deal=0, order=0, volume=0.0, price=0.0, bid=0.0, ask=0.0, comment='Request rejected due to absence of network connection', request_id=0, retcode_external=0, request=TradeRequest(action=1, magic=234000, order=0, symbol='USDJPYm', volume=0.01, price=155.46, stoplimit=0.0, sl=155.26000000000002, tp=155.86, deviation=20, type=0, type_filling=0, type_time=0, expiration=0, comment='Phase6_Bot', position=0, position_by=0))"
2025-12-03 14:02:10.249568,USDJPYm,1,BUY,155.45,0.01,20,40,"OrderSendResult(retcode=10044, deal=0, order=2025839098, volume=0.01, price=0.0, bid=0.0, ask=0.0, comment='Phase6_Bot', request_id=1207956447, retcode_external=0, request=TradeRequest(action=1, magic=234000, order=0, symbol='USDJPYm', volume=0.01, price=155.46, stoplimit=0.0, sl=155.26000000000002, tp=155.86, deviation=20, type=0, type_filling=0, type_time=0, expiration=0, comment='Phase6_Bot', position=0, position_by=0))"
2025-12-03 14:02:10.266313,USDJPYm,1,BUY,155.45,0.01,20,40,"OrderSendResult(retcode=10044, deal=0, order=2025839108, volume=0.01, price=0.0, bid=0.0, ask=0.0, comment='Phase6_Bot', request_id=1207956448, retcode_external=0, request=TradeRequest(action=1, magic=234000, order=0, symbol='USDJPYm', volume=0.01, price=155.46, stoplimit=0.0, sl=155.26000000000002, tp=155.86, deviation=20, type=0, type_filling=0, type_time=0, expiration=0, comment='Phase6_Bot', position=0, position_by=0))"
2025-12-03 14:14:20.504304,USDJPYm,1,BUY,155.447,0.01,20,40,"OrderSendResult(retcode=10031, deal=0, order=0, volume=0.0, price=0.0, bid=0.0, ask=0.0, comment='Request rejected due to absence of network connection', request_id=0, retcode_external=0, request=TradeRequest(action=1, magic=234000, order=0, symbol='USDJPYm', volume=0.01, price=155.455, stoplimit=0.0, sl=155.25500000000002, tp=155.85500000000002, deviation=20, type=0, type_filling=0, type_time=0, expiration=0, comment='Phase6_Bot', position=0, position_by=0))"
2025-12-03 14:14:20.501311,USDJPYm,1,BUY,155.452,0.01,20,40,"OrderSendResult(retcode=10031, deal=0, order=0, volume=0.0, price=0.0, bid=0.0, ask=0.0, comment='Request rejected due to absence of network connection', request_id=1207956449, retcode_external=0, request=TradeRequest(action=1, magic=234000, order=0, symbol='USDJPYm', volume=0.01, price=155.455, stoplimit=0.0, sl=155.25500000000002, tp=155.85500000000002, deviation=20, type=0, type_filling=0, type_time=0, expiration=0, comment='Phase6_Bot', position=0, position_by=0))"
2025-12-03 14:15:09.774132,USDJPYm,0,,155.36
2025-12-03 14:15:09.776137,USDJPYm,0,,155.36
2025-12-03 14:15:39.793849,USDJPYm,0,,155.388
2025-12-03 14:15:39.795851,USDJPYm,0,,155.388
2025-12-03 14:16:09.810765,USDJPYm,0,,155.39
2025-12-03 14:16:09.813755,USDJPYm,0,,155.39
2025-12-03 14:16:39.831615,USDJPYm,0,,155.401
2025-12-03 14:16:39.835627,USDJPYm,0,,155.401
2025-12-03 14:17:09.848499,USDJPYm,0,,155.423
2025-12-03 14:17:09.857499,USDJPYm,0,,155.423
2025-12-03 14:17:39.875628,USDJPYm,0,,155.424
2025-12-03 14:17:39.883903,USDJPYm,0,,155.424
2025-12-03 14:18:09.891355,USDJPYm,0,,155.416
2025-12-03 14:18:09.905348,USDJPYm,0,,155.416
2025-12-03 14:18:39.906397,USDJPYm,0,,155.424
2025-12-03 14:18:39.925865,USDJPYm,0,,155.424
2025-12-03 14:19:09.930245,USDJPYm,0,,155.401
2025-12-03 14:19:09.943628,USDJPYm,0,,155.401
2025-12-03 14:19:49.412965,USDJPYm,0,,155.4
2025-12-03 14:19:49.438340,USDJPYm,0,,155.4
2025-12-03 14:20:19.439398,USDJPYm,-1,SELL,155.398,0.01,20,40,"OrderSendResult(retcode=10044, deal=0, order=2025983610, volume=0.01, price=0.0, bid=0.0, ask=0.0, comment='Phase6_Bot', request_id=1207956450, retcode_external=0, request=TradeRequest(action=1, magic=234000, order=0, symbol='USDJPYm', volume=0.01, price=155.398, stoplimit=0.0, sl=155.59799999999998, tp=154.998, deviation=20, type=1, type_filling=0, type_time=0, expiration=0, comment='Phase6_Bot', position=0, position_by=0))"
2025-12-03 14:20:19.585012,USDJPYm,-1,SELL,155.398,0.01,20,40,"OrderSendResult(retcode=10044, deal=0, order=2025983619, volume=0.01, price=0.0, bid=0.0, ask=0.0, comment='Phase6_Bot', request_id=1207956451, retcode_external=0, request=TradeRequest(action=1, magic=234000, order=0, symbol='USDJPYm', volume=0.01, price=155.398, stoplimit=0.0, sl=155.59799999999998, tp=154.998, deviation=20, type=1, type_filling=0, type_time=0, expiration=0, comment='Phase6_Bot', position=0, position_by=0))"
2025-12-03 14:20:49.583826,USDJPYm,-1,SELL,155.395,0.01,20,40,"OrderSendResult(retcode=10044, deal=0, order=2025987536, volume=0.01, price=0.0, bid=0.0, ask=0.0, comment='Phase6_Bot', request_id=1207956452, retcode_external=0, request=TradeRequest(action=1, magic=234000, order=0, symbol='USDJPYm', volume=0.01, price=155.395, stoplimit=0.0, sl=155.595, tp=154.995, deviation=20, type=1, type_filling=0, type_time=0, expiration=0, comment='Phase6_Bot', position=0, position_by=0))"
2025-12-03 14:20:49.730199,USDJPYm,-1,SELL,155.395,0.01,20,40,"OrderSendResult(retcode=10044, deal=0, order=2025987556, volume=0.01, price=0.0, bid=0.0, ask=0.0, comment='Phase6_Bot', request_id=1207956453, retcode_external=0, request=TradeRequest(action=1, magic=234000, order=0, symbol='USDJPYm', volume=0.01, price=155.395, stoplimit=0.0, sl=155.595, tp=154.995, deviation=20, type=1, type_filling=0, type_time=0, expiration=0, comment='Phase6_Bot', position=0, position_by=0))"
2025-12-03 14:21:19.748523,USDJPYm,-1,SELL,155.412,0.01,20,40,"OrderSendResult(retcode=10044, deal=0, order=2025991192, volume=0.01, price=0.0, bid=0.0, ask=0.0, comment='Phase6_Bot', request_id=1207956454, retcode_external=0, request=TradeRequest(action=1, magic=234000, order=0, symbol='USDJPYm', volume=0.01, price=155.412, stoplimit=0.0, sl=155.612, tp=155.012, deviation=20, type=1, type_filling=0, type_time=0, expiration=0, comment='Phase6_Bot', position=0, position_by=0))"
2025-12-03 14:21:19.871316,USDJPYm,-1,SELL,155.412,0.01,20,40,"OrderSendResult(retcode=10044, deal=0, order=2025991215, volume=0.01, price=0.0, bid=0.0, ask=0.0, comment='Phase6_Bot', request_id=1207956455, retcode_external=0, request=TradeRequest(action=1, magic=234000, order=0, symbol='USDJPYm', volume=0.01, price=155.412, stoplimit=0.0, sl=155.612, tp=155.012, deviation=20, type=1, type_filling=0, type_time=0, expiration=0, comment='Phase6_Bot', position=0, position_by=0))"
2025-12-03 14:21:49.880731,USDJPYm,-1,SELL,155.41,0.01,20,40,"OrderSendResult(retcode=10044, deal=0, order=2025995231, volume=0.01, price=0.0, bid=0.0, ask=0.0, comment='Phase6_Bot', request_id=1207956456, retcode_external=0, request=TradeRequest(action=1, magic=234000, order=0, symbol='USDJPYm', volume=0.01, price=155.41, stoplimit=0.0, sl=155.60999999999999, tp=155.01, deviation=20, type=1, type_filling=0, type_time=0, expiration=0, comment='Phase6_Bot', position=0, position_by=0))"
2025-12-03 14:21:50.013039,USDJPYm,-1,SELL,155.41,0.01,20,40,"OrderSendResult(retcode=10044, deal=0, order=2025995248, volume=0.01, price=0.0, bid=0.0, ask=0.0, comment='Phase6_Bot', request_id=1207956457, retcode_external=0, request=TradeRequest(action=1, magic=234000, order=0, symbol='USDJPYm', volume=0.01, price=155.41, stoplimit=0.0, sl=155.60999999999999, tp=155.01, deviation=20, type=1, type_filling=0, type_time=0, expiration=0, comment='Phase6_Bot', position=0, position_by=0))"
2025-12-03 14:22:20.005942,USDJPYm,-1,SELL,155.404,0.01,20,40,"OrderSendResult(retcode=10044, deal=0, order=2025999297, volume=0.01, price=0.0, bid=0.0, ask=0.0, comment='Phase6_Bot', request_id=1207956458, retcode_external=0, request=TradeRequest(action=1, magic=234000, order=0, symbol='USDJPYm', volume=0.01, price=155.404, stoplimit=0.0, sl=155.60399999999998, tp=155.004, deviation=20, type=1, type_filling=0, type_time=0, expiration=0, comment='Phase6_Bot', position=0, position_by=0))"
2025-12-03 14:22:20.139625,USDJPYm,-1,SELL,155.404,0.01,20,40,"OrderSendResult(retcode=10044, deal=0, order=2025999374, volume=0.01, price=0.0, bid=0.0, ask=0.0, comment='Phase6_Bot', request_id=1207956459, retcode_external=0, request=TradeRequest(action=1, magic=234000, order=0, symbol='USDJPYm', volume=0.01, price=155.404, stoplimit=0.0, sl=155.60399999999998, tp=155.004, deviation=20, type=1, type_filling=0, type_time=0, expiration=0, comment='Phase6_Bot', position=0, position_by=0))"
2025-12-03 14:22:50.132714,USDJPYm,-1,SELL,155.422,0.01,20,40,"OrderSendResult(retcode=10044, deal=0, order=2026002345, volume=0.01, price=0.0, bid=0.0, ask=0.0, comment='Phase6_Bot', request_id=1207956460, retcode_external=0, request=TradeRequest(action=1, magic=234000, order=0, symbol='USDJPYm', volume=0.01, price=155.422, stoplimit=0.0, sl=155.62199999999999, tp=155.022, deviation=20, type=1, type_filling=0, type_time=0, expiration=0, comment='Phase6_Bot', position=0, position_by=0))"
2025-12-03 14:22:50.268529,USDJPYm,-1,SELL,155.422,0.01,20,40,"OrderSendResult(retcode=10044, deal=0, order=2026002365, volume=0.01, price=0.0, bid=0.0, ask=0.0, comment='Phase6_Bot', request_id=1207956461, retcode_external=0, request=TradeRequest(action=1, magic=234000, order=0, symbol='USDJPYm', volume=0.01, price=155.422, stoplimit=0.0, sl=155.62199999999999, tp=155.022, deviation=20, type=1, type_filling=0, type_time=0, expiration=0, comment='Phase6_Bot', position=0, position_by=0))"
2025-12-03 14:23:20.267970,USDJPYm,-1,SELL,155.423,0.01,20,40,"OrderSendResult(retcode=10044, deal=0, order=2026005677, volume=0.01, price=0.0, bid=0.0, ask=0.0, comment='Phase6_Bot', request_id=1207956462, retcode_external=0, request=TradeRequest(action=1, magic=234000, order=0, symbol='USDJPYm', volume=0.01, price=155.423, stoplimit=0.0, sl=155.623, tp=155.023, deviation=20, type=1, type_filling=0, type_time=0, expiration=0, comment='Phase6_Bot', position=0, position_by=0))"
2025-12-03 14:23:20.416170,USDJPYm,-1,SELL,155.423,0.01,20,40,"OrderSendResult(retcode=10044, deal=0, order=2026005688, volume=0.01, price=0.0, bid=0.0, ask=0.0, comment='Phase6_Bot', request_id=1207956463, retcode_external=0, request=TradeRequest(action=1, magic=234000, order=0, symbol='USDJPYm', volume=0.01, price=155.423, stoplimit=0.0, sl=155.623, tp=155.023, deviation=20, type=1, type_filling=0, type_time=0, expiration=0, comment='Phase6_Bot', position=0, position_by=0))"
2025-12-03 14:23:50.423093,USDJPYm,-1,SELL,155.422,0.01,20,40,"OrderSendResult(retcode=10044, deal=0, order=2026008322, volume=0.01, price=0.0, bid=0.0, ask=0.0, comment='Phase6_Bot', request_id=1207956464, retcode_external=0, request=TradeRequest(action=1, magic=234000, order=0, symbol='USDJPYm', volume=0.01, price=155.422, stoplimit=0.0, sl=155.62199999999999, tp=155.022, deviation=20, type=1, type_filling=0, type_time=0, expiration=0, comment='Phase6_Bot', position=0, position_by=0))"
2025-12-03 14:23:50.571417,USDJPYm,-1,SELL,155.422,0.01,20,40,"OrderSendResult(retcode=10044, deal=0, order=2026008343, volume=0.01, price=0.0, bid=0.0, ask=0.0, comment='Phase6_Bot', request_id=1207956465, retcode_external=0, request=TradeRequest(action=1, magic=234000, order=0, symbol='USDJPYm', volume=0.01, price=155.422, stoplimit=0.0, sl=155.62199999999999, tp=155.022, deviation=20, type=1, type_filling=0, type_time=0, expiration=0, comment='Phase6_Bot', position=0, position_by=0))"
2025-12-03 14:24:20.572601,USDJPYm,0,,155.456
2025-12-03 14:24:20.703932,USDJPYm,0,,155.456
2025-12-03 14:24:50.592573,USDJPYm,0,,155.461
2025-12-03 14:24:50.722900,USDJPYm,0,,155.461
2025-12-03 14:25:20.609520,USDJPYm,1,BUY,155.472,0.01,20,40,"OrderSendResult(retcode=10044, deal=0, order=2026018603, volume=0.01, price=0.0, bid=0.0, ask=0.0, comment='Phase6_Bot', request_id=1207956466, retcode_external=0, request=TradeRequest(action=1, magic=234000, order=0, symbol='USDJPYm', volume=0.01, price=155.482, stoplimit=0.0, sl=155.282, tp=155.882, deviation=20, type=0, type_filling=0, type_time=0, expiration=0, comment='Phase6_Bot', position=0, position_by=0))"
2025-12-03 14:25:20.756538,USDJPYm,1,BUY,155.474,0.01,20,40,"OrderSendResult(retcode=10044, deal=0, order=2026018617, volume=0.01, price=0.0, bid=0.0, ask=0.0, comment='Phase6_Bot', request_id=1207956467, retcode_external=0, request=TradeRequest(action=1, magic=234000, order=0, symbol='USDJPYm', volume=0.01, price=155.484, stoplimit=0.0, sl=155.28400000000002, tp=155.88400000000001, deviation=20, type=0, type_filling=0, type_time=0, expiration=0, comment='Phase6_Bot', position=0, position_by=0))"
2025-12-03 14:25:50.747468,USDJPYm,1,BUY,155.462,0.01,20,40,"OrderSendResult(retcode=10044, deal=0, order=2026023054, volume=0.01, price=0.0, bid=0.0, ask=0.0, comment='Phase6_Bot', request_id=1207956468, retcode_external=0, request=TradeRequest(action=1, magic=234000, order=0, symbol='USDJPYm', volume=0.01, price=155.472, stoplimit=0.0, sl=155.27200000000002, tp=155.872, deviation=20, type=0, type_filling=0, type_time=0, expiration=0, comment='Phase6_Bot', position=0, position_by=0))"
2025-12-03 14:25:50.916029,USDJPYm,1,BUY,155.462,0.01,20,40,"OrderSendResult(retcode=10044, deal=0, order=2026023087, volume=0.01, price=0.0, bid=0.0, ask=0.0, comment='Phase6_Bot', request_id=1207956469, retcode_external=0, request=TradeRequest(action=1, magic=234000, order=0, symbol='USDJPYm', volume=0.01, price=155.472, stoplimit=0.0, sl=155.27200000000002, tp=155.872, deviation=20, type=0, type_filling=0, type_time=0, expiration=0, comment='Phase6_Bot', position=0, position_by=0))"
2025-12-03 14:26:20.878393,USDJPYm,1,BUY,155.461,0.01,20,40,"OrderSendResult(retcode=10044, deal=0, order=2026027228, volume=0.01, price=0.0, bid=0.0, ask=0.0, comment='Phase6_Bot', request_id=1207956470, retcode_external=0, request=TradeRequest(action=1, magic=234000, order=0, symbol='USDJPYm', volume=0.01, price=155.471, stoplimit=0.0, sl=155.27100000000002, tp=155.871, deviation=20, type=0, type_filling=0, type_time=0, expiration=0, comment='Phase6_Bot', position=0, position_by=0))"
2025-12-03 14:26:21.082693,USDJPYm,1,BUY,155.461,0.01,20,40,"OrderSendResult(retcode=10044, deal=0, order=2026027247, volume=0.01, price=0.0, bid=0.0, ask=0.0, comment='Phase6_Bot', request_id=1207956471, retcode_external=0, request=TradeRequest(action=1, magic=234000, order=0, symbol='USDJPYm', volume=0.01, price=155.471, stoplimit=0.0, sl=155.27100000000002, tp=155.871, deviation=20, type=0, type_filling=0, type_time=0, expiration=0, comment='Phase6_Bot', position=0, position_by=0))"
2025-12-03 14:26:51.091974,USDJPYm,1,BUY,155.483,0.01,20,40,"OrderSendResult(retcode=10044, deal=0, order=2026030410, volume=0.01, price=0.0, bid=0.0, ask=0.0, comment='Phase6_Bot', request_id=1207956472, retcode_external=0, request=TradeRequest(action=1, magic=234000, order=0, symbol='USDJPYm', volume=0.01, price=155.493, stoplimit=0.0, sl=155.293, tp=155.893, deviation=20, type=0, type_filling=0, type_time=0, expiration=0, comment='Phase6_Bot', position=0, position_by=0))"
2025-12-03 14:26:51.227551,USDJPYm,1,BUY,155.483,0.01,20,40,"OrderSendResult(retcode=10044, deal=0, order=2026030462, volume=0.01, price=0.0, bid=0.0, ask=0.0, comment='Phase6_Bot', request_id=1207956473, retcode_external=0, request=TradeRequest(action=1, magic=234000, order=0, symbol='USDJPYm', volume=0.01, price=155.493, stoplimit=0.0, sl=155.293, tp=155.893, deviation=20, type=0, type_filling=0, type_time=0, expiration=0, comment='Phase6_Bot', position=0, position_by=0))"
2025-12-03 14:27:21.226189,USDJPYm,1,BUY,155.492,0.01,20,40,"OrderSendResult(retcode=10044, deal=0, order=2026033325, volume=0.01, price=0.0, bid=0.0, ask=0.0, comment='Phase6_Bot', request_id=1207956474, retcode_external=0, request=TradeRequest(action=1, magic=234000, order=0, symbol='USDJPYm', volume=0.01, price=155.502, stoplimit=0.0, sl=155.30200000000002, tp=155.90200000000002, deviation=20, type=0, type_filling=0, type_time=0, expiration=0, comment='Phase6_Bot', position=0, position_by=0))"
2025-12-03 14:27:21.382939,USDJPYm,1,BUY,155.492,0.01,20,40,"OrderSendResult(retcode=10044, deal=0, order=2026033332, volume=0.01, price=0.0, bid=0.0, ask=0.0, comment='Phase6_Bot', request_id=1207956475, retcode_external=0, request=TradeRequest(action=1, magic=234000, order=0, symbol='USDJPYm', volume=0.01, price=155.502, stoplimit=0.0, sl=155.30200000000002, tp=155.90200000000002, deviation=20, type=0, type_filling=0, type_time=0, expiration=0, comment='Phase6_Bot', position=0, position_by=0))"
2025-12-03 14:27:51.392638,USDJPYm,1,BUY,155.491,0.01,20,40,"OrderSendResult(retcode=10044, deal=0, order=2026036383, volume=0.01, price=0.0, bid=0.0, ask=0.0, comment='Phase6_Bot', request_id=1207956476, retcode_external=0, request=TradeRequest(action=1, magic=234000, order=0, symbol='USDJPYm', volume=0.01, price=155.501, stoplimit=0.0, sl=155.30100000000002, tp=155.901, deviation=20, type=0, type_filling=0, type_time=0, expiration=0, comment='Phase6_Bot', position=0, position_by=0))"
2025-12-03 14:27:51.558900,USDJPYm,1,BUY,155.491,0.01,20,40,"OrderSendResult(retcode=10044, deal=0, order=2026036398, volume=0.01, price=0.0, bid=0.0, ask=0.0, comment='Phase6_Bot', request_id=1207956477, retcode_external=0, request=TradeRequest(action=1, magic=234000, order=0, symbol='USDJPYm', volume=0.01, price=155.501, stoplimit=0.0, sl=155.30100000000002, tp=155.901, deviation=20, type=0, type_filling=0, type_time=0, expiration=0, comment='Phase6_Bot', position=0, position_by=0))"
2025-12-03 14:28:21.567094,USDJPYm,1,BUY,155.474,0.01,20,40,"OrderSendResult(retcode=10044, deal=0, order=2026040165, volume=0.01, price=0.0, bid=0.0, ask=0.0, comment='Phase6_Bot', request_id=1207956478, retcode_external=0, request=TradeRequest(action=1, magic=234000, order=0, symbol='USDJPYm', volume=0.01, price=155.484, stoplimit=0.0, sl=155.28400000000002, tp=155.88400000000001, deviation=20, type=0, type_filling=0, type_time=0, expiration=0, comment='Phase6_Bot', position=0, position_by=0))"
2025-12-03 14:28:21.703368,USDJPYm,1,BUY,155.474,0.01,20,40,"OrderSendResult(retcode=10044, deal=0, order=2026040185, volume=0.01, price=0.0, bid=0.0, ask=0.0, comment='Phase6_Bot', request_id=1207956479, retcode_external=0, request=TradeRequest(action=1, magic=234000, order=0, symbol='USDJPYm', volume=0.01, price=155.484, stoplimit=0.0, sl=155.28400000000002, tp=155.88400000000001, deviation=20, type=0, type_filling=0, type_time=0, expiration=0, comment='Phase6_Bot', position=0, position_by=0))"
2025-12-03 14:28:51.705188,USDJPYm,1,BUY,155.479,0.01,20,40,"OrderSendResult(retcode=10044, deal=0, order=2026043082, volume=0.01, price=0.0, bid=0.0, ask=0.0, comment='Phase6_Bot', request_id=1207956480, retcode_external=0, request=TradeRequest(action=1, magic=234000, order=0, symbol='USDJPYm', volume=0.01, price=155.489, stoplimit=0.0, sl=155.28900000000002, tp=155.889, deviation=20, type=0, type_filling=0, type_time=0, expiration=0, comment='Phase6_Bot', position=0, position_by=0))"
2025-12-03 14:28:51.852061,USDJPYm,1,BUY,155.479,0.01,20,40,"OrderSendResult(retcode=10044, deal=0, order=2026043089, volume=0.01, price=0.0, bid=0.0, ask=0.0, comment='Phase6_Bot', request_id=1207956481, retcode_external=0, request=TradeRequest(action=1, magic=234000, order=0, symbol='USDJPYm', volume=0.01, price=155.489, stoplimit=0.0, sl=155.28900000000002, tp=155.889, deviation=20, type=0, type_filling=0, type_time=0, expiration=0, comment='Phase6_Bot', position=0, position_by=0))"
2025-12-03 14:29:21.853746,USDJPYm,1,BUY,155.507,0.01,20,40,"OrderSendResult(retcode=10044, deal=0, order=2026046342, volume=0.01, price=0.0, bid=0.0, ask=0.0, comment='Phase6_Bot', request_id=1207956482, retcode_external=0, request=TradeRequest(action=1, magic=234000, order=0, symbol='USDJPYm', volume=0.01, price=155.517, stoplimit=0.0, sl=155.317, tp=155.917, deviation=20, type=0, type_filling=0, type_time=0, expiration=0, comment='Phase6_Bot', position=0, position_by=0))"
2025-12-03 14:29:21.983751,USDJPYm,1,BUY,155.507,0.01,20,40,"OrderSendResult(retcode=10044, deal=0, order=2026046357, volume=0.01, price=0.0, bid=0.0, ask=0.0, comment='Phase6_Bot', request_id=1207956483, retcode_external=0, request=TradeRequest(action=1, magic=234000, order=0, symbol='USDJPYm', volume=0.01, price=155.517, stoplimit=0.0, sl=155.317, tp=155.917, deviation=20, type=0, type_filling=0, type_time=0, expiration=0, comment='Phase6_Bot', position=0, position_by=0))"
2025-12-03 14:29:51.983112,USDJPYm,1,BUY,155.507,0.01,20,40,"OrderSendResult(retcode=10044, deal=0, order=2026048958, volume=0.01, price=0.0, bid=0.0, ask=0.0, comment='Phase6_Bot', request_id=1207956484, retcode_external=0, request=TradeRequest(action=1, magic=234000, order=0, symbol='USDJPYm', volume=0.01, price=155.517, stoplimit=0.0, sl=155.317, tp=155.917, deviation=20, type=0, type_filling=0, type_time=0, expiration=0, comment='Phase6_Bot', position=0, position_by=0))"
2025-12-03 14:29:52.124606,USDJPYm,1,BUY,155.507,0.01,20,40,"OrderSendResult(retcode=10044, deal=0, order=2026048969, volume=0.01, price=0.0, bid=0.0, ask=0.0, comment='Phase6_Bot', request_id=1207956485, retcode_external=0, request=TradeRequest(action=1, magic=234000, order=0, symbol='USDJPYm', volume=0.01, price=155.517, stoplimit=0.0, sl=155.317, tp=155.917, deviation=20, type=0, type_filling=0, type_time=0, expiration=0, comment='Phase6_Bot', position=0, position_by=0))"
2025-12-03 14:30:22.125654,USDJPYm,1,BUY,155.494,0.01,20,40,"OrderSendResult(retcode=10044, deal=0, order=2026052427, volume=0.01, price=0.0, bid=0.0, ask=0.0, comment='Phase6_Bot', request_id=1207956486, retcode_external=0, request=TradeRequest(action=1, magic=234000, order=0, symbol='USDJPYm', volume=0.01, price=155.504, stoplimit=0.0, sl=155.304, tp=155.904, deviation=20, type=0, type_filling=0, type_time=0, expiration=0, comment='Phase6_Bot', position=0, position_by=0))"
2025-12-03 14:30:22.269408,USDJPYm,1,BUY,155.494,0.01,20,40,"OrderSendResult(retcode=10044, deal=0, order=2026052459, volume=0.01, price=0.0, bid=0.0, ask=0.0, comment='Phase6_Bot', request_id=1207956487, retcode_external=0, request=TradeRequest(action=1, magic=234000, order=0, symbol='USDJPYm', volume=0.01, price=155.504, stoplimit=0.0, sl=155.304, tp=155.904, deviation=20, type=0, type_filling=0, type_time=0, expiration=0, comment='Phase6_Bot', position=0, position_by=0))"
2025-12-03 14:30:52.297389,USDJPYm,1,BUY,155.491,0.01,20,40,"OrderSendResult(retcode=10044, deal=0, order=2026057228, volume=0.01, price=0.0, bid=0.0, ask=0.0, comment='Phase6_Bot', request_id=1207956488, retcode_external=0, request=TradeRequest(action=1, magic=234000, order=0, symbol='USDJPYm', volume=0.01, price=155.501, stoplimit=0.0, sl=155.30100000000002, tp=155.901, deviation=20, type=0, type_filling=0, type_time=0, expiration=0, comment='Phase6_Bot', position=0, position_by=0))"
2025-12-03 14:30:52.431843,USDJPYm,1,BUY,155.492,0.01,20,40,"OrderSendResult(retcode=10044, deal=0, order=2026057242, volume=0.01, price=0.0, bid=0.0, ask=0.0, comment='Phase6_Bot', request_id=1207956489, retcode_external=0, request=TradeRequest(action=1, magic=234000, order=0, symbol='USDJPYm', volume=0.01, price=155.502, stoplimit=0.0, sl=155.30200000000002, tp=155.90200000000002, deviation=20, type=0, type_filling=0, type_time=0, expiration=0, comment='Phase6_Bot', position=0, position_by=0))"
2025-12-03 14:31:22.435281,USDJPYm,1,BUY,155.46,0.01,20,40,"OrderSendResult(retcode=10044, deal=0, order=2026061377, volume=0.01, price=0.0, bid=0.0, ask=0.0, comment='Phase6_Bot', request_id=1207956490, retcode_external=0, request=TradeRequest(action=1, magic=234000, order=0, symbol='USDJPYm', volume=0.01, price=155.47, stoplimit=0.0, sl=155.27, tp=155.87, deviation=20, type=0, type_filling=0, type_time=0, expiration=0, comment='Phase6_Bot', position=0, position_by=0))"
2025-12-03 14:31:22.611441,USDJPYm,1,BUY,155.46,0.01,20,40,"OrderSendResult(retcode=10044, deal=0, order=2026061421, volume=0.01, price=0.0, bid=0.0, ask=0.0, comment='Phase6_Bot', request_id=1207956491, retcode_external=0, request=TradeRequest(action=1, magic=234000, order=0, symbol='USDJPYm', volume=0.01, price=155.47, stoplimit=0.0, sl=155.27, tp=155.87, deviation=20, type=0, type_filling=0, type_time=0, expiration=0, comment='Phase6_Bot', position=0, position_by=0))"
2025-12-03 14:31:52.612046,USDJPYm,1,BUY,155.471,0.01,20,40,"OrderSendResult(retcode=10044, deal=0, order=2026066825, volume=0.01, price=0.0, bid=0.0, ask=0.0, comment='Phase6_Bot', request_id=1207956492, retcode_external=0, request=TradeRequest(action=1, magic=234000, order=0, symbol='USDJPYm', volume=0.01, price=155.481, stoplimit=0.0, sl=155.281, tp=155.881, deviation=20, type=0, type_filling=0, type_time=0, expiration=0, comment='Phase6_Bot', position=0, position_by=0))"
2025-12-03 14:31:52.757029,USDJPYm,1,BUY,155.471,0.01,20,40,"OrderSendResult(retcode=10044, deal=0, order=2026066847, volume=0.01, price=0.0, bid=0.0, ask=0.0, comment='Phase6_Bot', request_id=1207956493, retcode_external=0, request=TradeRequest(action=1, magic=234000, order=0, symbol='USDJPYm', volume=0.01, price=155.481, stoplimit=0.0, sl=155.281, tp=155.881, deviation=20, type=0, type_filling=0, type_time=0, expiration=0, comment='Phase6_Bot', position=0, position_by=0))"
2025-12-03 14:32:22.744628,USDJPYm,1,BUY,155.45,0.01,20,40,"OrderSendResult(retcode=10044, deal=0, order=2026072674, volume=0.01, price=0.0, bid=0.0, ask=0.0, comment='Phase6_Bot', request_id=1207956494, retcode_external=0, request=TradeRequest(action=1, magic=234000, order=0, symbol='USDJPYm', volume=0.01, price=155.46, stoplimit=0.0, sl=155.26000000000002, tp=155.86, deviation=20, type=0, type_filling=0, type_time=0, expiration=0, comment='Phase6_Bot', position=0, position_by=0))"
2025-12-03 14:32:22.893558,USDJPYm,1,BUY,155.449,0.01,20,40,"OrderSendResult(retcode=10044, deal=0, order=2026072688, volume=0.01, price=0.0, bid=0.0, ask=0.0, comment='Phase6_Bot', request_id=1207956495, retcode_external=0, request=TradeRequest(action=1, magic=234000, order=0, symbol='USDJPYm', volume=0.01, price=155.459, stoplimit=0.0, sl=155.25900000000001, tp=155.859, deviation=20, type=0, type_filling=0, type_time=0, expiration=0, comment='Phase6_Bot', position=0, position_by=0))"
2025-12-03 14:32:52.893783,USDJPYm,1,BUY,155.459,0.01,20,40,"OrderSendResult(retcode=10044, deal=0, order=2026076914, volume=0.01, price=0.0, bid=0.0, ask=0.0, comment='Phase6_Bot', request_id=1207956496, retcode_external=0, request=TradeRequest(action=1, magic=234000, order=0, symbol='USDJPYm', volume=0.01, price=155.469, stoplimit=0.0, sl=155.269, tp=155.869, deviation=20, type=0, type_filling=0, type_time=0, expiration=0, comment='Phase6_Bot', position=0, position_by=0))"
2025-12-03 14:32:53.047698,USDJPYm,1,BUY,155.459,0.01,20,40,"OrderSendResult(retcode=10044, deal=0, order=2026076933, volume=0.01, price=0.0, bid=0.0, ask=0.0, comment='Phase6_Bot', request_id=1207956497, retcode_external=0, request=TradeRequest(action=1, magic=234000, order=0, symbol='USDJPYm', volume=0.01, price=155.469, stoplimit=0.0, sl=155.269, tp=155.869, deviation=20, type=0, type_filling=0, type_time=0, expiration=0, comment='Phase6_Bot', position=0, position_by=0))"
2025-12-03 14:33:23.024682,USDJPYm,1,BUY,155.438,0.01,20,40,"OrderSendResult(retcode=10044, deal=0, order=2026081051, volume=0.01, price=0.0, bid=0.0, ask=0.0, comment='Phase6_Bot', request_id=1207956498, retcode_external=0, request=TradeRequest(action=1, magic=234000, order=0, symbol='USDJPYm', volume=0.01, price=155.448, stoplimit=0.0, sl=155.24800000000002, tp=155.848, deviation=20, type=0, type_filling=0, type_time=0, expiration=0, comment='Phase6_Bot', position=0, position_by=0))"
2025-12-03 14:33:23.216754,USDJPYm,1,BUY,155.438,0.01,20,40,"OrderSendResult(retcode=10044, deal=0, order=2026081073, volume=0.01, price=0.0, bid=0.0, ask=0.0, comment='Phase6_Bot', request_id=1207956499, retcode_external=0, request=TradeRequest(action=1, magic=234000, order=0, symbol='USDJPYm', volume=0.01, price=155.448, stoplimit=0.0, sl=155.24800000000002, tp=155.848, deviation=20, type=0, type_filling=0, type_time=0, expiration=0, comment='Phase6_Bot', position=0, position_by=0))"
2025-12-03 14:33:53.164087,USDJPYm,1,BUY,155.431,0.01,20,40,"OrderSendResult(retcode=10044, deal=0, order=2026086216, volume=0.01, price=0.0, bid=0.0, ask=0.0, comment='Phase6_Bot', request_id=1207956500, retcode_external=0, request=TradeRequest(action=1, magic=234000, order=0, symbol='USDJPYm', volume=0.01, price=155.441, stoplimit=0.0, sl=155.241, tp=155.841, deviation=20, type=0, type_filling=0, type_time=0, expiration=0, comment='Phase6_Bot', position=0, position_by=0))"
2025-12-03 14:33:53.359628,USDJPYm,1,BUY,155.431,0.01,20,40,"OrderSendResult(retcode=10044, deal=0, order=2026086240, volume=0.01, price=0.0, bid=0.0, ask=0.0, comment='Phase6_Bot', request_id=1207956501, retcode_external=0, request=TradeRequest(action=1, magic=234000, order=0, symbol='USDJPYm', volume=0.01, price=155.441, stoplimit=0.0, sl=155.241, tp=155.841, deviation=20, type=0, type_filling=0, type_time=0, expiration=0, comment='Phase6_Bot', position=0, position_by=0))"
2025-12-03 14:34:23.295503,USDJPYm,1,BUY,155.443,0.01,20,40,"OrderSendResult(retcode=10044, deal=0, order=2026090082, volume=0.01, price=0.0, bid=0.0, ask=0.0, comment='Phase6_Bot', request_id=1207956502, retcode_external=0, request=TradeRequest(action=1, magic=234000, order=0, symbol='USDJPYm', volume=0.01, price=155.453, stoplimit=0.0, sl=155.25300000000001, tp=155.853, deviation=20, type=0, type_filling=0, type_time=0, expiration=0, comment='Phase6_Bot', position=0, position_by=0))"
2025-12-03 14:34:23.493373,USDJPYm,1,BUY,155.444,0.01,20,40,"OrderSendResult(retcode=10044, deal=0, order=2026090114, volume=0.01, price=0.0, bid=0.0, ask=0.0, comment='Phase6_Bot', request_id=1207956503, retcode_external=0, request=TradeRequest(action=1, magic=234000, order=0, symbol='USDJPYm', volume=0.01, price=155.454, stoplimit=0.0, sl=155.25400000000002, tp=155.854, deviation=20, type=0, type_filling=0, type_time=0, expiration=0, comment='Phase6_Bot', position=0, position_by=0))"
2025-12-03 14:34:53.495991,USDJPYm,1,BUY,155.408,0.01,20,40,"OrderSendResult(retcode=10044, deal=0, order=2026094596, volume=0.01, price=0.0, bid=0.0, ask=0.0, comment='Phase6_Bot', request_id=1207956504, retcode_external=0, request=TradeRequest(action=1, magic=234000, order=0, symbol='USDJPYm', volume=0.01, price=155.418, stoplimit=0.0, sl=155.21800000000002, tp=155.818, deviation=20, type=0, type_filling=0, type_time=0, expiration=0, comment='Phase6_Bot', position=0, position_by=0))"
2025-12-03 14:34:53.622849,USDJPYm,1,BUY,155.408,0.01,20,40,"OrderSendResult(retcode=10044, deal=0, order=2026094609, volume=0.01, price=0.0, bid=0.0, ask=0.0, comment='Phase6_Bot', request_id=1207956505, retcode_external=0, request=TradeRequest(action=1, magic=234000, order=0, symbol='USDJPYm', volume=0.01, price=155.418, stoplimit=0.0, sl=155.21800000000002, tp=155.818, deviation=20, type=0, type_filling=0, type_time=0, expiration=0, comment='Phase6_Bot', position=0, position_by=0))"
2025-12-03 14:35:23.638521,USDJPYm,1,BUY,155.417,0.01,20,40,"OrderSendResult(retcode=10044, deal=0, order=2026101107, volume=0.01, price=0.0, bid=0.0, ask=0.0, comment='Phase6_Bot', request_id=1207956506, retcode_external=0, request=TradeRequest(action=1, magic=234000, order=0, symbol='USDJPYm', volume=0.01, price=155.427, stoplimit=0.0, sl=155.227, tp=155.827, deviation=20, type=0, type_filling=0, type_time=0, expiration=0, comment='Phase6_Bot', position=0, position_by=0))"
2025-12-03 14:35:53.770238,USDJPYm,1,BUY,155.408,0.01,20,40,"OrderSendResult(retcode=10044, deal=0, order=2026105181, volume=0.01, price=0.0, bid=0.0, ask=0.0, comment='Phase6_Bot', request_id=1207956507, retcode_external=0, request=TradeRequest(action=1, magic=234000, order=0, symbol='USDJPYm', volume=0.01, price=155.418, stoplimit=0.0, sl=155.21800000000002, tp=155.818, deviation=20, type=0, type_filling=0, type_time=0, expiration=0, comment='Phase6_Bot', position=0, position_by=0))"
2025-12-03 14:36:23.904422,USDJPYm,1,BUY,155.418,0.01,20,40,"OrderSendResult(retcode=10044, deal=0, order=2026109795, volume=0.01, price=0.0, bid=0.0, ask=0.0, comment='Phase6_Bot', request_id=1207956508, retcode_external=0, request=TradeRequest(action=1, magic=234000, order=0, symbol='USDJPYm', volume=0.01, price=155.428, stoplimit=0.0, sl=155.228, tp=155.828, deviation=20, type=0, type_filling=0, type_time=0, expiration=0, comment='Phase6_Bot', position=0, position_by=0))"
2025-12-03 14:36:54.076984,USDJPYm,1,BUY,155.438,0.01,20,40,"OrderSendResult(retcode=10044, deal=0, order=2026116304, volume=0.01, price=0.0, bid=0.0, ask=0.0, comment='Phase6_Bot', request_id=1207956509, retcode_external=0, request=TradeRequest(action=1, magic=234000, order=0, symbol='USDJPYm', volume=0.01, price=155.448, stoplimit=0.0, sl=155.24800000000002, tp=155.848, deviation=20, type=0, type_filling=0, type_time=0, expiration=0, comment='Phase6_Bot', position=0, position_by=0))"
2025-12-03 14:37:24.222688,USDJPYm,1,BUY,155.389,0.01,20,40,"OrderSendResult(retcode=10044, deal=0, order=2026121239, volume=0.01, price=0.0, bid=0.0, ask=0.0, comment='Phase6_Bot', request_id=1207956510, retcode_external=0, request=TradeRequest(action=1, magic=234000, order=0, symbol='USDJPYm', volume=0.01, price=155.399, stoplimit=0.0, sl=155.199, tp=155.799, deviation=20, type=0, type_filling=0, type_time=0, expiration=0, comment='Phase6_Bot', position=0, position_by=0))"
2025-12-03 14:37:54.357758,USDJPYm,1,BUY,155.378,0.01,20,40,"OrderSendResult(retcode=10044, deal=0, order=2026124561, volume=0.01, price=0.0, bid=0.0, ask=0.0, comment='Phase6_Bot', request_id=1207956511, retcode_external=0, request=TradeRequest(action=1, magic=234000, order=0, symbol='USDJPYm', volume=0.01, price=155.388, stoplimit=0.0, sl=155.18800000000002, tp=155.788, deviation=20, type=0, type_filling=0, type_time=0, expiration=0, comment='Phase6_Bot', position=0, position_by=0))"
2025-12-03 14:38:24.509860,USDJPYm,1,BUY,155.375,0.01,20,40,"OrderSendResult(retcode=10044, deal=0, order=2026129105, volume=0.01, price=0.0, bid=0.0, ask=0.0, comment='Phase6_Bot', request_id=1207956512, retcode_external=0, request=TradeRequest(action=1, magic=234000, order=0, symbol='USDJPYm', volume=0.01, price=155.385, stoplimit=0.0, sl=155.185, tp=155.785, deviation=20, type=0, type_filling=0, type_time=0, expiration=0, comment='Phase6_Bot', position=0, position_by=0))"
2025-12-03 14:38:54.652510,USDJPYm,1,BUY,155.376,0.01,20,40,"OrderSendResult(retcode=10044, deal=0, order=2026133363, volume=0.01, price=0.0, bid=0.0, ask=0.0, comment='Phase6_Bot', request_id=1207956513, retcode_external=0, request=TradeRequest(action=1, magic=234000, order=0, symbol='USDJPYm', volume=0.01, price=155.386, stoplimit=0.0, sl=155.186, tp=155.786, deviation=20, type=0, type_filling=0, type_time=0, expiration=0, comment='Phase6_Bot', position=0, position_by=0))"
2025-12-03 14:39:24.786175,USDJPYm,0,,155.362
2025-12-03 14:39:54.801724,USDJPYm,1,BUY,155.376,0.01,20,40,"OrderSendResult(retcode=10044, deal=0, order=2026141454, volume=0.01, price=0.0, bid=0.0, ask=0.0, comment='Phase6_Bot', request_id=1207956514, retcode_external=0, request=TradeRequest(action=1, magic=234000, order=0, symbol='USDJPYm', volume=0.01, price=155.386, stoplimit=0.0, sl=155.186, tp=155.786, deviation=20, type=0, type_filling=0, type_time=0, expiration=0, comment='Phase6_Bot', position=0, position_by=0))"
2025-12-03 14:40:24.935869,USDJPYm,0,,155.391
2025-12-03 14:40:49.959273,USDJPYm,0,,155.377
2025-12-03 14:40:54.954942,USDJPYm,0,,155.385
2025-12-03 14:41:19.973957,USDJPYm,1,BUY,155.401,0.01,20,40,"OrderSendResult(retcode=10044, deal=0, order=2026150382, volume=0.01, price=0.0, bid=0.0, ask=0.0, comment='Phase6_Bot', request_id=1207956515, retcode_external=0, request=TradeRequest(action=1, magic=234000, order=0, symbol='USDJPYm', volume=0.01, price=155.411, stoplimit=0.0, sl=155.211, tp=155.811, deviation=20, type=0, type_filling=0, type_time=0, expiration=0, comment='Phase6_Bot', position=0, position_by=0))"
2025-12-03 14:41:24.969872,USDJPYm,1,BUY,155.403,0.01,20,40,"OrderSendResult(retcode=10044, deal=0, order=2026150915, volume=0.01, price=0.0, bid=0.0, ask=0.0, comment='Phase6_Bot', request_id=1207956516, retcode_external=0, request=TradeRequest(action=1, magic=234000, order=0, symbol='USDJPYm', volume=0.01, price=155.413, stoplimit=0.0, sl=155.21300000000002, tp=155.81300000000002, deviation=20, type=0, type_filling=0, type_time=0, expiration=0, comment='Phase6_Bot', position=0, position_by=0))"
2025-12-03 14:41:50.109685,USDJPYm,1,BUY,155.402,0.01,20,40,"OrderSendResult(retcode=10044, deal=0, order=2026153820, volume=0.01, price=0.0, bid=0.0, ask=0.0, comment='Phase6_Bot', request_id=1207956517, retcode_external=0, request=TradeRequest(action=1, magic=234000, order=0, symbol='USDJPYm', volume=0.01, price=155.412, stoplimit=0.0, sl=155.21200000000002, tp=155.812, deviation=20, type=0, type_filling=0, type_time=0, expiration=0, comment='Phase6_Bot', position=0, position_by=0))"
2025-12-03 14:41:55.110178,USDJPYm,1,BUY,155.412,0.01,20,40,"OrderSendResult(retcode=10044, deal=0, order=2026154430, volume=0.01, price=0.0, bid=0.0, ask=0.0, comment='Phase6_Bot', request_id=1207956518, retcode_external=0, request=TradeRequest(action=1, magic=234000, order=0, symbol='USDJPYm', volume=0.01, price=155.422, stoplimit=0.0, sl=155.222, tp=155.822, deviation=20, type=0, type_filling=0, type_time=0, expiration=0, comment='Phase6_Bot', position=0, position_by=0))"
2025-12-03 14:42:20.232900,USDJPYm,1,BUY,155.407,0.01,20,40,"OrderSendResult(retcode=10044, deal=0, order=2026157931, volume=0.01, price=0.0, bid=0.0, ask=0.0, comment='Phase6_Bot', request_id=1207956519, retcode_external=0, request=TradeRequest(action=1, magic=234000, order=0, symbol='USDJPYm', volume=0.01, price=155.417, stoplimit=0.0, sl=155.217, tp=155.817, deviation=20, type=0, type_filling=0, type_time=0, expiration=0, comment='Phase6_Bot', position=0, position_by=0))"
2025-12-03 14:42:25.242643,USDJPYm,1,BUY,155.408,0.01,20,40,"OrderSendResult(retcode=10044, deal=0, order=2026158639, volume=0.01, price=0.0, bid=0.0, ask=0.0, comment='Phase6_Bot', request_id=1207956520, retcode_external=0, request=TradeRequest(action=1, magic=234000, order=0, symbol='USDJPYm', volume=0.01, price=155.418, stoplimit=0.0, sl=155.21800000000002, tp=155.818, deviation=20, type=0, type_filling=0, type_time=0, expiration=0, comment='Phase6_Bot', position=0, position_by=0))"
2025-12-03 14:42:50.372861,USDJPYm,1,BUY,155.399,0.01,20,40,"OrderSendResult(retcode=10044, deal=0, order=2026163420, volume=0.01, price=0.0, bid=0.0, ask=0.0, comment='Phase6_Bot', request_id=1207956521, retcode_external=0, request=TradeRequest(action=1, magic=234000, order=0, symbol='USDJPYm', volume=0.01, price=155.409, stoplimit=0.0, sl=155.209, tp=155.809, deviation=20, type=0, type_filling=0, type_time=0, expiration=0, comment='Phase6_Bot', position=0, position_by=0))"
2025-12-03 14:42:55.376716,USDJPYm,1,BUY,155.409,0.01,20,40,"OrderSendResult(retcode=10044, deal=0, order=2026164247, volume=0.01, price=0.0, bid=0.0, ask=0.0, comment='Phase6_Bot', request_id=1207956522, retcode_external=0, request=TradeRequest(action=1, magic=234000, order=0, symbol='USDJPYm', volume=0.01, price=155.419, stoplimit=0.0, sl=155.21900000000002, tp=155.81900000000002, deviation=20, type=0, type_filling=0, type_time=0, expiration=0, comment='Phase6_Bot', position=0, position_by=0))"
2025-12-03 14:43:20.515488,USDJPYm,1,BUY,155.407,0.01,20,40,"OrderSendResult(retcode=10044, deal=0, order=2026167974, volume=0.01, price=0.0, bid=0.0, ask=0.0, comment='Phase6_Bot', request_id=1207956523, retcode_external=0, request=TradeRequest(action=1, magic=234000, order=0, symbol='USDJPYm', volume=0.01, price=155.417, stoplimit=0.0, sl=155.217, tp=155.817, deviation=20, type=0, type_filling=0, type_time=0, expiration=0, comment='Phase6_Bot', position=0, position_by=0))"
2025-12-03 14:43:25.509136,USDJPYm,1,BUY,155.406,0.01,20,40,"OrderSendResult(retcode=10044, deal=0, order=2026168392, volume=0.01, price=0.0, bid=0.0, ask=0.0, comment='Phase6_Bot', request_id=1207956524, retcode_external=0, request=TradeRequest(action=1, magic=234000, order=0, symbol='USDJPYm', volume=0.01, price=155.416, stoplimit=0.0, sl=155.216, tp=155.816, deviation=20, type=0, type_filling=0, type_time=0, expiration=0, comment='Phase6_Bot', position=0, position_by=0))"
2025-12-03 14:44:11.916690,USDJPYm,1,BUY,155.407,0.01,20,40,"OrderSendResult(retcode=10031, deal=0, order=0, volume=0.0, price=0.0, bid=0.0, ask=0.0, comment='Request rejected due to absence of network connection', request_id=0, retcode_external=0, request=TradeRequest(action=1, magic=234000, order=0, symbol='USDJPYm', volume=0.01, price=155.417, stoplimit=0.0, sl=155.217, tp=155.817, deviation=20, type=0, type_filling=0, type_time=0, expiration=0, comment='Phase6_Bot', position=0, position_by=0))"
2025-12-03 14:44:11.909695,USDJPYm,1,BUY,155.407,0.01,20,40,"OrderSendResult(retcode=10031, deal=0, order=0, volume=0.0, price=0.0, bid=0.0, ask=0.0, comment='Request rejected due to absence of network connection', request_id=1207956525, retcode_external=0, request=TradeRequest(action=1, magic=234000, order=0, symbol='USDJPYm', volume=0.01, price=155.419, stoplimit=0.0, sl=155.21900000000002, tp=155.81900000000002, deviation=20, type=0, type_filling=0, type_time=0, expiration=0, comment='Phase6_Bot', position=0, position_by=0))"
2025-12-03 14:45:11.529653,USDJPYm,0,,155.404
2025-12-03 14:45:11.529653,USDJPYm,0,,155.404
2025-12-03 14:45:41.551425,USDJPYm,0,,155.423
2025-12-03 14:45:41.551425,USDJPYm,0,,155.423
2025-12-03 14:46:11.573116,USDJPYm,0,,155.425
2025-12-03 14:46:11.586117,USDJPYm,0,,155.425
2025-12-03 14:48:12.953760,USDJPYm,0,,155.423
2025-12-03 14:48:12.958311,USDJPYm,0,,155.423
2025-12-03 14:48:43.006169,USDJPYm,0,,155.39
2025-12-03 14:48:43.008199,USDJPYm,0,,155.39
2025-12-03 14:49:13.045213,USDJPYm,-1,SELL,155.372,0.01,20,40,"OrderSendResult(retcode=10044, deal=0, order=2026209437, volume=0.01, price=0.0, bid=0.0, ask=0.0, comment='Phase6_Bot', request_id=1207956526, retcode_external=0, request=TradeRequest(action=1, magic=234000, order=0, symbol='USDJPYm', volume=0.01, price=155.372, stoplimit=0.0, sl=155.572, tp=154.972, deviation=20, type=1, type_filling=0, type_time=0, expiration=0, comment='Phase6_Bot', position=0, position_by=0))"
2025-12-03 14:49:13.046224,USDJPYm,-1,SELL,155.372,0.01,20,40,"OrderSendResult(retcode=10044, deal=0, order=2026209458, volume=0.01, price=0.0, bid=0.0, ask=0.0, comment='Phase6_Bot', request_id=1207956527, retcode_external=0, request=TradeRequest(action=1, magic=234000, order=0, symbol='USDJPYm', volume=0.01, price=155.372, stoplimit=0.0, sl=155.572, tp=154.972, deviation=20, type=1, type_filling=0, type_time=0, expiration=0, comment='Phase6_Bot', position=0, position_by=0))"
2025-12-03 14:51:16.726291,USDJPYm,-1,SELL,155.398,0.01,20,40,"OrderSendResult(retcode=10044, deal=0, order=2026224453, volume=0.01, price=0.0, bid=0.0, ask=0.0, comment='Phase6_Bot', request_id=1207956528, retcode_external=0, request=TradeRequest(action=1, magic=234000, order=0, symbol='USDJPYm', volume=0.01, price=155.398, stoplimit=0.0, sl=155.59799999999998, tp=154.998, deviation=20, type=1, type_filling=0, type_time=0, expiration=0, comment='Phase6_Bot', position=0, position_by=0))"
2025-12-03 14:51:16.853648,USDJPYm,-1,SELL,155.398,0.01,20,40,"OrderSendResult(retcode=10044, deal=0, order=2026224466, volume=0.01, price=0.0, bid=0.0, ask=0.0, comment='Phase6_Bot', request_id=1207956529, retcode_external=0, request=TradeRequest(action=1, magic=234000, order=0, symbol='USDJPYm', volume=0.01, price=155.398, stoplimit=0.0, sl=155.59799999999998, tp=154.998, deviation=20, type=1, type_filling=0, type_time=0, expiration=0, comment='Phase6_Bot', position=0, position_by=0))"
2025-12-03 14:51:46.861356,USDJPYm,0,,155.41
2025-12-03 14:51:46.978574,USDJPYm,0,,155.41
2025-12-03 14:52:16.882789,USDJPYm,-1,SELL,155.374,0.01,20,40,"OrderSendResult(retcode=10044, deal=0, order=2026233131, volume=0.01, price=0.0, bid=0.0, ask=0.0, comment='Phase6_Bot', request_id=1207956530, retcode_external=0, request=TradeRequest(action=1, magic=234000, order=0, symbol='USDJPYm', volume=0.01, price=155.374, stoplimit=0.0, sl=155.57399999999998, tp=154.974, deviation=20, type=1, type_filling=0, type_time=0, expiration=0, comment='Phase6_Bot', position=0, position_by=0))"
2025-12-03 14:52:17.012873,USDJPYm,-1,SELL,155.374,0.01,20,40,"OrderSendResult(retcode=10044, deal=0, order=2026233148, volume=0.01, price=0.0, bid=0.0, ask=0.0, comment='Phase6_Bot', request_id=1207956531, retcode_external=0, request=TradeRequest(action=1, magic=234000, order=0, symbol='USDJPYm', volume=0.01, price=155.374, stoplimit=0.0, sl=155.57399999999998, tp=154.974, deviation=20, type=1, type_filling=0, type_time=0, expiration=0, comment='Phase6_Bot', position=0, position_by=0))"
2025-12-03 14:52:47.024823,USDJPYm,-1,SELL,155.376,0.01,20,40,"OrderSendResult(retcode=10044, deal=0, order=2026236945, volume=0.01, price=0.0, bid=0.0, ask=0.0, comment='Phase6_Bot', request_id=1207956532, retcode_external=0, request=TradeRequest(action=1, magic=234000, order=0, symbol='USDJPYm', volume=0.01, price=155.376, stoplimit=0.0, sl=155.576, tp=154.976, deviation=20, type=1, type_filling=0, type_time=0, expiration=0, comment='Phase6_Bot', position=0, position_by=0))"
2025-12-03 14:52:47.180566,USDJPYm,-1,SELL,155.376,0.01,20,40,"OrderSendResult(retcode=10044, deal=0, order=2026236963, volume=0.01, price=0.0, bid=0.0, ask=0.0, comment='Phase6_Bot', request_id=1207956533, retcode_external=0, request=TradeRequest(action=1, magic=234000, order=0, symbol='USDJPYm', volume=0.01, price=155.376, stoplimit=0.0, sl=155.576, tp=154.976, deviation=20, type=1, type_filling=0, type_time=0, expiration=0, comment='Phase6_Bot', position=0, position_by=0))"
2025-12-03 14:53:17.185854,USDJPYm,-1,SELL,155.377,0.01,20,40,"OrderSendResult(retcode=10044, deal=0, order=2026240289, volume=0.01, price=0.0, bid=0.0, ask=0.0, comment='Phase6_Bot', request_id=1207956534, retcode_external=0, request=TradeRequest(action=1, magic=234000, order=0, symbol='USDJPYm', volume=0.01, price=155.377, stoplimit=0.0, sl=155.577, tp=154.977, deviation=20, type=1, type_filling=0, type_time=0, expiration=0, comment='Phase6_Bot', position=0, position_by=0))"
2025-12-03 14:53:17.315375,USDJPYm,-1,SELL,155.377,0.01,20,40,"OrderSendResult(retcode=10044, deal=0, order=2026240297, volume=0.01, price=0.0, bid=0.0, ask=0.0, comment='Phase6_Bot', request_id=1207956535, retcode_external=0, request=TradeRequest(action=1, magic=234000, order=0, symbol='USDJPYm', volume=0.01, price=155.377, stoplimit=0.0, sl=155.577, tp=154.977, deviation=20, type=1, type_filling=0, type_time=0, expiration=0, comment='Phase6_Bot', position=0, position_by=0))"
2025-12-03 14:53:47.320850,USDJPYm,-1,SELL,155.389,0.01,20,40,"OrderSendResult(retcode=10044, deal=0, order=2026250006, volume=0.01, price=0.0, bid=0.0, ask=0.0, comment='Phase6_Bot', request_id=1207956536, retcode_external=0, request=TradeRequest(action=1, magic=234000, order=0, symbol='USDJPYm', volume=0.01, price=155.389, stoplimit=0.0, sl=155.589, tp=154.989, deviation=20, type=1, type_filling=0, type_time=0, expiration=0, comment='Phase6_Bot', position=0, position_by=0))"
2025-12-03 14:53:47.473482,USDJPYm,-1,SELL,155.387,0.01,20,40,"OrderSendResult(retcode=10044, deal=0, order=2026250020, volume=0.01, price=0.0, bid=0.0, ask=0.0, comment='Phase6_Bot', request_id=1207956537, retcode_external=0, request=TradeRequest(action=1, magic=234000, order=0, symbol='USDJPYm', volume=0.01, price=155.387, stoplimit=0.0, sl=155.587, tp=154.987, deviation=20, type=1, type_filling=0, type_time=0, expiration=0, comment='Phase6_Bot', position=0, position_by=0))"
2025-12-03 14:54:17.453173,USDJPYm,1,BUY,155.433,0.01,20,40,"OrderSendResult(retcode=10044, deal=0, order=2026254364, volume=0.01, price=0.0, bid=0.0, ask=0.0, comment='Phase6_Bot', request_id=1207956538, retcode_external=0, request=TradeRequest(action=1, magic=234000, order=0, symbol='USDJPYm', volume=0.01, price=155.443, stoplimit=0.0, sl=155.24300000000002, tp=155.84300000000002, deviation=20, type=0, type_filling=0, type_time=0, expiration=0, comment='Phase6_Bot', position=0, position_by=0))"
2025-12-03 14:54:17.612063,USDJPYm,1,BUY,155.433,0.01,20,40,"OrderSendResult(retcode=10044, deal=0, order=2026254372, volume=0.01, price=0.0, bid=0.0, ask=0.0, comment='Phase6_Bot', request_id=1207956539, retcode_external=0, request=TradeRequest(action=1, magic=234000, order=0, symbol='USDJPYm', volume=0.01, price=155.443, stoplimit=0.0, sl=155.24300000000002, tp=155.84300000000002, deviation=20, type=0, type_filling=0, type_time=0, expiration=0, comment='Phase6_Bot', position=0, position_by=0))"
2025-12-03 14:54:47.622514,USDJPYm,1,BUY,155.436,0.01,20,40,"OrderSendResult(retcode=10044, deal=0, order=2026258967, volume=0.01, price=0.0, bid=0.0, ask=0.0, comment='Phase6_Bot', request_id=1207956540, retcode_external=0, request=TradeRequest(action=1, magic=234000, order=0, symbol='USDJPYm', volume=0.01, price=155.446, stoplimit=0.0, sl=155.246, tp=155.846, deviation=20, type=0, type_filling=0, type_time=0, expiration=0, comment='Phase6_Bot', position=0, position_by=0))"
2025-12-03 14:54:47.755331,USDJPYm,1,BUY,155.436,0.01,20,40,"OrderSendResult(retcode=10044, deal=0, order=2026259055, volume=0.01, price=0.0, bid=0.0, ask=0.0, comment='Phase6_Bot', request_id=1207956541, retcode_external=0, request=TradeRequest(action=1, magic=234000, order=0, symbol='USDJPYm', volume=0.01, price=155.446, stoplimit=0.0, sl=155.246, tp=155.846, deviation=20, type=0, type_filling=0, type_time=0, expiration=0, comment='Phase6_Bot', position=0, position_by=0))"
2025-12-03 14:55:17.752666,USDJPYm,1,BUY,155.446,0.01,20,40,"OrderSendResult(retcode=10044, deal=0, order=2026265853, volume=0.01, price=0.0, bid=0.0, ask=0.0, comment='Phase6_Bot', request_id=1207956542, retcode_external=0, request=TradeRequest(action=1, magic=234000, order=0, symbol='USDJPYm', volume=0.01, price=155.456, stoplimit=0.0, sl=155.256, tp=155.856, deviation=20, type=0, type_filling=0, type_time=0, expiration=0, comment='Phase6_Bot', position=0, position_by=0))"
2025-12-03 14:55:17.886684,USDJPYm,1,BUY,155.449,0.01,20,40,"OrderSendResult(retcode=10044, deal=0, order=2026265900, volume=0.01, price=0.0, bid=0.0, ask=0.0, comment='Phase6_Bot', request_id=1207956543, retcode_external=0, request=TradeRequest(action=1, magic=234000, order=0, symbol='USDJPYm', volume=0.01, price=155.459, stoplimit=0.0, sl=155.25900000000001, tp=155.859, deviation=20, type=0, type_filling=0, type_time=0, expiration=0, comment='Phase6_Bot', position=0, position_by=0))"
2025-12-03 14:55:47.890284,USDJPYm,0,,155.386
2025-12-03 14:55:48.020835,USDJPYm,0,,155.386
2025-12-03 14:56:17.907234,USDJPYm,0,,155.386
2025-12-03 14:56:18.035594,USDJPYm,0,,155.386
2025-12-03 14:56:47.927098,USDJPYm,1,BUY,155.408,0.01,20,40,"OrderSendResult(retcode=10044, deal=0, order=2026276500, volume=0.01, price=0.0, bid=0.0, ask=0.0, comment='Phase6_Bot', request_id=1207956544, retcode_external=0, request=TradeRequest(action=1, magic=234000, order=0, symbol='USDJPYm', volume=0.01, price=155.418, stoplimit=0.0, sl=155.21800000000002, tp=155.818, deviation=20, type=0, type_filling=0, type_time=0, expiration=0, comment='Phase6_Bot', position=0, position_by=0))"
2025-12-03 14:56:48.052443,USDJPYm,1,BUY,155.408,0.01,20,40,"OrderSendResult(retcode=10044, deal=0, order=2026276514, volume=0.01, price=0.0, bid=0.0, ask=0.0, comment='Phase6_Bot', request_id=1207956545, retcode_external=0, request=TradeRequest(action=1, magic=234000, order=0, symbol='USDJPYm', volume=0.01, price=155.418, stoplimit=0.0, sl=155.21800000000002, tp=155.818, deviation=20, type=0, type_filling=0, type_time=0, expiration=0, comment='Phase6_Bot', position=0, position_by=0))"
2025-12-03 14:57:18.059705,USDJPYm,0,,155.387
2025-12-03 14:57:18.187731,USDJPYm,0,,155.387
2025-12-03 14:57:48.086389,USDJPYm,0,,155.369
2025-12-03 14:57:48.205690,USDJPYm,0,,155.367
2025-12-03 14:58:18.106107,USDJPYm,0,,155.368
2025-12-03 14:58:18.219196,USDJPYm,0,,155.368
2025-12-03 14:58:48.128547,USDJPYm,0,,155.356
2025-12-03 14:58:48.235120,USDJPYm,0,,155.356
2025-12-03 14:59:18.152352,USDJPYm,0,,155.367
2025-12-03 14:59:18.249949,USDJPYm,0,,155.367
2025-12-03 14:59:38.867870,USDJPYm,0,,155.352
2025-12-03 14:59:48.175136,USDJPYm,0,,155.363
2025-12-03 14:59:48.268741,USDJPYm,0,,155.363
2025-12-03 15:00:08.883013,USDJPYm,0,,155.374
2025-12-03 15:00:18.190385,USDJPYm,0,,155.402
2025-12-03 15:00:18.283669,USDJPYm,0,,155.402
2025-12-03 15:00:42.539510,USDJPYm,0,,155.426
2025-12-03 15:00:48.210738,USDJPYm,1,BUY,155.471,0.01,20,40,"OrderSendResult(retcode=10044, deal=0, order=2026302059, volume=0.01, price=0.0, bid=0.0, ask=0.0, comment='Phase6_Bot', request_id=1207956546, retcode_external=0, request=TradeRequest(action=1, magic=234000, order=0, symbol='USDJPYm', volume=0.01, price=155.481, stoplimit=0.0, sl=155.281, tp=155.881, deviation=20, type=0, type_filling=0, type_time=0, expiration=0, comment='Phase6_Bot', position=0, position_by=0))"
2025-12-03 15:00:48.360818,USDJPYm,1,BUY,155.471,0.01,20,40,"OrderSendResult(retcode=10044, deal=0, order=2026302074, volume=0.01, price=0.0, bid=0.0, ask=0.0, comment='Phase6_Bot', request_id=1207956547, retcode_external=0, request=TradeRequest(action=1, magic=234000, order=0, symbol='USDJPYm', volume=0.01, price=155.481, stoplimit=0.0, sl=155.281, tp=155.881, deviation=20, type=0, type_filling=0, type_time=0, expiration=0, comment='Phase6_Bot', position=0, position_by=0))"
2025-12-03 15:01:12.568420,USDJPYm,1,BUY,155.483,0.01,20,40,"OrderSendResult(retcode=10044, deal=0, order=2026304686, volume=0.01, price=0.0, bid=0.0, ask=0.0, comment='Phase6_Bot', request_id=1207956548, retcode_external=0, request=TradeRequest(action=1, magic=234000, order=0, symbol='USDJPYm', volume=0.01, price=155.493, stoplimit=0.0, sl=155.293, tp=155.893, deviation=20, type=0, type_filling=0, type_time=0, expiration=0, comment='Phase6_Bot', position=0, position_by=0))"
2025-12-03 15:01:18.366726,USDJPYm,1,BUY,155.458,0.01,20,40,"OrderSendResult(retcode=10044, deal=0, order=2026305335, volume=0.01, price=0.0, bid=0.0, ask=0.0, comment='Phase6_Bot', request_id=1207956549, retcode_external=0, request=TradeRequest(action=1, magic=234000, order=0, symbol='USDJPYm', volume=0.01, price=155.468, stoplimit=0.0, sl=155.268, tp=155.868, deviation=20, type=0, type_filling=0, type_time=0, expiration=0, comment='Phase6_Bot', position=0, position_by=0))"
2025-12-03 15:01:18.502231,USDJPYm,1,BUY,155.459,0.01,20,40,"OrderSendResult(retcode=10044, deal=0, order=2026305346, volume=0.01, price=0.0, bid=0.0, ask=0.0, comment='Phase6_Bot', request_id=1207956550, retcode_external=0, request=TradeRequest(action=1, magic=234000, order=0, symbol='USDJPYm', volume=0.01, price=155.469, stoplimit=0.0, sl=155.269, tp=155.869, deviation=20, type=0, type_filling=0, type_time=0, expiration=0, comment='Phase6_Bot', position=0, position_by=0))"
2025-12-03 15:01:42.700107,USDJPYm,1,BUY,155.438,0.01,20,40,"OrderSendResult(retcode=10044, deal=0, order=2026308089, volume=0.01, price=0.0, bid=0.0, ask=0.0, comment='Phase6_Bot', request_id=1207956551, retcode_external=0, request=TradeRequest(action=1, magic=234000, order=0, symbol='USDJPYm', volume=0.01, price=155.448, stoplimit=0.0, sl=155.24800000000002, tp=155.848, deviation=20, type=0, type_filling=0, type_time=0, expiration=0, comment='Phase6_Bot', position=0, position_by=0))"
2025-12-03 15:01:48.498969,USDJPYm,1,BUY,155.448,0.01,20,40,"OrderSendResult(retcode=10044, deal=0, order=2026308981, volume=0.01, price=0.0, bid=0.0, ask=0.0, comment='Phase6_Bot', request_id=1207956552, retcode_external=0, request=TradeRequest(action=1, magic=234000, order=0, symbol='USDJPYm', volume=0.01, price=155.458, stoplimit=0.0, sl=155.258, tp=155.858, deviation=20, type=0, type_filling=0, type_time=0, expiration=0, comment='Phase6_Bot', position=0, position_by=0))"
2025-12-03 15:01:48.654974,USDJPYm,1,BUY,155.452,0.01,20,40,"OrderSendResult(retcode=10044, deal=0, order=2026308988, volume=0.01, price=0.0, bid=0.0, ask=0.0, comment='Phase6_Bot', request_id=1207956553, retcode_external=0, request=TradeRequest(action=1, magic=234000, order=0, symbol='USDJPYm', volume=0.01, price=155.462, stoplimit=0.0, sl=155.262, tp=155.862, deviation=20, type=0, type_filling=0, type_time=0, expiration=0, comment='Phase6_Bot', position=0, position_by=0))"
2025-12-03 15:02:12.835980,USDJPYm,1,BUY,155.453,0.01,20,40,"OrderSendResult(retcode=10044, deal=0, order=2026312424, volume=0.01, price=0.0, bid=0.0, ask=0.0, comment='Phase6_Bot', request_id=1207956554, retcode_external=0, request=TradeRequest(action=1, magic=234000, order=0, symbol='USDJPYm', volume=0.01, price=155.463, stoplimit=0.0, sl=155.263, tp=155.863, deviation=20, type=0, type_filling=0, type_time=0, expiration=0, comment='Phase6_Bot', position=0, position_by=0))"
2025-12-03 15:02:18.656108,USDJPYm,1,BUY,155.471,0.01,20,40,"OrderSendResult(retcode=10044, deal=0, order=2026313072, volume=0.01, price=0.0, bid=0.0, ask=0.0, comment='Phase6_Bot', request_id=1207956555, retcode_external=0, request=TradeRequest(action=1, magic=234000, order=0, symbol='USDJPYm', volume=0.01, price=155.481, stoplimit=0.0, sl=155.281, tp=155.881, deviation=20, type=0, type_filling=0, type_time=0, expiration=0, comment='Phase6_Bot', position=0, position_by=0))"
2025-12-03 15:02:18.800281,USDJPYm,1,BUY,155.473,0.01,20,40,"OrderSendResult(retcode=10044, deal=0, order=2026313092, volume=0.01, price=0.0, bid=0.0, ask=0.0, comment='Phase6_Bot', request_id=1207956556, retcode_external=0, request=TradeRequest(action=1, magic=234000, order=0, symbol='USDJPYm', volume=0.01, price=155.483, stoplimit=0.0, sl=155.28300000000002, tp=155.883, deviation=20, type=0, type_filling=0, type_time=0, expiration=0, comment='Phase6_Bot', position=0, position_by=0))"
2025-12-03 15:02:42.978762,USDJPYm,1,BUY,155.556,0.01,20,40,"OrderSendResult(retcode=10044, deal=0, order=2026315501, volume=0.01, price=0.0, bid=0.0, ask=0.0, comment='Phase6_Bot', request_id=1207956557, retcode_external=0, request=TradeRequest(action=1, magic=234000, order=0, symbol='USDJPYm', volume=0.01, price=155.566, stoplimit=0.0, sl=155.366, tp=155.966, deviation=20, type=0, type_filling=0, type_time=0, expiration=0, comment='Phase6_Bot', position=0, position_by=0))"
2025-12-03 15:02:48.781108,USDJPYm,1,BUY,155.554,0.01,20,40,"OrderSendResult(retcode=10044, deal=0, order=2026316289, volume=0.01, price=0.0, bid=0.0, ask=0.0, comment='Phase6_Bot', request_id=1207956558, retcode_external=0, request=TradeRequest(action=1, magic=234000, order=0, symbol='USDJPYm', volume=0.01, price=155.564, stoplimit=0.0, sl=155.364, tp=155.964, deviation=20, type=0, type_filling=0, type_time=0, expiration=0, comment='Phase6_Bot', position=0, position_by=0))"
2025-12-03 15:02:48.955798,USDJPYm,1,BUY,155.554,0.01,20,40,"OrderSendResult(retcode=10044, deal=0, order=2026316320, volume=0.01, price=0.0, bid=0.0, ask=0.0, comment='Phase6_Bot', request_id=1207956559, retcode_external=0, request=TradeRequest(action=1, magic=234000, order=0, symbol='USDJPYm', volume=0.01, price=155.564, stoplimit=0.0, sl=155.364, tp=155.964, deviation=20, type=0, type_filling=0, type_time=0, expiration=0, comment='Phase6_Bot', position=0, position_by=0))"
2025-12-03 15:03:13.115711,USDJPYm,1,BUY,155.532,0.01,20,40,"OrderSendResult(retcode=10044, deal=0, order=2026320168, volume=0.01, price=0.0, bid=0.0, ask=0.0, comment='Phase6_Bot', request_id=1207956560, retcode_external=0, request=TradeRequest(action=1, magic=234000, order=0, symbol='USDJPYm', volume=0.01, price=155.542, stoplimit=0.0, sl=155.342, tp=155.942, deviation=20, type=0, type_filling=0, type_time=0, expiration=0, comment='Phase6_Bot', position=0, position_by=0))"
2025-12-03 15:03:18.961607,USDJPYm,1,BUY,155.528,0.01,20,40,"OrderSendResult(retcode=10044, deal=0, order=2026320969, volume=0.01, price=0.0, bid=0.0, ask=0.0, comment='Phase6_Bot', request_id=1207956561, retcode_external=0, request=TradeRequest(action=1, magic=234000, order=0, symbol='USDJPYm', volume=0.01, price=155.538, stoplimit=0.0, sl=155.33800000000002, tp=155.93800000000002, deviation=20, type=0, type_filling=0, type_time=0, expiration=0, comment='Phase6_Bot', position=0, position_by=0))"
2025-12-03 15:03:19.096722,USDJPYm,1,BUY,155.528,0.01,20,40,"OrderSendResult(retcode=10044, deal=0, order=2026320980, volume=0.01, price=0.0, bid=0.0, ask=0.0, comment='Phase6_Bot', request_id=1207956562, retcode_external=0, request=TradeRequest(action=1, magic=234000, order=0, symbol='USDJPYm', volume=0.01, price=155.538, stoplimit=0.0, sl=155.33800000000002, tp=155.93800000000002, deviation=20, type=0, type_filling=0, type_time=0, expiration=0, comment='Phase6_Bot', position=0, position_by=0))"
2025-12-03 15:03:43.246958,USDJPYm,1,BUY,155.569,0.01,20,40,"OrderSendResult(retcode=10044, deal=0, order=2026324401, volume=0.01, price=0.0, bid=0.0, ask=0.0, comment='Phase6_Bot', request_id=1207956563, retcode_external=0, request=TradeRequest(action=1, magic=234000, order=0, symbol='USDJPYm', volume=0.01, price=155.579, stoplimit=0.0, sl=155.37900000000002, tp=155.979, deviation=20, type=0, type_filling=0, type_time=0, expiration=0, comment='Phase6_Bot', position=0, position_by=0))"
2025-12-03 15:03:49.100292,USDJPYm,1,BUY,155.573,0.01,20,40,"OrderSendResult(retcode=10044, deal=0, order=2026325023, volume=0.01, price=0.0, bid=0.0, ask=0.0, comment='Phase6_Bot', request_id=1207956564, retcode_external=0, request=TradeRequest(action=1, magic=234000, order=0, symbol='USDJPYm', volume=0.01, price=155.583, stoplimit=0.0, sl=155.383, tp=155.983, deviation=20, type=0, type_filling=0, type_time=0, expiration=0, comment='Phase6_Bot', position=0, position_by=0))"
2025-12-03 15:03:49.230245,USDJPYm,1,BUY,155.573,0.01,20,40,"OrderSendResult(retcode=10044, deal=0, order=2026325034, volume=0.01, price=0.0, bid=0.0, ask=0.0, comment='Phase6_Bot', request_id=1207956565, retcode_external=0, request=TradeRequest(action=1, magic=234000, order=0, symbol='USDJPYm', volume=0.01, price=155.583, stoplimit=0.0, sl=155.383, tp=155.983, deviation=20, type=0, type_filling=0, type_time=0, expiration=0, comment='Phase6_Bot', position=0, position_by=0))"
2025-12-03 15:04:13.381141,USDJPYm,1,BUY,155.583,0.01,20,40,"OrderSendResult(retcode=10044, deal=0, order=2026328186, volume=0.01, price=0.0, bid=0.0, ask=0.0, comment='Phase6_Bot', request_id=1207956566, retcode_external=0, request=TradeRequest(action=1, magic=234000, order=0, symbol='USDJPYm', volume=0.01, price=155.593, stoplimit=0.0, sl=155.393, tp=155.993, deviation=20, type=0, type_filling=0, type_time=0, expiration=0, comment='Phase6_Bot', position=0, position_by=0))"
2025-12-03 15:04:19.235265,USDJPYm,1,BUY,155.593,0.01,20,40,"OrderSendResult(retcode=10044, deal=0, order=2026328770, volume=0.01, price=0.0, bid=0.0, ask=0.0, comment='Phase6_Bot', request_id=1207956567, retcode_external=0, request=TradeRequest(action=1, magic=234000, order=0, symbol='USDJPYm', volume=0.01, price=155.603, stoplimit=0.0, sl=155.40300000000002, tp=156.00300000000001, deviation=20, type=0, type_filling=0, type_time=0, expiration=0, comment='Phase6_Bot', position=0, position_by=0))"
2025-12-03 15:04:19.413532,USDJPYm,1,BUY,155.593,0.01,20,40,"OrderSendResult(retcode=10044, deal=0, order=2026328842, volume=0.01, price=0.0, bid=0.0, ask=0.0, comment='Phase6_Bot', request_id=1207956568, retcode_external=0, request=TradeRequest(action=1, magic=234000, order=0, symbol='USDJPYm', volume=0.01, price=155.603, stoplimit=0.0, sl=155.40300000000002, tp=156.00300000000001, deviation=20, type=0, type_filling=0, type_time=0, expiration=0, comment='Phase6_Bot', position=0, position_by=0))"
2025-12-03 15:04:43.511692,USDJPYm,1,BUY,155.569,0.01,20,40,"OrderSendResult(retcode=10044, deal=0, order=2026331816, volume=0.01, price=0.0, bid=0.0, ask=0.0, comment='Phase6_Bot', request_id=1207956569, retcode_external=0, request=TradeRequest(action=1, magic=234000, order=0, symbol='USDJPYm', volume=0.01, price=155.579, stoplimit=0.0, sl=155.37900000000002, tp=155.979, deviation=20, type=0, type_filling=0, type_time=0, expiration=0, comment='Phase6_Bot', position=0, position_by=0))"
2025-12-03 15:04:49.377828,USDJPYm,1,BUY,155.56,0.01,20,40,"OrderSendResult(retcode=10044, deal=0, order=2026332565, volume=0.01, price=0.0, bid=0.0, ask=0.0, comment='Phase6_Bot', request_id=1207956570, retcode_external=0, request=TradeRequest(action=1, magic=234000, order=0, symbol='USDJPYm', volume=0.01, price=155.57, stoplimit=0.0, sl=155.37, tp=155.97, deviation=20, type=0, type_filling=0, type_time=0, expiration=0, comment='Phase6_Bot', position=0, position_by=0))"
2025-12-03 15:04:49.557025,USDJPYm,1,BUY,155.562,0.01,20,40,"OrderSendResult(retcode=10044, deal=0, order=2026332574, volume=0.01, price=0.0, bid=0.0, ask=0.0, comment='Phase6_Bot', request_id=1207956571, retcode_external=0, request=TradeRequest(action=1, magic=234000, order=0, symbol='USDJPYm', volume=0.01, price=155.572, stoplimit=0.0, sl=155.372, tp=155.972, deviation=20, type=0, type_filling=0, type_time=0, expiration=0, comment='Phase6_Bot', position=0, position_by=0))"
2025-12-03 15:05:13.654180,USDJPYm,1,BUY,155.584,0.01,20,40,"OrderSendResult(retcode=10044, deal=0, order=2026335546, volume=0.01, price=0.0, bid=0.0, ask=0.0, comment='Phase6_Bot', request_id=1207956572, retcode_external=0, request=TradeRequest(action=1, magic=234000, order=0, symbol='USDJPYm', volume=0.01, price=155.594, stoplimit=0.0, sl=155.394, tp=155.994, deviation=20, type=0, type_filling=0, type_time=0, expiration=0, comment='Phase6_Bot', position=0, position_by=0))"
2025-12-03 15:05:19.521231,USDJPYm,1,BUY,155.579,0.01,20,40,"OrderSendResult(retcode=10044, deal=0, order=2026336194, volume=0.01, price=0.0, bid=0.0, ask=0.0, comment='Phase6_Bot', request_id=1207956573, retcode_external=0, request=TradeRequest(action=1, magic=234000, order=0, symbol='USDJPYm', volume=0.01, price=155.589, stoplimit=0.0, sl=155.389, tp=155.989, deviation=20, type=0, type_filling=0, type_time=0, expiration=0, comment='Phase6_Bot', position=0, position_by=0))"
2025-12-03 15:05:19.698515,USDJPYm,1,BUY,155.577,0.01,20,40,"OrderSendResult(retcode=10044, deal=0, order=2026336201, volume=0.01, price=0.0, bid=0.0, ask=0.0, comment='Phase6_Bot', request_id=1207956574, retcode_external=0, request=TradeRequest(action=1, magic=234000, order=0, symbol='USDJPYm', volume=0.01, price=155.587, stoplimit=0.0, sl=155.387, tp=155.987, deviation=20, type=0, type_filling=0, type_time=0, expiration=0, comment='Phase6_Bot', position=0, position_by=0))"
2025-12-03 15:05:43.797146,USDJPYm,1,BUY,155.57,0.01,20,40,"OrderSendResult(retcode=10044, deal=0, order=2026338846, volume=0.01, price=0.0, bid=0.0, ask=0.0, comment='Phase6_Bot', request_id=1207956575, retcode_external=0, request=TradeRequest(action=1, magic=234000, order=0, symbol='USDJPYm', volume=0.01, price=155.58, stoplimit=0.0, sl=155.38000000000002, tp=155.98000000000002, deviation=20, type=0, type_filling=0, type_time=0, expiration=0, comment='Phase6_Bot', position=0, position_by=0))"
2025-12-03 15:05:49.661365,USDJPYm,1,BUY,155.576,0.01,20,40,"OrderSendResult(retcode=10044, deal=0, order=2026339513, volume=0.01, price=0.0, bid=0.0, ask=0.0, comment='Phase6_Bot', request_id=1207956576, retcode_external=0, request=TradeRequest(action=1, magic=234000, order=0, symbol='USDJPYm', volume=0.01, price=155.586, stoplimit=0.0, sl=155.38600000000002, tp=155.98600000000002, deviation=20, type=0, type_filling=0, type_time=0, expiration=0, comment='Phase6_Bot', position=0, position_by=0))"
2025-12-03 15:05:49.835250,USDJPYm,1,BUY,155.577,0.01,20,40,"OrderSendResult(retcode=10044, deal=0, order=2026339541, volume=0.01, price=0.0, bid=0.0, ask=0.0, comment='Phase6_Bot', request_id=1207956577, retcode_external=0, request=TradeRequest(action=1, magic=234000, order=0, symbol='USDJPYm', volume=0.01, price=155.587, stoplimit=0.0, sl=155.387, tp=155.987, deviation=20, type=0, type_filling=0, type_time=0, expiration=0, comment='Phase6_Bot', position=0, position_by=0))"
2025-12-03 15:06:13.936826,USDJPYm,1,BUY,155.568,0.01,20,40,"OrderSendResult(retcode=10044, deal=0, order=2026343860, volume=0.01, price=0.0, bid=0.0, ask=0.0, comment='Phase6_Bot', request_id=1207956578, retcode_external=0, request=TradeRequest(action=1, magic=234000, order=0, symbol='USDJPYm', volume=0.01, price=155.578, stoplimit=0.0, sl=155.37800000000001, tp=155.978, deviation=20, type=0, type_filling=0, type_time=0, expiration=0, comment='Phase6_Bot', position=0, position_by=0))"
2025-12-03 15:06:19.795328,USDJPYm,1,BUY,155.545,0.01,20,40,"OrderSendResult(retcode=10044, deal=0, order=2026344625, volume=0.01, price=0.0, bid=0.0, ask=0.0, comment='Phase6_Bot', request_id=1207956579, retcode_external=0, request=TradeRequest(action=1, magic=234000, order=0, symbol='USDJPYm', volume=0.01, price=155.555, stoplimit=0.0, sl=155.35500000000002, tp=155.955, deviation=20, type=0, type_filling=0, type_time=0, expiration=0, comment='Phase6_Bot', position=0, position_by=0))"
2025-12-03 15:06:19.978936,USDJPYm,1,BUY,155.543,0.01,20,40,"OrderSendResult(retcode=10044, deal=0, order=2026344654, volume=0.01, price=0.0, bid=0.0, ask=0.0, comment='Phase6_Bot', request_id=1207956580, retcode_external=0, request=TradeRequest(action=1, magic=234000, order=0, symbol='USDJPYm', volume=0.01, price=155.553, stoplimit=0.0, sl=155.353, tp=155.953, deviation=20, type=0, type_filling=0, type_time=0, expiration=0, comment='Phase6_Bot', position=0, position_by=0))"
2025-12-03 15:06:44.070337,USDJPYm,1,BUY,155.545,0.01,20,40,"OrderSendResult(retcode=10044, deal=0, order=2026347380, volume=0.01, price=0.0, bid=0.0, ask=0.0, comment='Phase6_Bot', request_id=1207956581, retcode_external=0, request=TradeRequest(action=1, magic=234000, order=0, symbol='USDJPYm', volume=0.01, price=155.555, stoplimit=0.0, sl=155.35500000000002, tp=155.955, deviation=20, type=0, type_filling=0, type_time=0, expiration=0, comment='Phase6_Bot', position=0, position_by=0))"
2025-12-03 15:06:49.924080,USDJPYm,1,BUY,155.535,0.01,20,40,"OrderSendResult(retcode=10044, deal=0, order=2026348149, volume=0.01, price=0.0, bid=0.0, ask=0.0, comment='Phase6_Bot', request_id=1207956582, retcode_external=0, request=TradeRequest(action=1, magic=234000, order=0, symbol='USDJPYm', volume=0.01, price=155.545, stoplimit=0.0, sl=155.345, tp=155.945, deviation=20, type=0, type_filling=0, type_time=0, expiration=0, comment='Phase6_Bot', position=0, position_by=0))"
2025-12-03 15:06:50.116054,USDJPYm,1,BUY,155.535,0.01,20,40,"OrderSendResult(retcode=10044, deal=0, order=2026348177, volume=0.01, price=0.0, bid=0.0, ask=0.0, comment='Phase6_Bot', request_id=1207956583, retcode_external=0, request=TradeRequest(action=1, magic=234000, order=0, symbol='USDJPYm', volume=0.01, price=155.545, stoplimit=0.0, sl=155.345, tp=155.945, deviation=20, type=0, type_filling=0, type_time=0, expiration=0, comment='Phase6_Bot', position=0, position_by=0))"
2025-12-03 15:07:14.216200,USDJPYm,1,BUY,155.507,0.01,20,40,"OrderSendResult(retcode=10044, deal=0, order=2026350913, volume=0.01, price=0.0, bid=0.0, ask=0.0, comment='Phase6_Bot', request_id=1207956584, retcode_external=0, request=TradeRequest(action=1, magic=234000, order=0, symbol='USDJPYm', volume=0.01, price=155.517, stoplimit=0.0, sl=155.317, tp=155.917, deviation=20, type=0, type_filling=0, type_time=0, expiration=0, comment='Phase6_Bot', position=0, position_by=0))"
2025-12-03 15:07:20.056196,USDJPYm,1,BUY,155.51,0.01,20,40,"OrderSendResult(retcode=10044, deal=0, order=2026351720, volume=0.01, price=0.0, bid=0.0, ask=0.0, comment='Phase6_Bot', request_id=1207956585, retcode_external=0, request=TradeRequest(action=1, magic=234000, order=0, symbol='USDJPYm', volume=0.01, price=155.52, stoplimit=0.0, sl=155.32000000000002, tp=155.92000000000002, deviation=20, type=0, type_filling=0, type_time=0, expiration=0, comment='Phase6_Bot', position=0, position_by=0))"
2025-12-03 15:07:20.244494,USDJPYm,1,BUY,155.51,0.01,20,40,"OrderSendResult(retcode=10044, deal=0, order=2026351758, volume=0.01, price=0.0, bid=0.0, ask=0.0, comment='Phase6_Bot', request_id=1207956586, retcode_external=0, request=TradeRequest(action=1, magic=234000, order=0, symbol='USDJPYm', volume=0.01, price=155.52, stoplimit=0.0, sl=155.32000000000002, tp=155.92000000000002, deviation=20, type=0, type_filling=0, type_time=0, expiration=0, comment='Phase6_Bot', position=0, position_by=0))"
2025-12-03 15:07:44.351567,USDJPYm,1,BUY,155.484,0.01,20,40,"OrderSendResult(retcode=10044, deal=0, order=2026355272, volume=0.01, price=0.0, bid=0.0, ask=0.0, comment='Phase6_Bot', request_id=1207956587, retcode_external=0, request=TradeRequest(action=1, magic=234000, order=0, symbol='USDJPYm', volume=0.01, price=155.494, stoplimit=0.0, sl=155.294, tp=155.894, deviation=20, type=0, type_filling=0, type_time=0, expiration=0, comment='Phase6_Bot', position=0, position_by=0))"
2025-12-03 15:07:50.196525,USDJPYm,1,BUY,155.483,0.01,20,40,"OrderSendResult(retcode=10044, deal=0, order=2026356058, volume=0.01, price=0.0, bid=0.0, ask=0.0, comment='Phase6_Bot', request_id=1207956588, retcode_external=0, request=TradeRequest(action=1, magic=234000, order=0, symbol='USDJPYm', volume=0.01, price=155.493, stoplimit=0.0, sl=155.293, tp=155.893, deviation=20, type=0, type_filling=0, type_time=0, expiration=0, comment='Phase6_Bot', position=0, position_by=0))"
2025-12-03 15:07:50.382404,USDJPYm,1,BUY,155.483,0.01,20,40,"OrderSendResult(retcode=10044, deal=0, order=2026356078, volume=0.01, price=0.0, bid=0.0, ask=0.0, comment='Phase6_Bot', request_id=1207956589, retcode_external=0, request=TradeRequest(action=1, magic=234000, order=0, symbol='USDJPYm', volume=0.01, price=155.493, stoplimit=0.0, sl=155.293, tp=155.893, deviation=20, type=0, type_filling=0, type_time=0, expiration=0, comment='Phase6_Bot', position=0, position_by=0))"
2025-12-03 15:08:14.490452,USDJPYm,1,BUY,155.477,0.01,20,40,"OrderSendResult(retcode=10044, deal=0, order=2026359029, volume=0.01, price=0.0, bid=0.0, ask=0.0, comment='Phase6_Bot', request_id=1207956590, retcode_external=0, request=TradeRequest(action=1, magic=234000, order=0, symbol='USDJPYm', volume=0.01, price=155.487, stoplimit=0.0, sl=155.287, tp=155.887, deviation=20, type=0, type_filling=0, type_time=0, expiration=0, comment='Phase6_Bot', position=0, position_by=0))"
2025-12-03 15:08:20.384327,USDJPYm,1,BUY,155.473,0.01,20,40,"OrderSendResult(retcode=10044, deal=0, order=2026359519, volume=0.01, price=0.0, bid=0.0, ask=0.0, comment='Phase6_Bot', request_id=1207956591, retcode_external=0, request=TradeRequest(action=1, magic=234000, order=0, symbol='USDJPYm', volume=0.01, price=155.483, stoplimit=0.0, sl=155.28300000000002, tp=155.883, deviation=20, type=0, type_filling=0, type_time=0, expiration=0, comment='Phase6_Bot', position=0, position_by=0))"
2025-12-03 15:08:20.530828,USDJPYm,1,BUY,155.47,0.01,20,40,"OrderSendResult(retcode=10044, deal=0, order=2026359536, volume=0.01, price=0.0, bid=0.0, ask=0.0, comment='Phase6_Bot', request_id=1207956592, retcode_external=0, request=TradeRequest(action=1, magic=234000, order=0, symbol='USDJPYm', volume=0.01, price=155.48, stoplimit=0.0, sl=155.28, tp=155.88, deviation=20, type=0, type_filling=0, type_time=0, expiration=0, comment='Phase6_Bot', position=0, position_by=0))"
2025-12-03 15:08:44.628636,USDJPYm,1,BUY,155.428,0.01,20,40,"OrderSendResult(retcode=10044, deal=0, order=2026361678, volume=0.01, price=0.0, bid=0.0, ask=0.0, comment='Phase6_Bot', request_id=1207956593, retcode_external=0, request=TradeRequest(action=1, magic=234000, order=0, symbol='USDJPYm', volume=0.01, price=155.438, stoplimit=0.0, sl=155.238, tp=155.838, deviation=20, type=0, type_filling=0, type_time=0, expiration=0, comment='Phase6_Bot', position=0, position_by=0))"
2025-12-03 15:08:50.529623,USDJPYm,1,BUY,155.426,0.01,20,40,"OrderSendResult(retcode=10044, deal=0, order=2026362045, volume=0.01, price=0.0, bid=0.0, ask=0.0, comment='Phase6_Bot', request_id=1207956594, retcode_external=0, request=TradeRequest(action=1, magic=234000, order=0, symbol='USDJPYm', volume=0.01, price=155.436, stoplimit=0.0, sl=155.23600000000002, tp=155.836, deviation=20, type=0, type_filling=0, type_time=0, expiration=0, comment='Phase6_Bot', position=0, position_by=0))"
2025-12-03 15:08:50.697987,USDJPYm,1,BUY,155.435,0.01,20,40,"OrderSendResult(retcode=10044, deal=0, order=2026362062, volume=0.01, price=0.0, bid=0.0, ask=0.0, comment='Phase6_Bot', request_id=1207956595, retcode_external=0, request=TradeRequest(action=1, magic=234000, order=0, symbol='USDJPYm', volume=0.01, price=155.445, stoplimit=0.0, sl=155.245, tp=155.845, deviation=20, type=0, type_filling=0, type_time=0, expiration=0, comment='Phase6_Bot', position=0, position_by=0))"
2025-12-03 15:09:14.763642,USDJPYm,1,BUY,155.417,0.01,20,40,"OrderSendResult(retcode=10044, deal=0, order=2026364746, volume=0.01, price=0.0, bid=0.0, ask=0.0, comment='Phase6_Bot', request_id=1207956596, retcode_external=0, request=TradeRequest(action=1, magic=234000, order=0, symbol='USDJPYm', volume=0.01, price=155.427, stoplimit=0.0, sl=155.227, tp=155.827, deviation=20, type=0, type_filling=0, type_time=0, expiration=0, comment='Phase6_Bot', position=0, position_by=0))"
2025-12-03 15:09:20.701463,USDJPYm,1,BUY,155.404,0.01,20,40,"OrderSendResult(retcode=10044, deal=0, order=2026365279, volume=0.01, price=0.0, bid=0.0, ask=0.0, comment='Phase6_Bot', request_id=1207956597, retcode_external=0, request=TradeRequest(action=1, magic=234000, order=0, symbol='USDJPYm', volume=0.01, price=155.412, stoplimit=0.0, sl=155.21200000000002, tp=155.812, deviation=20, type=0, type_filling=0, type_time=0, expiration=0, comment='Phase6_Bot', position=0, position_by=0))"
2025-12-03 15:09:20.854158,USDJPYm,1,BUY,155.401,0.01,20,40,"OrderSendResult(retcode=10044, deal=0, order=2026365347, volume=0.01, price=0.0, bid=0.0, ask=0.0, comment='Phase6_Bot', request_id=1207956598, retcode_external=0, request=TradeRequest(action=1, magic=234000, order=0, symbol='USDJPYm', volume=0.01, price=155.411, stoplimit=0.0, sl=155.211, tp=155.811, deviation=20, type=0, type_filling=0, type_time=0, expiration=0, comment='Phase6_Bot', position=0, position_by=0))"
2025-12-03 15:09:44.912189,USDJPYm,1,BUY,155.357,0.01,20,40,"OrderSendResult(retcode=10044, deal=0, order=2026368345, volume=0.01, price=0.0, bid=0.0, ask=0.0, comment='Phase6_Bot', request_id=1207956599, retcode_external=0, request=TradeRequest(action=1, magic=234000, order=0, symbol='USDJPYm', volume=0.01, price=155.365, stoplimit=0.0, sl=155.16500000000002, tp=155.76500000000001, deviation=20, type=0, type_filling=0, type_time=0, expiration=0, comment='Phase6_Bot', position=0, position_by=0))"
2025-12-03 15:09:50.861010,USDJPYm,1,BUY,155.359,0.01,20,40,"OrderSendResult(retcode=10044, deal=0, order=2026369029, volume=0.01, price=0.0, bid=0.0, ask=0.0, comment='Phase6_Bot', request_id=1207956600, retcode_external=0, request=TradeRequest(action=1, magic=234000, order=0, symbol='USDJPYm', volume=0.01, price=155.369, stoplimit=0.0, sl=155.169, tp=155.769, deviation=20, type=0, type_filling=0, type_time=0, expiration=0, comment='Phase6_Bot', position=0, position_by=0))"
2025-12-03 15:09:51.005946,USDJPYm,1,BUY,155.359,0.01,20,40,"OrderSendResult(retcode=10044, deal=0, order=2026369047, volume=0.01, price=0.0, bid=0.0, ask=0.0, comment='Phase6_Bot', request_id=1207956601, retcode_external=0, request=TradeRequest(action=1, magic=234000, order=0, symbol='USDJPYm', volume=0.01, price=155.369, stoplimit=0.0, sl=155.169, tp=155.769, deviation=20, type=0, type_filling=0, type_time=0, expiration=0, comment='Phase6_Bot', position=0, position_by=0))"
2025-12-03 15:10:15.044795,USDJPYm,0,,155.331
2025-12-03 15:10:20.995984,USDJPYm,0,,155.326
2025-12-03 15:10:21.152592,USDJPYm,0,,155.326
2025-12-03 15:10:45.058963,USDJPYm,0,,155.302
2025-12-03 15:10:51.012954,USDJPYm,0,,155.303
2025-12-03 15:10:51.170924,USDJPYm,0,,155.303
2025-12-03 15:11:15.079483,USDJPYm,1,BUY,155.424,0.01,20,40,"OrderSendResult(retcode=10044, deal=0, order=2026380693, volume=0.01, price=0.0, bid=0.0, ask=0.0, comment='Phase6_Bot', request_id=1207956602, retcode_external=0, request=TradeRequest(action=1, magic=234000, order=0, symbol='USDJPYm', volume=0.01, price=155.434, stoplimit=0.0, sl=155.234, tp=155.834, deviation=20, type=0, type_filling=0, type_time=0, expiration=0, comment='Phase6_Bot', position=0, position_by=0))"
2025-12-03 15:11:21.029364,USDJPYm,1,BUY,155.395,0.01,20,40,"OrderSendResult(retcode=10044, deal=0, order=2026381791, volume=0.01, price=0.0, bid=0.0, ask=0.0, comment='Phase6_Bot', request_id=1207956603, retcode_external=0, request=TradeRequest(action=1, magic=234000, order=0, symbol='USDJPYm', volume=0.01, price=155.405, stoplimit=0.0, sl=155.205, tp=155.805, deviation=20, type=0, type_filling=0, type_time=0, expiration=0, comment='Phase6_Bot', position=0, position_by=0))"
2025-12-03 15:11:21.191317,USDJPYm,1,BUY,155.388,0.01,20,40,"OrderSendResult(retcode=10044, deal=0, order=2026381803, volume=0.01, price=0.0, bid=0.0, ask=0.0, comment='Phase6_Bot', request_id=1207956604, retcode_external=0, request=TradeRequest(action=1, magic=234000, order=0, symbol='USDJPYm', volume=0.01, price=155.398, stoplimit=0.0, sl=155.198, tp=155.798, deviation=20, type=0, type_filling=0, type_time=0, expiration=0, comment='Phase6_Bot', position=0, position_by=0))"
2025-12-03 15:11:45.233009,USDJPYm,0,,155.375
2025-12-03 15:11:51.176795,USDJPYm,1,BUY,155.389,0.01,20,40,"OrderSendResult(retcode=10044, deal=0, order=2026384380, volume=0.01, price=0.0, bid=0.0, ask=0.0, comment='Phase6_Bot', request_id=1207956605, retcode_external=0, request=TradeRequest(action=1, magic=234000, order=0, symbol='USDJPYm', volume=0.01, price=155.399, stoplimit=0.0, sl=155.199, tp=155.799, deviation=20, type=0, type_filling=0, type_time=0, expiration=0, comment='Phase6_Bot', position=0, position_by=0))"
2025-12-03 15:11:51.338289,USDJPYm,1,BUY,155.389,0.01,20,40,"OrderSendResult(retcode=10044, deal=0, order=2026384390, volume=0.01, price=0.0, bid=0.0, ask=0.0, comment='Phase6_Bot', request_id=1207956606, retcode_external=0, request=TradeRequest(action=1, magic=234000, order=0, symbol='USDJPYm', volume=0.01, price=155.399, stoplimit=0.0, sl=155.199, tp=155.799, deviation=20, type=0, type_filling=0, type_time=0, expiration=0, comment='Phase6_Bot', position=0, position_by=0))"
2025-12-03 15:12:15.254732,USDJPYm,0,,155.314
2025-12-03 15:12:21.329477,USDJPYm,0,,155.317
2025-12-03 15:12:21.472985,USDJPYm,0,,155.317
2025-12-03 15:15:59.360346,USDJPYm,-1,SELL,155.366,0.01,20,40,"OrderSendResult(retcode=10044, deal=0, order=2026408980, volume=0.01, price=0.0, bid=0.0, ask=0.0, comment='Phase6_Bot', request_id=1207956607, retcode_external=0, request=TradeRequest(action=1, magic=234000, order=0, symbol='USDJPYm', volume=0.01, price=155.366, stoplimit=0.0, sl=155.566, tp=154.966, deviation=20, type=1, type_filling=0, type_time=0, expiration=0, comment='Phase6_Bot', position=0, position_by=0))"
2025-12-03 15:16:29.505970,USDJPYm,1,BUY,155.413,0.01,20,40,"OrderSendResult(retcode=10044, deal=0, order=2026411981, volume=0.01, price=0.0, bid=0.0, ask=0.0, comment='Phase6_Bot', request_id=1207956608, retcode_external=0, request=TradeRequest(action=1, magic=234000, order=0, symbol='USDJPYm', volume=0.01, price=155.423, stoplimit=0.0, sl=155.223, tp=155.823, deviation=20, type=0, type_filling=0, type_time=0, expiration=0, comment='Phase6_Bot', position=0, position_by=0))"
2025-12-03 15:16:59.658149,USDJPYm,1,BUY,155.423,0.01,20,40,"OrderSendResult(retcode=10044, deal=0, order=2026415704, volume=0.01, price=0.0, bid=0.0, ask=0.0, comment='Phase6_Bot', request_id=1207956609, retcode_external=0, request=TradeRequest(action=1, magic=234000, order=0, symbol='USDJPYm', volume=0.01, price=155.433, stoplimit=0.0, sl=155.233, tp=155.833, deviation=20, type=0, type_filling=0, type_time=0, expiration=0, comment='Phase6_Bot', position=0, position_by=0))"
2025-12-03 15:17:29.793415,USDJPYm,1,BUY,155.416,0.01,20,40,"OrderSendResult(retcode=10044, deal=0, order=2026419606, volume=0.01, price=0.0, bid=0.0, ask=0.0, comment='Phase6_Bot', request_id=1207956610, retcode_external=0, request=TradeRequest(action=1, magic=234000, order=0, symbol='USDJPYm', volume=0.01, price=155.426, stoplimit=0.0, sl=155.226, tp=155.826, deviation=20, type=0, type_filling=0, type_time=0, expiration=0, comment='Phase6_Bot', position=0, position_by=0))"
2025-12-03 15:17:59.966416,USDJPYm,1,BUY,155.409,0.01,20,40,"OrderSendResult(retcode=10044, deal=0, order=2026422276, volume=0.01, price=0.0, bid=0.0, ask=0.0, comment='Phase6_Bot', request_id=1207956611, retcode_external=0, request=TradeRequest(action=1, magic=234000, order=0, symbol='USDJPYm', volume=0.01, price=155.419, stoplimit=0.0, sl=155.21900000000002, tp=155.81900000000002, deviation=20, type=0, type_filling=0, type_time=0, expiration=0, comment='Phase6_Bot', position=0, position_by=0))"
2025-12-03 15:18:30.112184,USDJPYm,1,BUY,155.422,0.01,20,40,"OrderSendResult(retcode=10044, deal=0, order=2026425726, volume=0.01, price=0.0, bid=0.0, ask=0.0, comment='Phase6_Bot', request_id=1207956612, retcode_external=0, request=TradeRequest(action=1, magic=234000, order=0, symbol='USDJPYm', volume=0.01, price=155.432, stoplimit=0.0, sl=155.232, tp=155.832, deviation=20, type=0, type_filling=0, type_time=0, expiration=0, comment='Phase6_Bot', position=0, position_by=0))"
2025-12-03 15:19:00.338568,USDJPYm,1,BUY,155.417,0.01,20,40,"OrderSendResult(retcode=10044, deal=0, order=2026428006, volume=0.01, price=0.0, bid=0.0, ask=0.0, comment='Phase6_Bot', request_id=1207956613, retcode_external=0, request=TradeRequest(action=1, magic=234000, order=0, symbol='USDJPYm', volume=0.01, price=155.427, stoplimit=0.0, sl=155.227, tp=155.827, deviation=20, type=0, type_filling=0, type_time=0, expiration=0, comment='Phase6_Bot', position=0, position_by=0))"
2025-12-03 15:20:13.425364,USDJPYm,-1,SELL,155.362,0.01,20,40,"OrderSendResult(retcode=10031, deal=0, order=0, volume=0.0, price=0.0, bid=0.0, ask=0.0, comment='Request rejected due to absence of network connection', request_id=1207956614, retcode_external=0, request=TradeRequest(action=1, magic=234000, order=0, symbol='USDJPYm', volume=0.01, price=155.359, stoplimit=0.0, sl=155.559, tp=154.959, deviation=20, type=1, type_filling=0, type_time=0, expiration=0, comment='Phase6_Bot', position=0, position_by=0))"
2025-12-03 15:21:02.788106,USDJPYm,-1,SELL,155.295,0.01,20,40,"OrderSendResult(retcode=10044, deal=0, order=2026439122, volume=0.01, price=0.0, bid=0.0, ask=0.0, comment='Phase6_Bot', request_id=1207956615, retcode_external=0, request=TradeRequest(action=1, magic=234000, order=0, symbol='USDJPYm', volume=0.01, price=155.295, stoplimit=0.0, sl=155.49499999999998, tp=154.89499999999998, deviation=20, type=1, type_filling=0, type_time=0, expiration=0, comment='Phase6_Bot', position=0, position_by=0))"
2025-12-03 15:21:32.929158,USDJPYm,-1,SELL,155.316,0.01,20,40,"OrderSendResult(retcode=10044, deal=0, order=2026441656, volume=0.01, price=0.0, bid=0.0, ask=0.0, comment='Phase6_Bot', request_id=1207956616, retcode_external=0, request=TradeRequest(action=1, magic=234000, order=0, symbol='USDJPYm', volume=0.01, price=155.316, stoplimit=0.0, sl=155.516, tp=154.916, deviation=20, type=1, type_filling=0, type_time=0, expiration=0, comment='Phase6_Bot', position=0, position_by=0))"
2025-12-03 15:22:03.183320,USDJPYm,-1,SELL,155.324,0.01,20,40,"OrderSendResult(retcode=10044, deal=0, order=2026443968, volume=0.01, price=0.0, bid=0.0, ask=0.0, comment='Phase6_Bot', request_id=1207956617, retcode_external=0, request=TradeRequest(action=1, magic=234000, order=0, symbol='USDJPYm', volume=0.01, price=155.324, stoplimit=0.0, sl=155.524, tp=154.924, deviation=20, type=1, type_filling=0, type_time=0, expiration=0, comment='Phase6_Bot', position=0, position_by=0))"
2025-12-03 15:22:33.355513,USDJPYm,-1,SELL,155.304,0.01,20,40,"OrderSendResult(retcode=10044, deal=0, order=2026446501, volume=0.01, price=0.0, bid=0.0, ask=0.0, comment='Phase6_Bot', request_id=1207956618, retcode_external=0, request=TradeRequest(action=1, magic=234000, order=0, symbol='USDJPYm', volume=0.01, price=155.304, stoplimit=0.0, sl=155.504, tp=154.904, deviation=20, type=1, type_filling=0, type_time=0, expiration=0, comment='Phase6_Bot', position=0, position_by=0))"
2025-12-03 15:23:03.488857,USDJPYm,-1,SELL,155.29,0.01,20,40,"OrderSendResult(retcode=10044, deal=0, order=2026449229, volume=0.01, price=0.0, bid=0.0, ask=0.0, comment='Phase6_Bot', request_id=1207956619, retcode_external=0, request=TradeRequest(action=1, magic=234000, order=0, symbol='USDJPYm', volume=0.01, price=155.29, stoplimit=0.0, sl=155.48999999999998, tp=154.89, deviation=20, type=1, type_filling=0, type_time=0, expiration=0, comment='Phase6_Bot', position=0, position_by=0))"
2025-12-03 15:23:33.642882,USDJPYm,-1,SELL,155.279,0.01,20,40,"OrderSendResult(retcode=10044, deal=0, order=2026451471, volume=0.01, price=0.0, bid=0.0, ask=0.0, comment='Phase6_Bot', request_id=1207956620, retcode_external=0, request=TradeRequest(action=1, magic=234000, order=0, symbol='USDJPYm', volume=0.01, price=155.279, stoplimit=0.0, sl=155.47899999999998, tp=154.879, deviation=20, type=1, type_filling=0, type_time=0, expiration=0, comment='Phase6_Bot', position=0, position_by=0))"
2025-12-03 15:24:03.796400,USDJPYm,-1,SELL,155.25,0.01,20,40,"OrderSendResult(retcode=10044, deal=0, order=2026453943, volume=0.01, price=0.0, bid=0.0, ask=0.0, comment='Phase6_Bot', request_id=1207956621, retcode_external=0, request=TradeRequest(action=1, magic=234000, order=0, symbol='USDJPYm', volume=0.01, price=155.25, stoplimit=0.0, sl=155.45, tp=154.85, deviation=20, type=1, type_filling=0, type_time=0, expiration=0, comment='Phase6_Bot', position=0, position_by=0))"
2025-12-03 15:24:33.957643,USDJPYm,-1,SELL,155.253,0.01,20,40,"OrderSendResult(retcode=10044, deal=0, order=2026456729, volume=0.01, price=0.0, bid=0.0, ask=0.0, comment='Phase6_Bot', request_id=1207956622, retcode_external=0, request=TradeRequest(action=1, magic=234000, order=0, symbol='USDJPYm', volume=0.01, price=155.253, stoplimit=0.0, sl=155.45299999999997, tp=154.85299999999998, deviation=20, type=1, type_filling=0, type_time=0, expiration=0, comment='Phase6_Bot', position=0, position_by=0))"
2025-12-03 15:25:04.194441,USDJPYm,-1,SELL,155.256,0.01,20,40,"OrderSendResult(retcode=10044, deal=0, order=2026458810, volume=0.01, price=0.0, bid=0.0, ask=0.0, comment='Phase6_Bot', request_id=1207956623, retcode_external=0, request=TradeRequest(action=1, magic=234000, order=0, symbol='USDJPYm', volume=0.01, price=155.256, stoplimit=0.0, sl=155.456, tp=154.856, deviation=20, type=1, type_filling=0, type_time=0, expiration=0, comment='Phase6_Bot', position=0, position_by=0))"
2025-12-03 15:25:34.333264,USDJPYm,-1,SELL,155.241,0.01,20,40,"OrderSendResult(retcode=10044, deal=0, order=2026461047, volume=0.01, price=0.0, bid=0.0, ask=0.0, comment='Phase6_Bot', request_id=1207956624, retcode_external=0, request=TradeRequest(action=1, magic=234000, order=0, symbol='USDJPYm', volume=0.01, price=155.241, stoplimit=0.0, sl=155.441, tp=154.841, deviation=20, type=1, type_filling=0, type_time=0, expiration=0, comment='Phase6_Bot', position=0, position_by=0))"
2025-12-03 15:26:04.479268,USDJPYm,-1,SELL,155.25,0.01,20,40,"OrderSendResult(retcode=10044, deal=0, order=2026463889, volume=0.01, price=0.0, bid=0.0, ask=0.0, comment='Phase6_Bot', request_id=1207956625, retcode_external=0, request=TradeRequest(action=1, magic=234000, order=0, symbol='USDJPYm', volume=0.01, price=155.25, stoplimit=0.0, sl=155.45, tp=154.85, deviation=20, type=1, type_filling=0, type_time=0, expiration=0, comment='Phase6_Bot', position=0, position_by=0))"
2025-12-03 15:26:34.647813,USDJPYm,-1,SELL,155.245,0.01,20,40,"OrderSendResult(retcode=10044, deal=0, order=2026466192, volume=0.01, price=0.0, bid=0.0, ask=0.0, comment='Phase6_Bot', request_id=1207956626, retcode_external=0, request=TradeRequest(action=1, magic=234000, order=0, symbol='USDJPYm', volume=0.01, price=155.245, stoplimit=0.0, sl=155.445, tp=154.845, deviation=20, type=1, type_filling=0, type_time=0, expiration=0, comment='Phase6_Bot', position=0, position_by=0))"
2025-12-03 15:27:04.834621,USDJPYm,-1,SELL,155.24,0.01,20,40,"OrderSendResult(retcode=10044, deal=0, order=2026468307, volume=0.01, price=0.0, bid=0.0, ask=0.0, comment='Phase6_Bot', request_id=1207956627, retcode_external=0, request=TradeRequest(action=1, magic=234000, order=0, symbol='USDJPYm', volume=0.01, price=155.24, stoplimit=0.0, sl=155.44, tp=154.84, deviation=20, type=1, type_filling=0, type_time=0, expiration=0, comment='Phase6_Bot', position=0, position_by=0))"
2025-12-03 15:27:35.082310,USDJPYm,-1,SELL,155.264,0.01,20,40,"OrderSendResult(retcode=10044, deal=0, order=2026470354, volume=0.01, price=0.0, bid=0.0, ask=0.0, comment='Phase6_Bot', request_id=1207956628, retcode_external=0, request=TradeRequest(action=1, magic=234000, order=0, symbol='USDJPYm', volume=0.01, price=155.264, stoplimit=0.0, sl=155.464, tp=154.864, deviation=20, type=1, type_filling=0, type_time=0, expiration=0, comment='Phase6_Bot', position=0, position_by=0))"
2025-12-03 15:28:05.233747,USDJPYm,-1,SELL,155.282,0.01,20,40,"OrderSendResult(retcode=10044, deal=0, order=2026472573, volume=0.01, price=0.0, bid=0.0, ask=0.0, comment='Phase6_Bot', request_id=1207956629, retcode_external=0, request=TradeRequest(action=1, magic=234000, order=0, symbol='USDJPYm', volume=0.01, price=155.282, stoplimit=0.0, sl=155.482, tp=154.882, deviation=20, type=1, type_filling=0, type_time=0, expiration=0, comment='Phase6_Bot', position=0, position_by=0))"
2025-12-03 15:28:35.383459,USDJPYm,-1,SELL,155.269,0.01,20,40,"OrderSendResult(retcode=10044, deal=0, order=2026474651, volume=0.01, price=0.0, bid=0.0, ask=0.0, comment='Phase6_Bot', request_id=1207956630, retcode_external=0, request=TradeRequest(action=1, magic=234000, order=0, symbol='USDJPYm', volume=0.01, price=155.269, stoplimit=0.0, sl=155.469, tp=154.869, deviation=20, type=1, type_filling=0, type_time=0, expiration=0, comment='Phase6_Bot', position=0, position_by=0))"
2025-12-03 15:29:05.551381,USDJPYm,-1,SELL,155.263,0.01,20,40,"OrderSendResult(retcode=10044, deal=0, order=2026476243, volume=0.01, price=0.0, bid=0.0, ask=0.0, comment='Phase6_Bot', request_id=1207956631, retcode_external=0, request=TradeRequest(action=1, magic=234000, order=0, symbol='USDJPYm', volume=0.01, price=155.263, stoplimit=0.0, sl=155.463, tp=154.863, deviation=20, type=1, type_filling=0, type_time=0, expiration=0, comment='Phase6_Bot', position=0, position_by=0))"
2025-12-03 15:29:35.687127,USDJPYm,-1,SELL,155.278,0.01,20,40,"OrderSendResult(retcode=10044, deal=0, order=2026478164, volume=0.01, price=0.0, bid=0.0, ask=0.0, comment='Phase6_Bot', request_id=1207956632, retcode_external=0, request=TradeRequest(action=1, magic=234000, order=0, symbol='USDJPYm', volume=0.01, price=155.278, stoplimit=0.0, sl=155.47799999999998, tp=154.878, deviation=20, type=1, type_filling=0, type_time=0, expiration=0, comment='Phase6_Bot', position=0, position_by=0))"
2025-12-03 15:30:05.831285,USDJPYm,-1,SELL,155.254,0.01,20,40,"OrderSendResult(retcode=10044, deal=0, order=2026480109, volume=0.01, price=0.0, bid=0.0, ask=0.0, comment='Phase6_Bot', request_id=1207956633, retcode_external=0, request=TradeRequest(action=1, magic=234000, order=0, symbol='USDJPYm', volume=0.01, price=155.254, stoplimit=0.0, sl=155.45399999999998, tp=154.85399999999998, deviation=20, type=1, type_filling=0, type_time=0, expiration=0, comment='Phase6_Bot', position=0, position_by=0))"
2025-12-03 15:30:35.991617,USDJPYm,-1,SELL,155.272,0.01,20,40,"OrderSendResult(retcode=10044, deal=0, order=2026482246, volume=0.01, price=0.0, bid=0.0, ask=0.0, comment='Phase6_Bot', request_id=1207956634, retcode_external=0, request=TradeRequest(action=1, magic=234000, order=0, symbol='USDJPYm', volume=0.01, price=155.272, stoplimit=0.0, sl=155.47199999999998, tp=154.87199999999999, deviation=20, type=1, type_filling=0, type_time=0, expiration=0, comment='Phase6_Bot', position=0, position_by=0))"
2025-12-03 15:31:06.174262,USDJPYm,-1,SELL,155.239,0.01,20,40,"OrderSendResult(retcode=10044, deal=0, order=2026484727, volume=0.01, price=0.0, bid=0.0, ask=0.0, comment='Phase6_Bot', request_id=1207956635, retcode_external=0, request=TradeRequest(action=1, magic=234000, order=0, symbol='USDJPYm', volume=0.01, price=155.239, stoplimit=0.0, sl=155.439, tp=154.839, deviation=20, type=1, type_filling=0, type_time=0, expiration=0, comment='Phase6_Bot', position=0, position_by=0))"
2025-12-03 15:31:36.323515,USDJPYm,-1,SELL,155.246,0.01,20,40,"OrderSendResult(retcode=10044, deal=0, order=2026486579, volume=0.01, price=0.0, bid=0.0, ask=0.0, comment='Phase6_Bot', request_id=1207956636, retcode_external=0, request=TradeRequest(action=1, magic=234000, order=0, symbol='USDJPYm', volume=0.01, price=155.246, stoplimit=0.0, sl=155.446, tp=154.846, deviation=20, type=1, type_filling=0, type_time=0, expiration=0, comment='Phase6_Bot', position=0, position_by=0))"
2025-12-03 15:32:06.458852,USDJPYm,-1,SELL,155.227,0.01,20,40,"OrderSendResult(retcode=10044, deal=0, order=2026489631, volume=0.01, price=0.0, bid=0.0, ask=0.0, comment='Phase6_Bot', request_id=1207956637, retcode_external=0, request=TradeRequest(action=1, magic=234000, order=0, symbol='USDJPYm', volume=0.01, price=155.227, stoplimit=0.0, sl=155.427, tp=154.827, deviation=20, type=1, type_filling=0, type_time=0, expiration=0, comment='Phase6_Bot', position=0, position_by=0))"
2025-12-03 15:32:36.603881,USDJPYm,-1,SELL,155.231,0.01,20,40,"OrderSendResult(retcode=10044, deal=0, order=2026491902, volume=0.01, price=0.0, bid=0.0, ask=0.0, comment='Phase6_Bot', request_id=1207956638, retcode_external=0, request=TradeRequest(action=1, magic=234000, order=0, symbol='USDJPYm', volume=0.01, price=155.231, stoplimit=0.0, sl=155.43099999999998, tp=154.831, deviation=20, type=1, type_filling=0, type_time=0, expiration=0, comment='Phase6_Bot', position=0, position_by=0))"
2025-12-03 15:33:06.751749,USDJPYm,-1,SELL,155.269,0.01,20,40,"OrderSendResult(retcode=10044, deal=0, order=2026495087, volume=0.01, price=0.0, bid=0.0, ask=0.0, comment='Phase6_Bot', request_id=1207956639, retcode_external=0, request=TradeRequest(action=1, magic=234000, order=0, symbol='USDJPYm', volume=0.01, price=155.269, stoplimit=0.0, sl=155.469, tp=154.869, deviation=20, type=1, type_filling=0, type_time=0, expiration=0, comment='Phase6_Bot', position=0, position_by=0))"
2025-12-03 15:33:36.904422,USDJPYm,-1,SELL,155.286,0.01,20,40,"OrderSendResult(retcode=10044, deal=0, order=2026499697, volume=0.01, price=0.0, bid=0.0, ask=0.0, comment='Phase6_Bot', request_id=1207956640, retcode_external=0, request=TradeRequest(action=1, magic=234000, order=0, symbol='USDJPYm', volume=0.01, price=155.286, stoplimit=0.0, sl=155.486, tp=154.886, deviation=20, type=1, type_filling=0, type_time=0, expiration=0, comment='Phase6_Bot', position=0, position_by=0))"
2025-12-03 15:34:07.077925,USDJPYm,-1,SELL,155.307,0.01,20,40,"OrderSendResult(retcode=10044, deal=0, order=2026502119, volume=0.01, price=0.0, bid=0.0, ask=0.0, comment='Phase6_Bot', request_id=1207956641, retcode_external=0, request=TradeRequest(action=1, magic=234000, order=0, symbol='USDJPYm', volume=0.01, price=155.307, stoplimit=0.0, sl=155.50699999999998, tp=154.90699999999998, deviation=20, type=1, type_filling=0, type_time=0, expiration=0, comment='Phase6_Bot', position=0, position_by=0))"
2025-12-03 15:34:37.219923,USDJPYm,-1,SELL,155.302,0.01,20,40,"OrderSendResult(retcode=10044, deal=0, order=2026505709, volume=0.01, price=0.0, bid=0.0, ask=0.0, comment='Phase6_Bot', request_id=1207956642, retcode_external=0, request=TradeRequest(action=1, magic=234000, order=0, symbol='USDJPYm', volume=0.01, price=155.302, stoplimit=0.0, sl=155.50199999999998, tp=154.902, deviation=20, type=1, type_filling=0, type_time=0, expiration=0, comment='Phase6_Bot', position=0, position_by=0))"
2025-12-03 15:35:07.358387,USDJPYm,-1,SELL,155.364,0.01,20,40,"OrderSendResult(retcode=10044, deal=0, order=2026509455, volume=0.01, price=0.0, bid=0.0, ask=0.0, comment='Phase6_Bot', request_id=1207956643, retcode_external=0, request=TradeRequest(action=1, magic=234000, order=0, symbol='USDJPYm', volume=0.01, price=155.364, stoplimit=0.0, sl=155.564, tp=154.964, deviation=20, type=1, type_filling=0, type_time=0, expiration=0, comment='Phase6_Bot', position=0, position_by=0))"
2025-12-03 15:35:37.503217,USDJPYm,-1,SELL,155.378,0.01,20,40,"OrderSendResult(retcode=10044, deal=0, order=2026512197, volume=0.01, price=0.0, bid=0.0, ask=0.0, comment='Phase6_Bot', request_id=1207956644, retcode_external=0, request=TradeRequest(action=1, magic=234000, order=0, symbol='USDJPYm', volume=0.01, price=155.378, stoplimit=0.0, sl=155.57799999999997, tp=154.97799999999998, deviation=20, type=1, type_filling=0, type_time=0, expiration=0, comment='Phase6_Bot', position=0, position_by=0))"
2025-12-03 15:36:07.746944,USDJPYm,-1,SELL,155.362,0.01,20,40,"OrderSendResult(retcode=10044, deal=0, order=2026514122, volume=0.01, price=0.0, bid=0.0, ask=0.0, comment='Phase6_Bot', request_id=1207956645, retcode_external=0, request=TradeRequest(action=1, magic=234000, order=0, symbol='USDJPYm', volume=0.01, price=155.362, stoplimit=0.0, sl=155.56199999999998, tp=154.962, deviation=20, type=1, type_filling=0, type_time=0, expiration=0, comment='Phase6_Bot', position=0, position_by=0))"
2025-12-03 15:36:37.904557,USDJPYm,-1,SELL,155.385,0.01,20,40,"OrderSendResult(retcode=10044, deal=0, order=2026516545, volume=0.01, price=0.0, bid=0.0, ask=0.0, comment='Phase6_Bot', request_id=1207956646, retcode_external=0, request=TradeRequest(action=1, magic=234000, order=0, symbol='USDJPYm', volume=0.01, price=155.385, stoplimit=0.0, sl=155.58499999999998, tp=154.98499999999999, deviation=20, type=1, type_filling=0, type_time=0, expiration=0, comment='Phase6_Bot', position=0, position_by=0))"
2025-12-03 15:37:08.058356,USDJPYm,-1,SELL,155.401,0.01,20,40,"OrderSendResult(retcode=10044, deal=0, order=2026518696, volume=0.01, price=0.0, bid=0.0, ask=0.0, comment='Phase6_Bot', request_id=1207956647, retcode_external=0, request=TradeRequest(action=1, magic=234000, order=0, symbol='USDJPYm', volume=0.01, price=155.401, stoplimit=0.0, sl=155.601, tp=155.001, deviation=20, type=1, type_filling=0, type_time=0, expiration=0, comment='Phase6_Bot', position=0, position_by=0))"
2025-12-03 15:37:38.225964,USDJPYm,-1,SELL,155.413,0.01,20,40,"OrderSendResult(retcode=10044, deal=0, order=2026521042, volume=0.01, price=0.0, bid=0.0, ask=0.0, comment='Phase6_Bot', request_id=1207956648, retcode_external=0, request=TradeRequest(action=1, magic=234000, order=0, symbol='USDJPYm', volume=0.01, price=155.413, stoplimit=0.0, sl=155.613, tp=155.013, deviation=20, type=1, type_filling=0, type_time=0, expiration=0, comment='Phase6_Bot', position=0, position_by=0))"
2025-12-03 15:38:08.398425,USDJPYm,-1,SELL,155.424,0.01,20,40,"OrderSendResult(retcode=10044, deal=0, order=2026524224, volume=0.01, price=0.0, bid=0.0, ask=0.0, comment='Phase6_Bot', request_id=1207956649, retcode_external=0, request=TradeRequest(action=1, magic=234000, order=0, symbol='USDJPYm', volume=0.01, price=155.424, stoplimit=0.0, sl=155.624, tp=155.024, deviation=20, type=1, type_filling=0, type_time=0, expiration=0, comment='Phase6_Bot', position=0, position_by=0))"
2025-12-03 15:38:38.542753,USDJPYm,-1,SELL,155.426,0.01,20,40,"OrderSendResult(retcode=10044, deal=0, order=2026526817, volume=0.01, price=0.0, bid=0.0, ask=0.0, comment='Phase6_Bot', request_id=1207956650, retcode_external=0, request=TradeRequest(action=1, magic=234000, order=0, symbol='USDJPYm', volume=0.01, price=155.426, stoplimit=0.0, sl=155.62599999999998, tp=155.02599999999998, deviation=20, type=1, type_filling=0, type_time=0, expiration=0, comment='Phase6_Bot', position=0, position_by=0))"
2025-12-03 15:39:08.678953,USDJPYm,-1,SELL,155.416,0.01,20,40,"OrderSendResult(retcode=10044, deal=0, order=2026528936, volume=0.01, price=0.0, bid=0.0, ask=0.0, comment='Phase6_Bot', request_id=1207956651, retcode_external=0, request=TradeRequest(action=1, magic=234000, order=0, symbol='USDJPYm', volume=0.01, price=155.416, stoplimit=0.0, sl=155.61599999999999, tp=155.016, deviation=20, type=1, type_filling=0, type_time=0, expiration=0, comment='Phase6_Bot', position=0, position_by=0))"
2025-12-03 15:39:38.857532,USDJPYm,-1,SELL,155.385,0.01,20,40,"OrderSendResult(retcode=10044, deal=0, order=2026532102, volume=0.01, price=0.0, bid=0.0, ask=0.0, comment='Phase6_Bot', request_id=1207956652, retcode_external=0, request=TradeRequest(action=1, magic=234000, order=0, symbol='USDJPYm', volume=0.01, price=155.385, stoplimit=0.0, sl=155.58499999999998, tp=154.98499999999999, deviation=20, type=1, type_filling=0, type_time=0, expiration=0, comment='Phase6_Bot', position=0, position_by=0))"
2025-12-03 15:40:09.014306,USDJPYm,-1,SELL,155.401,0.01,20,40,"OrderSendResult(retcode=10044, deal=0, order=2026534836, volume=0.01, price=0.0, bid=0.0, ask=0.0, comment='Phase6_Bot', request_id=1207956653, retcode_external=0, request=TradeRequest(action=1, magic=234000, order=0, symbol='USDJPYm', volume=0.01, price=155.401, stoplimit=0.0, sl=155.601, tp=155.001, deviation=20, type=1, type_filling=0, type_time=0, expiration=0, comment='Phase6_Bot', position=0, position_by=0))"
2025-12-03 15:40:39.163767,USDJPYm,-1,SELL,155.399,0.01,20,40,"OrderSendResult(retcode=10044, deal=0, order=2026537350, volume=0.01, price=0.0, bid=0.0, ask=0.0, comment='Phase6_Bot', request_id=1207956654, retcode_external=0, request=TradeRequest(action=1, magic=234000, order=0, symbol='USDJPYm', volume=0.01, price=155.399, stoplimit=0.0, sl=155.599, tp=154.999, deviation=20, type=1, type_filling=0, type_time=0, expiration=0, comment='Phase6_Bot', position=0, position_by=0))"
2025-12-03 15:41:09.335896,USDJPYm,-1,SELL,155.384,0.01,20,40,"OrderSendResult(retcode=10044, deal=0, order=2026540117, volume=0.01, price=0.0, bid=0.0, ask=0.0, comment='Phase6_Bot', request_id=1207956655, retcode_external=0, request=TradeRequest(action=1, magic=234000, order=0, symbol='USDJPYm', volume=0.01, price=155.384, stoplimit=0.0, sl=155.58399999999997, tp=154.98399999999998, deviation=20, type=1, type_filling=0, type_time=0, expiration=0, comment='Phase6_Bot', position=0, position_by=0))"
2025-12-03 15:41:39.501010,USDJPYm,-1,SELL,155.349,0.01,20,40,"OrderSendResult(retcode=10044, deal=0, order=2026542893, volume=0.01, price=0.0, bid=0.0, ask=0.0, comment='Phase6_Bot', request_id=1207956656, retcode_external=0, request=TradeRequest(action=1, magic=234000, order=0, symbol='USDJPYm', volume=0.01, price=155.349, stoplimit=0.0, sl=155.54899999999998, tp=154.94899999999998, deviation=20, type=1, type_filling=0, type_time=0, expiration=0, comment='Phase6_Bot', position=0, position_by=0))"
2025-12-03 15:42:09.643782,USDJPYm,-1,SELL,155.338,0.01,20,40,"OrderSendResult(retcode=10044, deal=0, order=2026544814, volume=0.01, price=0.0, bid=0.0, ask=0.0, comment='Phase6_Bot', request_id=1207956657, retcode_external=0, request=TradeRequest(action=1, magic=234000, order=0, symbol='USDJPYm', volume=0.01, price=155.338, stoplimit=0.0, sl=155.53799999999998, tp=154.938, deviation=20, type=1, type_filling=0, type_time=0, expiration=0, comment='Phase6_Bot', position=0, position_by=0))"
2025-12-03 15:42:39.778105,USDJPYm,-1,SELL,155.346,0.01,20,40,"OrderSendResult(retcode=10044, deal=0, order=2026547104, volume=0.01, price=0.0, bid=0.0, ask=0.0, comment='Phase6_Bot', request_id=1207956658, retcode_external=0, request=TradeRequest(action=1, magic=234000, order=0, symbol='USDJPYm', volume=0.01, price=155.346, stoplimit=0.0, sl=155.546, tp=154.946, deviation=20, type=1, type_filling=0, type_time=0, expiration=0, comment='Phase6_Bot', position=0, position_by=0))"
2025-12-03 15:43:09.939396,USDJPYm,-1,SELL,155.375,0.01,20,40,"OrderSendResult(retcode=10044, deal=0, order=2026549541, volume=0.01, price=0.0, bid=0.0, ask=0.0, comment='Phase6_Bot', request_id=1207956659, retcode_external=0, request=TradeRequest(action=1, magic=234000, order=0, symbol='USDJPYm', volume=0.01, price=155.375, stoplimit=0.0, sl=155.575, tp=154.975, deviation=20, type=1, type_filling=0, type_time=0, expiration=0, comment='Phase6_Bot', position=0, position_by=0))"
2025-12-03 15:43:40.108187,USDJPYm,-1,SELL,155.368,0.01,20,40,"OrderSendResult(retcode=10044, deal=0, order=2026552500, volume=0.01, price=0.0, bid=0.0, ask=0.0, comment='Phase6_Bot', request_id=1207956660, retcode_external=0, request=TradeRequest(action=1, magic=234000, order=0, symbol='USDJPYm', volume=0.01, price=155.368, stoplimit=0.0, sl=155.56799999999998, tp=154.968, deviation=20, type=1, type_filling=0, type_time=0, expiration=0, comment='Phase6_Bot', position=0, position_by=0))"
2025-12-03 15:44:10.255326,USDJPYm,-1,SELL,155.381,0.01,20,40,"OrderSendResult(retcode=10044, deal=0, order=2026555206, volume=0.01, price=0.0, bid=0.0, ask=0.0, comment='Phase6_Bot', request_id=1207956661, retcode_external=0, request=TradeRequest(action=1, magic=234000, order=0, symbol='USDJPYm', volume=0.01, price=155.381, stoplimit=0.0, sl=155.581, tp=154.981, deviation=20, type=1, type_filling=0, type_time=0, expiration=0, comment='Phase6_Bot', position=0, position_by=0))"
2025-12-03 15:44:46.866548,USDJPYm,-1,SELL,155.384,0.01,20,40,"OrderSendResult(retcode=10031, deal=0, order=0, volume=0.0, price=0.0, bid=0.0, ask=0.0, comment='Request rejected due to absence of network connection', request_id=1207956662, retcode_external=0, request=TradeRequest(action=1, magic=234000, order=0, symbol='USDJPYm', volume=0.01, price=155.378, stoplimit=0.0, sl=155.57799999999997, tp=154.97799999999998, deviation=20, type=1, type_filling=0, type_time=0, expiration=0, comment='Phase6_Bot', position=0, position_by=0))"
2025-12-04 07:00:01.027180,USDJPYm,-1,SELL,155.378,0.01,20,40,"OrderSendResult(retcode=10031, deal=0, order=0, volume=0.0, price=0.0, bid=0.0, ask=0.0, comment='Request rejected due to absence of network connection', request_id=0, retcode_external=0, request=TradeRequest(action=1, magic=234000, order=0, symbol='USDJPYm', volume=0.01, price=155.378, stoplimit=0.0, sl=155.57799999999997, tp=154.97799999999998, deviation=20, type=1, type_filling=0, type_time=0, expiration=0, comment='Phase6_Bot', position=0, position_by=0))"
2025-12-04 07:00:31.053636,USDJPYm,-1,SELL,155.378,0.01,20,40,"OrderSendResult(retcode=10031, deal=0, order=0, volume=0.0, price=0.0, bid=0.0, ask=0.0, comment='Request rejected due to absence of network connection', request_id=0, retcode_external=0, request=TradeRequest(action=1, magic=234000, order=0, symbol='USDJPYm', volume=0.01, price=155.378, stoplimit=0.0, sl=155.57799999999997, tp=154.97799999999998, deviation=20, type=1, type_filling=0, type_time=0, expiration=0, comment='Phase6_Bot', position=0, position_by=0))"
2025-12-04 07:01:01.076342,USDJPYm,-1,SELL,155.378,0.01,20,40,"OrderSendResult(retcode=10031, deal=0, order=0, volume=0.0, price=0.0, bid=0.0, ask=0.0, comment='Request rejected due to absence of network connection', request_id=0, retcode_external=0, request=TradeRequest(action=1, magic=234000, order=0, symbol='USDJPYm', volume=0.01, price=155.378, stoplimit=0.0, sl=155.57799999999997, tp=154.97799999999998, deviation=20, type=1, type_filling=0, type_time=0, expiration=0, comment='Phase6_Bot', position=0, position_by=0))"
2025-12-04 07:01:31.096840,USDJPYm,-1,SELL,155.378,0.01,20,40,"OrderSendResult(retcode=10031, deal=0, order=0, volume=0.0, price=0.0, bid=0.0, ask=0.0, comment='Request rejected due to absence of network connection', request_id=0, retcode_external=0, request=TradeRequest(action=1, magic=234000, order=0, symbol='USDJPYm', volume=0.01, price=155.378, stoplimit=0.0, sl=155.57799999999997, tp=154.97799999999998, deviation=20, type=1, type_filling=0, type_time=0, expiration=0, comment='Phase6_Bot', position=0, position_by=0))"
2025-12-04 07:02:01.115870,USDJPYm,-1,SELL,155.378,0.01,20,40,"OrderSendResult(retcode=10031, deal=0, order=0, volume=0.0, price=0.0, bid=0.0, ask=0.0, comment='Request rejected due to absence of network connection', request_id=0, retcode_external=0, request=TradeRequest(action=1, magic=234000, order=0, symbol='USDJPYm', volume=0.01, price=155.378, stoplimit=0.0, sl=155.57799999999997, tp=154.97799999999998, deviation=20, type=1, type_filling=0, type_time=0, expiration=0, comment='Phase6_Bot', position=0, position_by=0))"
2025-12-04 07:02:31.141656,USDJPYm,-1,SELL,155.378,0.01,20,40,"OrderSendResult(retcode=10031, deal=0, order=0, volume=0.0, price=0.0, bid=0.0, ask=0.0, comment='Request rejected due to absence of network connection', request_id=0, retcode_external=0, request=TradeRequest(action=1, magic=234000, order=0, symbol='USDJPYm', volume=0.01, price=155.378, stoplimit=0.0, sl=155.57799999999997, tp=154.97799999999998, deviation=20, type=1, type_filling=0, type_time=0, expiration=0, comment='Phase6_Bot', position=0, position_by=0))"
2025-12-04 07:03:01.165411,USDJPYm,-1,SELL,155.378,0.01,20,40,"OrderSendResult(retcode=10031, deal=0, order=0, volume=0.0, price=0.0, bid=0.0, ask=0.0, comment='Request rejected due to absence of network connection', request_id=0, retcode_external=0, request=TradeRequest(action=1, magic=234000, order=0, symbol='USDJPYm', volume=0.01, price=155.378, stoplimit=0.0, sl=155.57799999999997, tp=154.97799999999998, deviation=20, type=1, type_filling=0, type_time=0, expiration=0, comment='Phase6_Bot', position=0, position_by=0))"
2025-12-04 07:03:31.183706,USDJPYm,-1,SELL,155.378,0.01,20,40,"OrderSendResult(retcode=10031, deal=0, order=0, volume=0.0, price=0.0, bid=0.0, ask=0.0, comment='Request rejected due to absence of network connection', request_id=0, retcode_external=0, request=TradeRequest(action=1, magic=234000, order=0, symbol='USDJPYm', volume=0.01, price=155.378, stoplimit=0.0, sl=155.57799999999997, tp=154.97799999999998, deviation=20, type=1, type_filling=0, type_time=0, expiration=0, comment='Phase6_Bot', position=0, position_by=0))"
2025-12-04 07:04:01.204945,USDJPYm,-1,SELL,155.378,0.01,20,40,"OrderSendResult(retcode=10031, deal=0, order=0, volume=0.0, price=0.0, bid=0.0, ask=0.0, comment='Request rejected due to absence of network connection', request_id=0, retcode_external=0, request=TradeRequest(action=1, magic=234000, order=0, symbol='USDJPYm', volume=0.01, price=155.378, stoplimit=0.0, sl=155.57799999999997, tp=154.97799999999998, deviation=20, type=1, type_filling=0, type_time=0, expiration=0, comment='Phase6_Bot', position=0, position_by=0))"
2025-12-04 07:04:31.222367,USDJPYm,-1,SELL,155.378,0.01,20,40,"OrderSendResult(retcode=10031, deal=0, order=0, volume=0.0, price=0.0, bid=0.0, ask=0.0, comment='Request rejected due to absence of network connection', request_id=0, retcode_external=0, request=TradeRequest(action=1, magic=234000, order=0, symbol='USDJPYm', volume=0.01, price=155.378, stoplimit=0.0, sl=155.57799999999997, tp=154.97799999999998, deviation=20, type=1, type_filling=0, type_time=0, expiration=0, comment='Phase6_Bot', position=0, position_by=0))"
2025-12-04 07:05:01.243839,USDJPYm,-1,SELL,155.378,0.01,20,40,"OrderSendResult(retcode=10031, deal=0, order=0, volume=0.0, price=0.0, bid=0.0, ask=0.0, comment='Request rejected due to absence of network connection', request_id=0, retcode_external=0, request=TradeRequest(action=1, magic=234000, order=0, symbol='USDJPYm', volume=0.01, price=155.378, stoplimit=0.0, sl=155.57799999999997, tp=154.97799999999998, deviation=20, type=1, type_filling=0, type_time=0, expiration=0, comment='Phase6_Bot', position=0, position_by=0))"
2025-12-04 07:07:14.009248,USDJPYm,-1,SELL,155.378,0.01,20,40,"OrderSendResult(retcode=10031, deal=0, order=0, volume=0.0, price=0.0, bid=0.0, ask=0.0, comment='Request rejected due to absence of network connection', request_id=0, retcode_external=0, request=TradeRequest(action=1, magic=234000, order=0, symbol='USDJPYm', volume=0.01, price=155.378, stoplimit=0.0, sl=155.57799999999997, tp=154.97799999999998, deviation=20, type=1, type_filling=0, type_time=0, expiration=0, comment='Phase6_Bot', position=0, position_by=0))"
2025-12-04 07:07:44.044906,USDJPYm,-1,SELL,155.378,0.01,20,40,"OrderSendResult(retcode=10031, deal=0, order=0, volume=0.0, price=0.0, bid=0.0, ask=0.0, comment='Request rejected due to absence of network connection', request_id=0, retcode_external=0, request=TradeRequest(action=1, magic=234000, order=0, symbol='USDJPYm', volume=0.01, price=155.378, stoplimit=0.0, sl=155.57799999999997, tp=154.97799999999998, deviation=20, type=1, type_filling=0, type_time=0, expiration=0, comment='Phase6_Bot', position=0, position_by=0))"
2025-12-04 07:08:14.071703,USDJPYm,-1,SELL,155.378,0.01,20,40,"OrderSendResult(retcode=10031, deal=0, order=0, volume=0.0, price=0.0, bid=0.0, ask=0.0, comment='Request rejected due to absence of network connection', request_id=0, retcode_external=0, request=TradeRequest(action=1, magic=234000, order=0, symbol='USDJPYm', volume=0.01, price=155.378, stoplimit=0.0, sl=155.57799999999997, tp=154.97799999999998, deviation=20, type=1, type_filling=0, type_time=0, expiration=0, comment='Phase6_Bot', position=0, position_by=0))"
2025-12-04 07:08:44.091683,USDJPYm,-1,SELL,155.378,0.01,20,40,"OrderSendResult(retcode=10031, deal=0, order=0, volume=0.0, price=0.0, bid=0.0, ask=0.0, comment='Request rejected due to absence of network connection', request_id=0, retcode_external=0, request=TradeRequest(action=1, magic=234000, order=0, symbol='USDJPYm', volume=0.01, price=155.378, stoplimit=0.0, sl=155.57799999999997, tp=154.97799999999998, deviation=20, type=1, type_filling=0, type_time=0, expiration=0, comment='Phase6_Bot', position=0, position_by=0))"
2025-12-04 07:09:14.111860,USDJPYm,-1,SELL,155.378,0.01,20,40,"OrderSendResult(retcode=10031, deal=0, order=0, volume=0.0, price=0.0, bid=0.0, ask=0.0, comment='Request rejected due to absence of network connection', request_id=0, retcode_external=0, request=TradeRequest(action=1, magic=234000, order=0, symbol='USDJPYm', volume=0.01, price=155.378, stoplimit=0.0, sl=155.57799999999997, tp=154.97799999999998, deviation=20, type=1, type_filling=0, type_time=0, expiration=0, comment='Phase6_Bot', position=0, position_by=0))"
2025-12-04 07:09:44.132935,USDJPYm,-1,SELL,155.378,0.01,20,40,"OrderSendResult(retcode=10031, deal=0, order=0, volume=0.0, price=0.0, bid=0.0, ask=0.0, comment='Request rejected due to absence of network connection', request_id=0, retcode_external=0, request=TradeRequest(action=1, magic=234000, order=0, symbol='USDJPYm', volume=0.01, price=155.378, stoplimit=0.0, sl=155.57799999999997, tp=154.97799999999998, deviation=20, type=1, type_filling=0, type_time=0, expiration=0, comment='Phase6_Bot', position=0, position_by=0))"
2025-12-04 07:10:14.149715,USDJPYm,-1,SELL,155.378,0.01,20,40,"OrderSendResult(retcode=10031, deal=0, order=0, volume=0.0, price=0.0, bid=0.0, ask=0.0, comment='Request rejected due to absence of network connection', request_id=0, retcode_external=0, request=TradeRequest(action=1, magic=234000, order=0, symbol='USDJPYm', volume=0.01, price=155.378, stoplimit=0.0, sl=155.57799999999997, tp=154.97799999999998, deviation=20, type=1, type_filling=0, type_time=0, expiration=0, comment='Phase6_Bot', position=0, position_by=0))"
2025-12-04 07:10:44.166516,USDJPYm,-1,SELL,155.378,0.01,20,40,"OrderSendResult(retcode=10031, deal=0, order=0, volume=0.0, price=0.0, bid=0.0, ask=0.0, comment='Request rejected due to absence of network connection', request_id=0, retcode_external=0, request=TradeRequest(action=1, magic=234000, order=0, symbol='USDJPYm', volume=0.01, price=155.378, stoplimit=0.0, sl=155.57799999999997, tp=154.97799999999998, deviation=20, type=1, type_filling=0, type_time=0, expiration=0, comment='Phase6_Bot', position=0, position_by=0))"
2025-12-04 07:11:14.183833,USDJPYm,-1,SELL,155.378,0.01,20,40,"OrderSendResult(retcode=10031, deal=0, order=0, volume=0.0, price=0.0, bid=0.0, ask=0.0, comment='Request rejected due to absence of network connection', request_id=0, retcode_external=0, request=TradeRequest(action=1, magic=234000, order=0, symbol='USDJPYm', volume=0.01, price=155.378, stoplimit=0.0, sl=155.57799999999997, tp=154.97799999999998, deviation=20, type=1, type_filling=0, type_time=0, expiration=0, comment='Phase6_Bot', position=0, position_by=0))"
2025-12-04 07:11:44.200244,USDJPYm,-1,SELL,155.378,0.01,20,40,"OrderSendResult(retcode=10031, deal=0, order=0, volume=0.0, price=0.0, bid=0.0, ask=0.0, comment='Request rejected due to absence of network connection', request_id=0, retcode_external=0, request=TradeRequest(action=1, magic=234000, order=0, symbol='USDJPYm', volume=0.01, price=155.378, stoplimit=0.0, sl=155.57799999999997, tp=154.97799999999998, deviation=20, type=1, type_filling=0, type_time=0, expiration=0, comment='Phase6_Bot', position=0, position_by=0))"
2025-12-04 07:12:14.243357,USDJPYm,-1,SELL,155.378,0.01,20,40,"OrderSendResult(retcode=10031, deal=0, order=0, volume=0.0, price=0.0, bid=0.0, ask=0.0, comment='Request rejected due to absence of network connection', request_id=0, retcode_external=0, request=TradeRequest(action=1, magic=234000, order=0, symbol='USDJPYm', volume=0.01, price=155.378, stoplimit=0.0, sl=155.57799999999997, tp=154.97799999999998, deviation=20, type=1, type_filling=0, type_time=0, expiration=0, comment='Phase6_Bot', position=0, position_by=0))"
2025-12-04 07:12:44.263481,USDJPYm,-1,SELL,155.378,0.01,20,40,"OrderSendResult(retcode=10031, deal=0, order=0, volume=0.0, price=0.0, bid=0.0, ask=0.0, comment='Request rejected due to absence of network connection', request_id=0, retcode_external=0, request=TradeRequest(action=1, magic=234000, order=0, symbol='USDJPYm', volume=0.01, price=155.378, stoplimit=0.0, sl=155.57799999999997, tp=154.97799999999998, deviation=20, type=1, type_filling=0, type_time=0, expiration=0, comment='Phase6_Bot', position=0, position_by=0))"
2025-12-04 07:13:14.281935,USDJPYm,-1,SELL,155.378,0.01,20,40,"OrderSendResult(retcode=10031, deal=0, order=0, volume=0.0, price=0.0, bid=0.0, ask=0.0, comment='Request rejected due to absence of network connection', request_id=0, retcode_external=0, request=TradeRequest(action=1, magic=234000, order=0, symbol='USDJPYm', volume=0.01, price=155.378, stoplimit=0.0, sl=155.57799999999997, tp=154.97799999999998, deviation=20, type=1, type_filling=0, type_time=0, expiration=0, comment='Phase6_Bot', position=0, position_by=0))"
